name,cluster,data
NO.0,2,-104.0,6.0,0.0,0.0
NO.1,0,210.0,64.0,10.0,-10.0
NO.2,2,-151.0,71.0,-9.0,9.0
NO.3,2,21.0,55.0,-1.0,1.0
NO.4,1,-201.0,11.0,-1.0,1.0
NO.5,2,-133.0,5.0,1.0,-1.0
NO.6,0,204.0,136.0,-12.0,12.0
NO.7,2,-127.0,45.0,-11.0,11.0
NO.8,2,-16.0,12.0,4.0,-4.0
NO.9,1,-371.0,67.0,-3.0,3.0
NO.10,2,-188.0,68.0,4.0,-4.0
NO.11,2,-7.0,1.0,-1.0,1.0
NO.12,2,136.0,96.0,0.0,0.0
NO.13,2,-4.0,44.0,4.0,-4.0
NO.14,2,-188.0,28.0,4.0,-4.0
NO.15,2,-47.0,21.0,1.0,-1.0
NO.16,0,432.0,76.0,0.0,0.0
NO.17,2,-20.0,0.0,0.0,0.0
NO.18,2,52.0,68.0,-12.0,12.0
NO.19,0,347.0,121.0,7.0,-7.0
NO.20,2,89.0,47.0,-29.0,29.0
NO.21,2,-98.0,126.0,14.0,-14.0
NO.22,2,-169.0,69.0,7.0,-7.0
NO.23,2,-3.0,71.0,-5.0,5.0
NO.24,2,94.0,74.0,-12.0,12.0
NO.25,2,188.0,98.0,6.0,-6.0
NO.26,2,-65.0,33.0,-1.0,1.0
NO.27,0,288.0,52.0,-6.0,6.0
NO.28,1,-281.0,35.0,-9.0,9.0
NO.29,1,-224.0,-6.0,8.0,-8.0
NO.30,2,-128.0,74.0,0.0,0.0
NO.31,0,225.0,73.0,-19.0,19.0
NO.32,2,63.0,63.0,7.0,-7.0
NO.33,2,-22.0,16.0,0.0,0.0
NO.34,2,-40.0,20.0,-8.0,8.0
NO.35,0,286.0,86.0,0.0,0.0
NO.36,2,-8.0,0.0,-16.0,16.0
NO.37,2,0.0,112.0,0.0,0.0
NO.38,2,-1.0,61.0,3.0,-3.0
NO.39,2,-3.0,-35.0,7.0,-7.0
NO.40,2,-51.0,-17.0,-17.0,17.0
NO.41,2,95.0,65.0,-3.0,3.0
NO.42,1,-246.0,-56.0,0.0,0.0
NO.43,1,-372.0,-38.0,0.0,0.0
NO.44,2,32.0,30.0,0.0,0.0
NO.45,2,-177.0,-23.0,-5.0,5.0
NO.46,0,308.0,16.0,-6.0,6.0
NO.47,2,-145.0,27.0,-29.0,29.0
NO.48,1,-434.0,0.0,-16.0,16.0
NO.49,2,-100.0,-26.0,2.0,-2.0
NO.50,2,-154.0,-42.0,0.0,0.0
NO.51,2,78.0,96.0,0.0,0.0
NO.52,2,156.0,-2.0,0.0,0.0
NO.53,2,18.0,0.0,0.0,0.0
NO.54,2,10.0,-10.0,-10.0,10.0
NO.55,2,140.0,78.0,0.0,0.0
NO.56,2,64.0,18.0,0.0,0.0
NO.57,2,-40.0,-40.0,0.0,0.0
NO.58,2,18.0,18.0,0.0,0.0
NO.59,0,239.0,73.0,-11.0,11.0
NO.60,2,-126.0,0.0,0.0,0.0
NO.61,2,14.0,56.0,-14.0,14.0
NO.62,2,-70.0,0.0,-14.0,14.0
NO.63,2,30.0,26.0,-2.0,2.0
NO.64,2,64.0,28.0,-10.0,10.0
NO.65,2,-87.0,-3.0,-15.0,15.0
NO.66,2,14.0,40.0,-6.0,6.0
NO.67,2,112.0,38.0,0.0,0.0
NO.68,1,-315.0,29.0,-9.0,9.0
NO.69,1,-352.0,-8.0,0.0,0.0
NO.70,2,-28.0,16.0,-14.0,14.0
NO.71,2,0.0,8.0,0.0,0.0
NO.72,1,-322.0,14.0,-28.0,28.0
NO.73,1,-734.0,-66.0,10.0,-10.0
NO.74,2,-36.0,0.0,0.0,0.0
NO.75,2,-35.0,33.0,-7.0,7.0
NO.76,1,-329.0,-49.0,7.0,-7.0
NO.77,2,-74.0,14.0,-14.0,14.0
NO.78,2,98.0,98.0,-14.0,14.0
NO.79,2,53.0,7.0,-17.0,17.0
NO.80,2,12.0,10.0,0.0,0.0
NO.81,2,-131.0,19.0,5.0,-5.0
NO.82,1,-334.0,38.0,-12.0,12.0
NO.83,2,-116.0,8.0,-6.0,6.0
NO.84,2,-171.0,-55.0,9.0,-9.0
NO.85,2,161.0,47.0,-9.0,9.0
NO.86,1,-295.0,-27.0,-9.0,9.0
NO.87,2,-42.0,18.0,0.0,0.0
NO.88,2,-72.0,-36.0,0.0,0.0
NO.89,2,-114.0,-6.0,-2.0,2.0
NO.90,2,-193.0,-15.0,-29.0,29.0
NO.91,2,-65.0,45.0,-23.0,23.0
NO.92,2,114.0,34.0,0.0,0.0
NO.93,2,-14.0,0.0,0.0,0.0
NO.94,2,-63.0,29.0,-9.0,9.0
NO.95,2,122.0,28.0,-10.0,10.0
NO.96,2,48.0,22.0,4.0,-4.0
NO.97,2,-84.0,-8.0,6.0,-6.0
NO.98,1,-417.0,-3.0,-39.0,39.0
NO.99,2,18.0,20.0,-20.0,20.0
NO.100,2,-103.0,-3.0,-1.0,1.0
NO.101,2,-67.0,-87.0,9.0,-9.0
NO.102,2,9.0,-9.0,-9.0,9.0
NO.103,2,12.0,6.0,-18.0,18.0
NO.104,2,182.0,28.0,14.0,-14.0
NO.105,0,306.0,68.0,0.0,0.0
NO.106,2,55.0,67.0,-11.0,11.0
NO.107,2,-78.0,42.0,-6.0,6.0
NO.108,2,138.0,58.0,0.0,0.0
NO.109,2,-14.0,38.0,0.0,0.0
NO.110,2,-24.0,20.0,-8.0,8.0
NO.111,2,35.0,7.0,7.0,-7.0
NO.112,2,-38.0,-28.0,-6.0,6.0
NO.113,0,237.0,-11.0,-11.0,11.0
NO.114,2,-94.0,-128.0,4.0,-4.0
NO.115,1,-292.0,16.0,0.0,0.0
NO.116,2,152.0,-112.0,0.0,0.0
NO.117,2,17.0,13.0,-5.0,5.0
NO.118,2,85.0,9.0,-9.0,9.0
NO.119,2,-53.0,33.0,5.0,-5.0
NO.120,0,263.0,15.0,-5.0,5.0
NO.121,2,2.0,-56.0,-12.0,12.0
NO.122,2,-83.0,-45.0,1.0,-1.0
NO.123,2,92.0,40.0,0.0,0.0
NO.124,2,188.0,-36.0,4.0,-4.0
NO.125,0,249.0,17.0,-3.0,3.0
NO.126,2,63.0,-9.0,9.0,-9.0
NO.127,2,125.0,-15.0,3.0,-3.0
NO.128,2,92.0,-20.0,4.0,-4.0
NO.129,2,157.0,25.0,-5.0,5.0
NO.130,2,70.0,-28.0,14.0,-14.0
NO.131,2,-32.0,-40.0,0.0,0.0
NO.132,0,328.0,78.0,0.0,0.0
NO.133,2,-28.0,-14.0,0.0,0.0
NO.134,2,9.0,9.0,9.0,-9.0
NO.135,2,6.0,-6.0,0.0,0.0
NO.136,0,252.0,96.0,0.0,0.0
NO.137,0,239.0,47.0,9.0,-9.0
NO.138,2,98.0,42.0,0.0,0.0
NO.139,0,244.0,38.0,0.0,0.0
NO.140,2,154.0,4.0,0.0,0.0
NO.141,0,614.0,66.0,10.0,-10.0
NO.142,2,140.0,20.0,0.0,0.0
NO.143,2,62.0,-12.0,12.0,-12.0
NO.144,2,131.0,27.0,-9.0,9.0
NO.145,2,20.0,0.0,0.0,0.0
NO.146,0,252.0,4.0,-4.0,4.0
NO.147,2,-139.0,-11.0,1.0,-1.0
NO.148,2,93.0,13.0,-1.0,1.0
NO.149,2,-72.0,-86.0,28.0,-28.0
NO.150,2,5.0,-1.0,5.0,-5.0
NO.151,2,0.0,0.0,0.0,0.0
NO.152,2,152.0,18.0,0.0,0.0
NO.153,0,322.0,24.0,8.0,-8.0
NO.154,2,170.0,28.0,0.0,0.0
NO.155,2,43.0,-13.0,-23.0,23.0
NO.156,0,218.0,0.0,0.0,0.0
NO.157,2,-73.0,-23.0,1.0,-1.0
NO.158,2,-38.0,12.0,-4.0,4.0
NO.159,2,0.0,0.0,0.0,0.0
NO.160,2,76.0,8.0,0.0,0.0
NO.161,2,0.0,0.0,0.0,0.0
NO.162,2,108.0,-78.0,0.0,0.0
NO.163,2,60.0,-20.0,0.0,0.0
NO.164,0,318.0,-56.0,0.0,0.0
NO.165,2,55.0,5.0,5.0,-5.0
NO.166,0,218.0,8.0,-16.0,16.0
NO.167,2,-90.0,0.0,0.0,0.0
NO.168,2,-52.0,2.0,0.0,0.0
NO.169,2,12.0,-2.0,-4.0,4.0
NO.170,2,128.0,2.0,-4.0,4.0
NO.171,2,141.0,37.0,-13.0,13.0
NO.172,2,28.0,-106.0,10.0,-10.0
NO.173,0,272.0,-88.0,2.0,-2.0
NO.174,2,56.0,-62.0,-2.0,2.0
NO.175,2,72.0,-82.0,0.0,0.0
NO.176,2,131.0,-69.0,5.0,-5.0
NO.177,2,17.0,-35.0,5.0,-5.0
NO.178,2,99.0,-27.0,-3.0,3.0
NO.179,0,319.0,-93.0,7.0,-7.0
NO.180,2,9.0,-63.0,9.0,-9.0
NO.181,2,-27.0,-47.0,-3.0,3.0
NO.182,2,160.0,-40.0,-4.0,4.0
NO.183,2,192.0,-76.0,0.0,0.0
NO.184,0,214.0,22.0,0.0,0.0
NO.185,2,80.0,0.0,0.0,0.0
NO.186,2,154.0,-60.0,0.0,0.0
NO.187,0,327.0,-143.0,5.0,-5.0
NO.188,0,228.0,-70.0,0.0,0.0
NO.189,2,134.0,-144.0,4.0,-4.0
NO.190,2,44.0,-48.0,0.0,0.0
NO.191,2,118.0,-164.0,10.0,-10.0
NO.192,2,185.0,-101.0,5.0,-5.0
NO.193,2,185.0,-147.0,19.0,-19.0
NO.194,2,160.0,-208.0,6.0,-6.0
NO.195,0,391.0,-355.0,19.0,-19.0
NO.196,2,19.0,-133.0,19.0,-19.0
NO.197,2,-5.0,-171.0,1.0,-1.0
NO.198,0,256.0,-132.0,8.0,-8.0
NO.199,0,459.0,-263.0,21.0,-21.0
NO.200,2,166.0,-72.0,0.0,0.0
NO.201,2,-60.0,10.0,0.0,0.0
NO.202,2,-91.0,-77.0,7.0,-7.0
NO.203,2,137.0,-69.0,5.0,-5.0
NO.204,2,70.0,-68.0,4.0,-4.0
NO.205,2,176.0,-24.0,0.0,0.0
NO.206,2,28.0,-20.0,0.0,0.0
NO.207,1,-367.0,-223.0,-7.0,7.0
NO.208,1,-620.0,-236.0,22.0,-22.0
NO.209,1,-277.0,-163.0,-29.0,29.0
NO.210,0,274.0,-140.0,0.0,0.0
NO.211,2,21.0,-105.0,-7.0,7.0
NO.212,2,162.0,-82.0,-26.0,26.0
NO.213,2,-29.0,-63.0,5.0,-5.0
NO.214,2,182.0,-70.0,0.0,0.0
NO.215,0,258.0,-26.0,0.0,0.0
NO.216,2,-31.0,-19.0,-11.0,11.0
NO.217,2,-148.0,-38.0,0.0,0.0
NO.218,2,-62.0,-18.0,-6.0,6.0
NO.219,2,-110.0,20.0,0.0,0.0
NO.220,2,18.0,-54.0,0.0,0.0
NO.221,2,160.0,-48.0,-6.0,6.0
NO.222,2,133.0,-125.0,7.0,-7.0
NO.223,2,73.0,-87.0,1.0,-1.0
NO.224,2,50.0,-212.0,0.0,0.0
NO.225,0,276.0,-190.0,0.0,0.0
NO.226,2,146.0,-88.0,-2.0,2.0
NO.227,2,9.0,-77.0,-1.0,1.0
NO.228,2,-36.0,-60.0,-2.0,2.0
NO.229,2,-31.0,-83.0,9.0,-9.0
NO.230,2,205.0,-67.0,-3.0,3.0
NO.231,2,-144.0,54.0,0.0,0.0
NO.232,1,-336.0,130.0,0.0,0.0
NO.233,2,-69.0,-211.0,19.0,-19.0
NO.234,1,-210.0,-56.0,14.0,-14.0
NO.235,1,-253.0,11.0,-13.0,13.0
NO.236,2,-148.0,-92.0,2.0,-2.0
NO.237,2,-100.0,-194.0,12.0,-12.0
NO.238,2,64.0,-70.0,10.0,-10.0
NO.239,2,76.0,-60.0,-22.0,22.0
NO.240,0,696.0,-106.0,-30.0,30.0
NO.241,2,-62.0,-34.0,10.0,-10.0
NO.242,2,-85.0,-51.0,-1.0,1.0
NO.243,2,18.0,-8.0,8.0,-8.0
NO.244,2,46.0,-278.0,28.0,-28.0
NO.245,1,-223.0,-207.0,3.0,-3.0
NO.246,2,25.0,-49.0,-1.0,1.0
NO.247,2,-16.0,-26.0,0.0,0.0
NO.248,2,-53.0,-71.0,1.0,-1.0
NO.249,2,27.0,-53.0,15.0,-15.0
NO.250,2,-151.0,-143.0,-7.0,7.0
NO.251,2,-36.0,-76.0,-4.0,4.0
NO.252,2,-74.0,0.0,0.0,0.0
NO.253,1,-219.0,-81.0,-9.0,9.0
NO.254,2,95.0,79.0,11.0,-11.0
NO.255,2,-12.0,-114.0,-4.0,4.0
NO.256,2,-146.0,-114.0,12.0,-12.0
NO.257,2,-2.0,74.0,-14.0,14.0
NO.258,2,-65.0,-11.0,-9.0,9.0
NO.259,2,161.0,-21.0,7.0,-7.0
NO.260,2,-109.0,-1.0,-37.0,37.0
NO.261,2,58.0,-68.0,0.0,0.0
NO.262,2,173.0,-3.0,9.0,-9.0
NO.263,0,920.0,-76.0,-38.0,38.0
NO.264,0,2074.0,-166.0,-190.0,190.0
NO.265,2,178.0,-148.0,-8.0,8.0
NO.266,2,-6.0,30.0,-2.0,2.0
NO.267,2,41.0,-47.0,17.0,-17.0
NO.268,2,125.0,39.0,5.0,-5.0
NO.269,2,0.0,36.0,0.0,0.0
NO.270,2,169.0,47.0,11.0,-11.0
NO.271,0,327.0,29.0,9.0,-9.0
NO.272,2,105.0,41.0,-5.0,5.0
NO.273,2,46.0,40.0,4.0,-4.0
NO.274,0,245.0,57.0,-11.0,11.0
NO.275,2,47.0,15.0,-5.0,5.0
NO.276,2,18.0,2.0,14.0,-14.0
NO.277,2,153.0,35.0,-7.0,7.0
NO.278,2,0.0,0.0,0.0,0.0
NO.279,0,248.0,32.0,0.0,0.0
NO.280,2,63.0,17.0,-15.0,15.0
NO.281,2,44.0,8.0,-14.0,14.0
NO.282,2,-20.0,-10.0,0.0,0.0
NO.283,2,90.0,18.0,-6.0,6.0
NO.284,2,164.0,62.0,6.0,-6.0
NO.285,2,-138.0,-20.0,-6.0,6.0
NO.286,2,192.0,58.0,0.0,0.0
NO.287,2,18.0,-2.0,-12.0,12.0
NO.288,2,-10.0,10.0,10.0,-10.0
NO.289,0,530.0,40.0,-20.0,20.0
NO.290,2,-5.0,47.0,-5.0,5.0
NO.291,1,-276.0,-46.0,12.0,-12.0
NO.292,2,-85.0,15.0,-17.0,17.0
NO.293,2,84.0,28.0,-10.0,10.0
NO.294,2,108.0,34.0,-16.0,16.0
NO.295,2,70.0,56.0,0.0,0.0
NO.296,0,495.0,103.0,-9.0,9.0
NO.297,2,22.0,64.0,6.0,-6.0
NO.298,0,266.0,46.0,0.0,0.0
NO.299,2,157.0,65.0,-9.0,9.0
NO.300,2,43.0,23.0,-11.0,11.0
NO.301,2,142.0,54.0,-14.0,14.0
NO.302,0,252.0,98.0,-18.0,18.0
NO.303,2,70.0,10.0,10.0,-10.0
NO.304,0,600.0,68.0,-22.0,22.0
NO.305,2,183.0,61.0,-5.0,5.0
NO.306,0,280.0,54.0,-16.0,16.0
NO.307,2,48.0,0.0,0.0,0.0
NO.308,2,157.0,63.0,-19.0,19.0
NO.309,0,364.0,36.0,-4.0,4.0
NO.310,0,512.0,112.0,0.0,0.0
NO.311,2,-71.0,-11.0,11.0,-11.0
NO.312,2,101.0,49.0,-15.0,15.0
NO.313,0,273.0,93.0,-21.0,21.0
NO.314,0,220.0,76.0,-26.0,26.0
NO.315,2,18.0,34.0,0.0,0.0
NO.316,2,21.0,1.0,-19.0,19.0
NO.317,2,11.0,-9.0,-9.0,9.0
NO.318,0,332.0,66.0,-10.0,10.0
NO.319,2,-12.0,-6.0,-2.0,2.0
NO.320,2,146.0,56.0,0.0,0.0
NO.321,2,20.0,8.0,-2.0,2.0
NO.322,2,79.0,21.0,-7.0,7.0
NO.323,0,245.0,35.0,-7.0,7.0
NO.324,0,1425.0,-57.0,-113.0,113.0
NO.325,0,552.0,18.0,-38.0,38.0
NO.326,2,99.0,27.0,-9.0,9.0
NO.327,2,-45.0,17.0,-11.0,11.0
NO.328,2,-54.0,20.0,0.0,0.0
NO.329,2,-144.0,0.0,8.0,-8.0
NO.330,0,369.0,19.0,-19.0,19.0
NO.331,2,152.0,32.0,-8.0,8.0
NO.332,2,161.0,29.0,3.0,-3.0
NO.333,2,114.0,16.0,-6.0,6.0
NO.334,2,101.0,57.0,-9.0,9.0
NO.335,0,575.0,55.0,-31.0,31.0
NO.336,0,402.0,44.0,-6.0,6.0
NO.337,2,62.0,28.0,6.0,-6.0
NO.338,2,35.0,35.0,7.0,-7.0
NO.339,2,42.0,12.0,-6.0,6.0
NO.340,2,0.0,0.0,0.0,0.0
NO.341,2,35.0,25.0,-25.0,25.0
NO.342,2,132.0,68.0,-4.0,4.0
NO.343,2,66.0,36.0,-10.0,10.0
NO.344,2,54.0,18.0,0.0,0.0
NO.345,2,0.0,0.0,0.0,0.0
NO.346,2,-63.0,35.0,7.0,-7.0
NO.347,2,-156.0,-56.0,-34.0,34.0
NO.348,2,59.0,-1.0,-7.0,7.0
NO.349,2,54.0,18.0,0.0,0.0
NO.350,2,161.0,63.0,-7.0,7.0
NO.351,2,-35.0,-35.0,21.0,-21.0
NO.352,2,48.0,-6.0,0.0,0.0
NO.353,2,-55.0,59.0,29.0,-29.0
NO.354,2,69.0,37.0,-7.0,7.0
NO.355,2,141.0,37.0,-9.0,9.0
NO.356,2,24.0,8.0,-32.0,32.0
NO.357,2,-18.0,36.0,-8.0,8.0
NO.358,2,132.0,-22.0,-22.0,22.0
NO.359,0,355.0,-163.0,3.0,-3.0
NO.360,0,212.0,-120.0,-6.0,6.0
NO.361,2,201.0,-13.0,-9.0,9.0
NO.362,0,350.0,70.0,-24.0,24.0
NO.363,2,4.0,-154.0,0.0,0.0
NO.364,0,235.0,-115.0,-17.0,17.0
NO.365,0,242.0,-54.0,0.0,0.0
NO.366,2,106.0,-100.0,10.0,-10.0
NO.367,0,338.0,-282.0,16.0,-16.0
NO.368,2,14.0,42.0,-14.0,14.0
NO.369,0,323.0,-21.0,-15.0,15.0
NO.370,1,-566.0,-250.0,-56.0,56.0
NO.371,0,637.0,7.0,-21.0,21.0
NO.372,2,190.0,30.0,28.0,-28.0
NO.373,0,330.0,-66.0,10.0,-10.0
NO.374,2,194.0,-4.0,0.0,0.0
NO.375,0,209.0,-73.0,-19.0,19.0
NO.376,2,172.0,-60.0,0.0,0.0
NO.377,0,300.0,54.0,0.0,0.0
NO.378,0,222.0,22.0,-22.0,22.0
NO.379,0,360.0,-62.0,-6.0,6.0
NO.380,0,412.0,36.0,0.0,0.0
NO.381,2,160.0,-92.0,-34.0,34.0
NO.382,2,192.0,24.0,-8.0,8.0
NO.383,2,-66.0,-158.0,28.0,-28.0
NO.384,0,463.0,-221.0,9.0,-9.0
NO.385,2,180.0,28.0,-4.0,4.0
NO.386,2,32.0,152.0,-38.0,38.0
NO.387,0,351.0,-1.0,-3.0,3.0
NO.388,0,326.0,8.0,-26.0,26.0
NO.389,0,252.0,-94.0,0.0,0.0
NO.390,0,236.0,0.0,-18.0,18.0
NO.391,0,301.0,-33.0,-3.0,3.0
NO.392,0,632.0,46.0,10.0,-10.0
NO.393,1,-206.0,-188.0,0.0,0.0
NO.394,0,377.0,67.0,-29.0,29.0
NO.395,2,-44.0,-228.0,0.0,0.0
NO.396,2,52.0,-86.0,6.0,-6.0
NO.397,2,-9.0,15.0,5.0,-5.0
NO.398,0,282.0,-24.0,0.0,0.0
NO.399,2,120.0,-52.0,0.0,0.0
NO.400,2,89.0,-57.0,-5.0,5.0
NO.401,2,4.0,-12.0,12.0,-12.0
NO.402,2,93.0,225.0,-37.0,37.0
NO.403,2,-20.0,-58.0,12.0,-12.0
NO.404,2,164.0,-52.0,6.0,-6.0
NO.405,0,378.0,56.0,0.0,0.0
NO.406,2,45.0,-11.0,1.0,-1.0
NO.407,2,-29.0,-19.0,-1.0,1.0
NO.408,2,33.0,-59.0,7.0,-7.0
NO.409,2,-70.0,-28.0,0.0,0.0
NO.410,2,-84.0,-108.0,-28.0,28.0
NO.411,0,265.0,5.0,-3.0,3.0
NO.412,2,-78.0,-6.0,-6.0,6.0
NO.413,2,154.0,-32.0,4.0,-4.0
NO.414,2,-5.0,9.0,3.0,-3.0
NO.415,2,-35.0,25.0,-11.0,11.0
NO.416,2,128.0,-2.0,0.0,0.0
NO.417,0,275.0,67.0,-17.0,17.0
NO.418,2,61.0,-5.0,-7.0,7.0
NO.419,2,194.0,28.0,-10.0,10.0
NO.420,2,89.0,-19.0,1.0,-1.0
NO.421,2,13.0,-27.0,-3.0,3.0
NO.422,2,79.0,-39.0,-1.0,1.0
NO.423,2,-39.0,-73.0,-13.0,13.0
NO.424,2,72.0,-72.0,18.0,-18.0
NO.425,0,274.0,-60.0,-6.0,6.0
NO.426,0,242.0,-36.0,0.0,0.0
NO.427,2,24.0,-152.0,0.0,0.0
NO.428,2,88.0,16.0,0.0,0.0
NO.429,2,-18.0,-6.0,-6.0,6.0
NO.430,2,60.0,-148.0,0.0,0.0
NO.431,2,12.0,-8.0,0.0,0.0
NO.432,2,-4.0,-188.0,12.0,-12.0
NO.433,2,2.0,-154.0,6.0,-6.0
NO.434,2,-90.0,-22.0,2.0,-2.0
NO.435,2,-49.0,-7.0,7.0,-7.0
NO.436,2,-10.0,2.0,4.0,-4.0
NO.437,2,-11.0,-29.0,-1.0,1.0
NO.438,1,-248.0,-64.0,0.0,0.0
NO.439,0,283.0,-41.0,3.0,-3.0
NO.440,2,-26.0,-138.0,-4.0,4.0
NO.441,0,404.0,86.0,-8.0,8.0
NO.442,2,168.0,14.0,-14.0,14.0
NO.443,2,56.0,-154.0,14.0,-14.0
NO.444,2,-57.0,-31.0,-3.0,3.0
NO.445,2,125.0,-179.0,-5.0,5.0
NO.446,2,168.0,-96.0,16.0,-16.0
NO.447,2,0.0,-210.0,28.0,-28.0
NO.448,2,-51.0,7.0,9.0,-9.0
NO.449,2,46.0,-140.0,10.0,-10.0
NO.450,2,8.0,16.0,4.0,-4.0
NO.451,2,1.0,1.0,-1.0,1.0
NO.452,2,144.0,-168.0,0.0,0.0
NO.453,2,-138.0,-18.0,2.0,-2.0
NO.454,2,-7.0,-77.0,-7.0,7.0
NO.455,2,-77.0,-75.0,-7.0,7.0
NO.456,2,-105.0,-177.0,27.0,-27.0
NO.457,2,98.0,-120.0,-2.0,2.0
NO.458,2,36.0,-138.0,22.0,-22.0
NO.459,2,159.0,-67.0,-7.0,7.0
NO.460,2,-6.0,-154.0,20.0,-20.0
NO.461,2,14.0,-98.0,28.0,-28.0
NO.462,2,7.0,-49.0,1.0,-1.0
NO.463,2,-102.0,-182.0,10.0,-10.0
NO.464,2,181.0,-185.0,7.0,-7.0
NO.465,0,454.0,-20.0,0.0,0.0
NO.466,2,15.0,33.0,1.0,-1.0
NO.467,0,626.0,114.0,0.0,0.0
NO.468,2,111.0,-23.0,7.0,-7.0
NO.469,2,16.0,-14.0,-2.0,2.0
NO.470,2,35.0,-95.0,-15.0,15.0
NO.471,2,-23.0,-65.0,17.0,-17.0
NO.472,1,-238.0,-134.0,2.0,-2.0
NO.473,2,147.0,-193.0,19.0,-19.0
NO.474,2,-29.0,-121.0,9.0,-9.0
NO.475,2,-11.0,-127.0,-3.0,3.0
NO.476,2,99.0,-127.0,7.0,-7.0
NO.477,2,-168.0,-132.0,0.0,0.0
NO.478,2,19.0,-223.0,37.0,-37.0
NO.479,2,30.0,-82.0,8.0,-8.0
NO.480,1,-212.0,2.0,-18.0,18.0
NO.481,0,227.0,-19.0,-1.0,1.0
NO.482,1,-393.0,-199.0,29.0,-29.0
NO.483,1,-181.0,-469.0,85.0,-85.0
NO.484,1,-1296.0,-86.0,60.0,-60.0
NO.485,1,-1367.0,-155.0,85.0,-85.0
NO.486,1,-1034.0,-248.0,74.0,-74.0
NO.487,1,-1409.0,-255.0,85.0,-85.0
NO.488,1,-995.0,-347.0,81.0,-81.0
NO.489,1,-1023.0,-17.0,-1.0,1.0
NO.490,1,-865.0,-39.0,19.0,-19.0
NO.491,1,-1020.0,-262.0,78.0,-78.0
NO.492,1,-550.0,-140.0,28.0,-28.0
NO.493,1,-425.0,-167.0,37.0,-37.0
NO.494,1,-766.0,-94.0,64.0,-64.0
NO.495,1,-303.0,-107.0,17.0,-17.0
NO.496,2,60.0,-84.0,4.0,-4.0
NO.497,2,-120.0,8.0,-8.0,8.0
NO.498,2,-49.0,-63.0,7.0,-7.0
NO.499,2,50.0,-56.0,2.0,-2.0
NO.500,2,147.0,-147.0,21.0,-21.0
NO.501,2,190.0,-82.0,-2.0,2.0
NO.502,2,40.0,-144.0,16.0,-16.0
NO.503,2,-79.0,-133.0,3.0,-3.0
NO.504,1,-495.0,-83.0,9.0,-9.0
NO.505,2,-17.0,-141.0,19.0,-19.0
NO.506,1,-546.0,-28.0,28.0,-28.0
NO.507,1,-391.0,-27.0,11.0,-11.0
NO.508,1,-274.0,-28.0,14.0,-14.0
NO.509,2,-85.0,7.0,-17.0,17.0
NO.510,2,-138.0,-10.0,0.0,0.0
NO.511,2,-133.0,5.0,7.0,-7.0
NO.512,1,-253.0,-45.0,11.0,-11.0
NO.513,1,-682.0,38.0,0.0,0.0
NO.514,2,-186.0,-32.0,28.0,-28.0
NO.515,1,-202.0,-10.0,0.0,0.0
NO.516,1,-200.0,-34.0,8.0,-8.0
NO.517,2,-140.0,-32.0,14.0,-14.0
NO.518,2,-161.0,-41.0,5.0,-5.0
NO.519,2,-111.0,-13.0,23.0,-23.0
NO.520,2,18.0,0.0,0.0,0.0
NO.521,2,-162.0,-36.0,18.0,-18.0
NO.522,2,28.0,0.0,0.0,0.0
NO.523,2,-142.0,-14.0,2.0,-2.0
NO.524,2,-28.0,-84.0,-28.0,28.0
NO.525,2,-81.0,3.0,9.0,-9.0
NO.526,2,-161.0,-35.0,11.0,-11.0
NO.527,2,-17.0,61.0,7.0,-7.0
NO.528,2,-92.0,-12.0,-4.0,4.0
NO.529,1,-340.0,-62.0,14.0,-14.0
NO.530,1,-229.0,-21.0,15.0,-15.0
NO.531,2,-38.0,-8.0,2.0,-2.0
NO.532,2,-129.0,-123.0,-9.0,9.0
NO.533,1,-419.0,19.0,19.0,-19.0
NO.534,2,165.0,-21.0,-1.0,1.0
NO.535,1,-229.0,-69.0,5.0,-5.0
NO.536,2,-35.0,49.0,7.0,-7.0
NO.537,2,-61.0,21.0,-7.0,7.0
NO.538,2,-37.0,-13.0,-1.0,1.0
NO.539,2,58.0,-42.0,-16.0,16.0
NO.540,2,-6.0,-50.0,6.0,-6.0
NO.541,0,225.0,-55.0,-19.0,19.0
NO.542,2,67.0,-73.0,-15.0,15.0
NO.543,2,-155.0,-51.0,3.0,-3.0
NO.544,1,-259.0,-85.0,29.0,-29.0
NO.545,1,-317.0,-47.0,-19.0,19.0
NO.546,2,-27.0,-9.0,9.0,-9.0
NO.547,2,-88.0,0.0,0.0,0.0
NO.548,0,205.0,-7.0,-7.0,7.0
NO.549,2,-85.0,65.0,9.0,-9.0
NO.550,2,-154.0,-14.0,-28.0,28.0
NO.551,2,6.0,-2.0,-6.0,6.0
NO.552,0,245.0,-5.0,-5.0,5.0
NO.553,2,-38.0,-10.0,-4.0,4.0
NO.554,2,-88.0,14.0,-4.0,4.0
NO.555,2,-5.0,-9.0,3.0,-3.0
NO.556,0,443.0,-35.0,-57.0,57.0
NO.557,0,282.0,10.0,10.0,-10.0
NO.558,0,1255.0,-111.0,-57.0,57.0
NO.559,0,334.0,8.0,-10.0,10.0
NO.560,2,78.0,42.0,4.0,-4.0
NO.561,2,-112.0,48.0,16.0,-16.0
NO.562,2,35.0,81.0,-11.0,11.0
NO.563,2,-93.0,25.0,-1.0,1.0
NO.564,2,-4.0,-10.0,0.0,0.0
NO.565,1,-193.0,-23.0,21.0,-21.0
NO.566,2,-16.0,-60.0,-4.0,4.0
NO.567,2,-36.0,-4.0,-4.0,4.0
NO.568,2,17.0,19.0,-1.0,1.0
NO.569,2,-38.0,-6.0,4.0,-4.0
NO.570,1,-235.0,11.0,9.0,-9.0
NO.571,0,741.0,-121.0,-63.0,63.0
NO.572,0,1049.0,-85.0,-85.0,85.0
NO.573,2,63.0,-35.0,-7.0,7.0
NO.574,2,190.0,12.0,-12.0,12.0
NO.575,0,298.0,-22.0,-22.0,22.0
NO.576,2,-128.0,-72.0,16.0,-16.0
NO.577,2,-86.0,-2.0,2.0,-2.0
NO.578,1,-207.0,-51.0,17.0,-17.0
NO.579,2,-14.0,-12.0,0.0,0.0
NO.580,2,9.0,-9.0,-9.0,9.0
NO.581,2,-164.0,68.0,-28.0,28.0
NO.582,1,-404.0,-66.0,28.0,-28.0
NO.583,1,-452.0,12.0,4.0,-4.0
NO.584,2,-59.0,9.0,3.0,-3.0
NO.585,0,267.0,-15.0,-13.0,13.0
NO.586,0,987.0,-67.0,-71.0,71.0
NO.587,0,394.0,-24.0,-22.0,22.0
NO.588,0,1192.0,-10.0,-34.0,34.0
NO.589,1,-283.0,-45.0,1.0,-1.0
NO.590,2,-5.0,7.0,-7.0,7.0
NO.591,2,-32.0,-76.0,20.0,-20.0
NO.592,1,-336.0,-12.0,-14.0,14.0
NO.593,2,-103.0,-7.0,-19.0,19.0
NO.594,0,226.0,26.0,-18.0,18.0
NO.595,2,61.0,-17.0,-19.0,19.0
NO.596,2,48.0,2.0,-8.0,8.0
NO.597,0,474.0,-116.0,-84.0,84.0
NO.598,0,1061.0,-15.0,-107.0,107.0
NO.599,2,-147.0,-35.0,7.0,-7.0
NO.600,1,-357.0,35.0,7.0,-7.0
NO.601,1,-237.0,53.0,17.0,-17.0
NO.602,2,49.0,5.0,-5.0,5.0
NO.603,2,-62.0,14.0,-2.0,2.0
NO.604,1,-236.0,-36.0,8.0,-8.0
NO.605,2,-69.0,-11.0,-9.0,9.0
NO.606,2,83.0,1.0,23.0,-23.0
NO.607,1,-412.0,-6.0,6.0,-6.0
NO.608,2,119.0,21.0,7.0,-7.0
NO.609,0,300.0,38.0,0.0,0.0
NO.610,2,-168.0,-22.0,-10.0,10.0
NO.611,1,-311.0,5.0,21.0,-21.0
NO.612,1,-257.0,-39.0,9.0,-9.0
NO.613,2,-154.0,42.0,-8.0,8.0
NO.614,1,-287.0,-27.0,11.0,-11.0
NO.615,1,-491.0,-19.0,19.0,-19.0
NO.616,1,-262.0,26.0,2.0,-2.0
NO.617,2,108.0,-12.0,-4.0,4.0
NO.618,1,-328.0,18.0,32.0,-32.0
NO.619,2,-60.0,-4.0,4.0,-4.0
NO.620,1,-435.0,-57.0,-1.0,1.0
NO.621,2,106.0,-72.0,-14.0,14.0
NO.622,0,385.0,49.0,-7.0,7.0
NO.623,2,-156.0,26.0,0.0,0.0
NO.624,2,-56.0,12.0,0.0,0.0
NO.625,1,-422.0,8.0,8.0,-8.0
NO.626,2,-126.0,0.0,0.0,0.0
NO.627,2,128.0,0.0,0.0,0.0
NO.628,2,-99.0,9.0,-9.0,9.0
NO.629,2,-70.0,2.0,14.0,-14.0
NO.630,2,-75.0,-19.0,19.0,-19.0
NO.631,2,-102.0,10.0,8.0,-8.0
NO.632,1,-203.0,35.0,7.0,-7.0
NO.633,1,-280.0,68.0,0.0,0.0
NO.634,1,-281.0,13.0,11.0,-11.0
NO.635,1,-202.0,32.0,14.0,-14.0
NO.636,1,-334.0,-8.0,14.0,-14.0
NO.637,1,-217.0,-35.0,-7.0,7.0
NO.638,1,-265.0,-25.0,1.0,-1.0
NO.639,2,114.0,56.0,0.0,0.0
NO.640,1,-918.0,-48.0,22.0,-22.0
NO.641,2,-133.0,-49.0,21.0,-21.0
NO.642,2,-181.0,17.0,1.0,-1.0
NO.643,2,65.0,21.0,23.0,-23.0
NO.644,1,-447.0,-27.0,5.0,-5.0
NO.645,2,183.0,57.0,-11.0,11.0
NO.646,2,-91.0,-11.0,-3.0,3.0
NO.647,2,5.0,21.0,-7.0,7.0
NO.648,2,48.0,-28.0,10.0,-10.0
NO.649,1,-251.0,55.0,19.0,-19.0
NO.650,2,-20.0,28.0,0.0,0.0
NO.651,2,88.0,10.0,0.0,0.0
NO.652,1,-308.0,56.0,0.0,0.0
NO.653,2,-49.0,9.0,9.0,-9.0
NO.654,1,-293.0,11.0,5.0,-5.0
NO.655,2,-129.0,-45.0,7.0,-7.0
NO.656,1,-250.0,58.0,0.0,0.0
NO.657,1,-475.0,-43.0,-15.0,15.0
NO.658,1,-204.0,14.0,8.0,-8.0
NO.659,2,21.0,-7.0,21.0,-21.0
NO.660,1,-431.0,-61.0,9.0,-9.0
NO.661,1,-303.0,7.0,3.0,-3.0
NO.662,1,-239.0,-29.0,-9.0,9.0
NO.663,1,-288.0,-38.0,0.0,0.0
NO.664,1,-332.0,-20.0,4.0,-4.0
NO.665,1,-455.0,-65.0,29.0,-29.0
NO.666,1,-208.0,0.0,-12.0,12.0
NO.667,1,-446.0,-14.0,6.0,-6.0
NO.668,2,-107.0,-9.0,-5.0,5.0
NO.669,1,-425.0,-41.0,7.0,-7.0
NO.670,2,71.0,9.0,-9.0,9.0
NO.671,1,-420.0,-36.0,4.0,-4.0
NO.672,2,-10.0,-10.0,10.0,-10.0
NO.673,1,-542.0,-20.0,0.0,0.0
NO.674,0,272.0,36.0,36.0,-36.0
NO.675,2,-116.0,-12.0,0.0,0.0
NO.676,1,-459.0,-43.0,3.0,-3.0
NO.677,2,-40.0,24.0,0.0,0.0
NO.678,2,-30.0,30.0,10.0,-10.0
NO.679,2,-138.0,34.0,-2.0,2.0
NO.680,2,-147.0,-63.0,-7.0,7.0
NO.681,2,-148.0,-198.0,24.0,-24.0
NO.682,1,-224.0,-486.0,48.0,-48.0
NO.683,1,-426.0,-228.0,22.0,-22.0
NO.684,1,-280.0,-200.0,-14.0,14.0
NO.685,2,-174.0,-80.0,10.0,-10.0
NO.686,1,-192.0,-114.0,0.0,0.0
NO.687,1,-430.0,-94.0,0.0,0.0
NO.688,1,-253.0,-65.0,-9.0,9.0
NO.689,2,55.0,-135.0,7.0,-7.0
NO.690,2,54.0,-66.0,-22.0,22.0
NO.691,1,-631.0,65.0,-9.0,9.0
NO.692,2,-54.0,-54.0,0.0,0.0
NO.693,1,-209.0,-175.0,21.0,-21.0
NO.694,1,-561.0,-205.0,9.0,-9.0
NO.695,2,-62.0,-220.0,10.0,-10.0
NO.696,1,-294.0,-28.0,0.0,0.0
NO.697,1,-328.0,-42.0,0.0,0.0
NO.698,2,-59.0,-71.0,-5.0,5.0
NO.699,1,-193.0,-199.0,19.0,-19.0
NO.700,1,-232.0,24.0,-4.0,4.0
NO.701,2,-131.0,-25.0,13.0,-13.0
NO.702,1,-310.0,-38.0,24.0,-24.0
NO.703,2,-123.0,-45.0,3.0,-3.0
NO.704,1,-212.0,-112.0,6.0,-6.0
NO.705,1,-224.0,-126.0,14.0,-14.0
NO.706,1,-232.0,-222.0,10.0,-10.0
NO.707,2,-59.0,-117.0,15.0,-15.0
NO.708,2,95.0,-17.0,-37.0,37.0
NO.709,2,-54.0,-224.0,20.0,-20.0
