NO.1,0,65.0,64.0,65.0,65.0,65.0,64.0
NO.2,1,54.0,46.0,54.0,54.0,54.0,46.0
NO.3,1,45.0,44.0,45.0,45.0,45.0,44.0
NO.4,1,45.0,45.0,45.0,45.0,45.0,45.0
NO.5,1,48.0,46.0,48.0,48.0,48.0,46.0
NO.6,0,58.0,55.0,58.0,58.0,58.0,55.0
NO.7,1,50.0,49.0,50.0,50.0,50.0,49.0
NO.8,0,61.0,61.0,61.0,61.0,61.0,61.0
NO.9,0,61.0,53.0,61.0,61.0,61.0,53.0
NO.10,0,58.0,61.0,58.0,58.0,58.0,61.0
NO.11,1,41.0,37.0,41.0,41.0,41.0,37.0
NO.12,0,53.0,56.0,53.0,53.0,53.0,56.0
NO.13,0,62.0,61.0,62.0,62.0,62.0,61.0
NO.14,0,62.0,60.0,62.0,62.0,62.0,60.0
NO.15,0,54.0,55.0,54.0,54.0,54.0,55.0
NO.16,1,47.0,47.0,47.0,47.0,47.0,47.0
NO.17,1,47.0,49.0,47.0,47.0,47.0,49.0
NO.18,0,58.0,57.0,58.0,58.0,58.0,57.0
NO.19,1,48.0,50.0,48.0,48.0,48.0,50.0
NO.20,1,47.0,50.0,47.0,47.0,47.0,50.0
NO.21,1,49.0,52.0,49.0,49.0,49.0,52.0
NO.22,1,46.0,51.0,46.0,46.0,46.0,51.0
NO.23,0,54.0,52.0,54.0,54.0,54.0,52.0
NO.24,1,52.0,55.0,52.0,52.0,52.0,55.0
NO.25,1,52.0,51.0,52.0,52.0,52.0,51.0
NO.26,0,57.0,60.0,57.0,57.0,57.0,60.0
NO.27,0,56.0,53.0,56.0,56.0,56.0,53.0
NO.28,1,50.0,50.0,50.0,50.0,50.0,50.0
NO.29,0,54.0,56.0,54.0,54.0,54.0,56.0
NO.30,1,49.0,48.0,49.0,49.0,49.0,48.0
NO.31,0,54.0,56.0,54.0,54.0,54.0,56.0
NO.32,0,54.0,54.0,54.0,54.0,54.0,54.0
NO.33,0,54.0,56.0,54.0,54.0,54.0,56.0
NO.34,0,54.0,55.0,54.0,54.0,54.0,55.0
NO.35,1,44.0,41.0,44.0,44.0,44.0,41.0
NO.36,0,55.0,53.0,55.0,55.0,55.0,53.0
NO.37,1,39.0,45.0,39.0,39.0,39.0,45.0
NO.38,0,54.0,55.0,54.0,54.0,54.0,55.0
NO.39,1,41.0,45.0,41.0,41.0,41.0,45.0
NO.40,1,52.0,52.0,52.0,52.0,52.0,52.0
NO.41,1,48.0,45.0,48.0,48.0,48.0,45.0
NO.42,1,53.0,52.0,53.0,53.0,53.0,52.0
NO.43,1,53.0,52.0,53.0,53.0,53.0,52.0
NO.44,1,49.0,48.0,49.0,49.0,49.0,48.0
NO.45,0,58.0,52.0,58.0,58.0,58.0,52.0
NO.46,1,52.0,52.0,52.0,52.0,52.0,52.0
NO.47,1,52.0,50.0,52.0,52.0,52.0,50.0
NO.48,1,47.0,48.0,47.0,47.0,47.0,48.0
NO.49,1,42.0,46.0,42.0,42.0,42.0,46.0
NO.50,1,50.0,51.0,50.0,50.0,50.0,51.0
NO.51,0,59.0,57.0,59.0,59.0,59.0,57.0
NO.52,0,62.0,62.0,62.0,62.0,62.0,62.0
NO.53,0,57.0,51.0,57.0,57.0,57.0,51.0
NO.54,1,47.0,49.0,47.0,47.0,47.0,49.0
NO.55,1,51.0,50.0,51.0,51.0,51.0,50.0
NO.56,0,59.0,58.0,59.0,59.0,59.0,58.0
NO.57,1,49.0,49.0,49.0,49.0,49.0,49.0
NO.58,0,64.0,65.0,64.0,64.0,64.0,65.0
NO.59,1,50.0,53.0,50.0,50.0,50.0,53.0
NO.60,0,57.0,56.0,57.0,57.0,57.0,56.0
NO.61,1,51.0,50.0,51.0,51.0,51.0,50.0
NO.62,1,51.0,47.0,51.0,51.0,51.0,47.0
NO.63,1,51.0,51.0,51.0,51.0,51.0,51.0
NO.64,1,46.0,42.0,46.0,46.0,46.0,42.0
NO.65,0,56.0,58.0,56.0,56.0,56.0,58.0
NO.66,1,44.0,42.0,44.0,44.0,44.0,42.0
NO.67,0,60.0,58.0,60.0,60.0,60.0,58.0
NO.68,1,53.0,50.0,53.0,53.0,53.0,50.0
NO.69,1,52.0,47.0,52.0,52.0,52.0,47.0
NO.70,0,60.0,59.0,60.0,60.0,60.0,59.0
NO.71,0,56.0,58.0,56.0,56.0,56.0,58.0
NO.72,1,51.0,54.0,51.0,51.0,51.0,54.0
NO.73,1,54.0,48.0,54.0,54.0,54.0,48.0
NO.74,0,62.0,62.0,62.0,62.0,62.0,62.0
NO.75,1,53.0,53.0,53.0,53.0,53.0,53.0
NO.76,1,43.0,49.0,43.0,43.0,43.0,49.0
NO.77,1,49.0,48.0,49.0,49.0,49.0,48.0
NO.78,0,54.0,54.0,54.0,54.0,54.0,54.0
NO.79,0,58.0,55.0,58.0,58.0,58.0,55.0
NO.80,0,61.0,60.0,61.0,61.0,61.0,60.0
NO.81,0,56.0,55.0,56.0,56.0,56.0,55.0
NO.82,0,56.0,56.0,56.0,56.0,56.0,56.0
NO.83,0,57.0,56.0,57.0,57.0,57.0,56.0
NO.84,1,53.0,51.0,53.0,53.0,53.0,51.0
NO.85,0,54.0,55.0,54.0,54.0,54.0,55.0
NO.86,1,53.0,52.0,53.0,53.0,53.0,52.0
NO.87,0,57.0,57.0,57.0,57.0,57.0,57.0
NO.88,0,56.0,57.0,56.0,56.0,56.0,57.0
NO.89,0,54.0,57.0,54.0,54.0,54.0,57.0
NO.90,1,47.0,47.0,47.0,47.0,47.0,47.0
NO.91,1,54.0,51.0,54.0,54.0,54.0,51.0
NO.92,1,53.0,51.0,53.0,53.0,53.0,51.0
NO.93,0,59.0,58.0,59.0,59.0,59.0,58.0
NO.94,1,43.0,53.0,43.0,43.0,43.0,53.0
NO.95,0,55.0,52.0,55.0,55.0,55.0,52.0
NO.96,1,46.0,49.0,46.0,46.0,46.0,49.0
NO.97,1,49.0,53.0,49.0,49.0,49.0,53.0
NO.98,1,52.0,51.0,52.0,52.0,52.0,51.0
NO.99,0,54.0,52.0,54.0,54.0,54.0,52.0
NO.100,1,52.0,47.0,52.0,52.0,52.0,47.0
NO.101,0,57.0,51.0,57.0,57.0,57.0,51.0
NO.102,0,58.0,58.0,58.0,58.0,58.0,58.0
NO.103,0,55.0,55.0,55.0,55.0,55.0,55.0
NO.104,1,49.0,51.0,49.0,49.0,49.0,51.0
NO.105,0,56.0,55.0,56.0,56.0,56.0,55.0
NO.106,1,47.0,53.0,47.0,47.0,47.0,53.0
NO.107,0,55.0,56.0,55.0,55.0,55.0,56.0
NO.108,1,54.0,49.0,54.0,54.0,54.0,49.0
NO.109,1,50.0,51.0,50.0,50.0,50.0,51.0
NO.110,1,51.0,51.0,51.0,51.0,51.0,51.0
NO.111,0,57.0,57.0,57.0,57.0,57.0,57.0
NO.112,1,48.0,49.0,48.0,48.0,48.0,49.0
NO.113,0,54.0,53.0,54.0,54.0,54.0,53.0
NO.114,1,48.0,47.0,48.0,48.0,48.0,47.0
NO.115,1,48.0,50.0,48.0,48.0,48.0,50.0
NO.116,1,50.0,52.0,50.0,50.0,50.0,52.0
NO.117,0,60.0,57.0,60.0,60.0,60.0,57.0
NO.118,1,54.0,50.0,54.0,54.0,54.0,50.0
NO.119,1,51.0,52.0,51.0,51.0,51.0,52.0
NO.120,1,52.0,53.0,52.0,52.0,52.0,53.0
NO.121,1,49.0,48.0,49.0,49.0,49.0,48.0
NO.122,1,51.0,50.0,51.0,51.0,51.0,50.0
NO.123,1,52.0,44.0,52.0,52.0,52.0,44.0
NO.124,1,51.0,51.0,51.0,51.0,51.0,51.0
NO.125,1,49.0,45.0,49.0,49.0,49.0,45.0
NO.126,1,51.0,48.0,51.0,51.0,51.0,48.0
NO.127,0,61.0,62.0,61.0,61.0,61.0,62.0
NO.128,1,51.0,51.0,51.0,51.0,51.0,51.0
NO.129,0,60.0,57.0,60.0,60.0,60.0,57.0
NO.130,1,49.0,49.0,49.0,49.0,49.0,49.0
NO.131,0,53.0,54.0,53.0,53.0,53.0,54.0
NO.132,1,52.0,51.0,52.0,52.0,52.0,51.0
NO.133,0,55.0,54.0,55.0,55.0,55.0,54.0
NO.134,0,58.0,58.0,58.0,58.0,58.0,58.0
NO.135,1,49.0,49.0,49.0,49.0,49.0,49.0
NO.136,1,47.0,51.0,47.0,47.0,47.0,51.0
NO.137,1,49.0,51.0,49.0,49.0,49.0,51.0
NO.138,0,66.0,66.0,66.0,66.0,66.0,66.0
NO.139,1,51.0,49.0,51.0,51.0,51.0,49.0
NO.140,1,51.0,48.0,51.0,51.0,51.0,48.0
NO.141,0,55.0,52.0,55.0,55.0,55.0,52.0
NO.142,1,52.0,50.0,52.0,52.0,52.0,50.0
NO.143,1,44.0,42.0,44.0,44.0,44.0,42.0
NO.144,1,47.0,51.0,47.0,47.0,47.0,51.0
NO.145,1,45.0,51.0,45.0,45.0,45.0,51.0
NO.146,0,58.0,55.0,58.0,58.0,58.0,55.0
NO.147,1,52.0,49.0,52.0,52.0,52.0,49.0
NO.148,0,58.0,58.0,58.0,58.0,58.0,58.0
NO.149,0,55.0,58.0,55.0,55.0,55.0,58.0
NO.150,1,47.0,51.0,47.0,47.0,47.0,51.0
NO.151,0,62.0,59.0,62.0,62.0,62.0,59.0
NO.152,1,50.0,50.0,50.0,50.0,50.0,50.0
NO.153,1,52.0,51.0,52.0,52.0,52.0,51.0
NO.154,1,47.0,50.0,47.0,47.0,47.0,50.0
NO.155,0,55.0,54.0,55.0,55.0,55.0,54.0
NO.156,1,51.0,51.0,51.0,51.0,51.0,51.0
NO.157,0,59.0,57.0,59.0,59.0,59.0,57.0
NO.158,0,60.0,58.0,60.0,60.0,60.0,58.0
NO.159,0,56.0,57.0,56.0,56.0,56.0,57.0
NO.160,0,58.0,58.0,58.0,58.0,58.0,58.0
NO.161,0,59.0,59.0,59.0,59.0,59.0,59.0
NO.162,1,50.0,47.0,50.0,50.0,50.0,47.0
NO.163,1,54.0,51.0,54.0,54.0,54.0,51.0
NO.164,1,53.0,52.0,53.0,53.0,53.0,52.0
NO.165,0,53.0,55.0,53.0,53.0,53.0,55.0
NO.166,0,55.0,51.0,55.0,55.0,55.0,51.0
NO.167,1,48.0,46.0,48.0,48.0,48.0,46.0
NO.168,1,53.0,53.0,53.0,53.0,53.0,53.0
NO.169,1,45.0,52.0,45.0,45.0,45.0,52.0
NO.170,0,54.0,53.0,54.0,54.0,54.0,53.0
NO.171,1,53.0,45.0,53.0,53.0,53.0,45.0
NO.172,1,51.0,50.0,51.0,51.0,51.0,50.0
NO.173,1,51.0,46.0,51.0,51.0,51.0,46.0
NO.174,0,58.0,50.0,58.0,58.0,58.0,50.0
NO.175,1,46.0,48.0,46.0,46.0,46.0,48.0
NO.176,0,57.0,58.0,57.0,57.0,57.0,58.0
NO.177,0,57.0,55.0,57.0,57.0,57.0,55.0
NO.178,0,55.0,54.0,55.0,55.0,55.0,54.0
NO.179,1,53.0,48.0,53.0,53.0,53.0,48.0
NO.180,0,57.0,53.0,57.0,57.0,57.0,53.0
NO.181,1,52.0,52.0,52.0,52.0,52.0,52.0
NO.182,1,54.0,48.0,54.0,54.0,54.0,48.0
NO.183,0,55.0,53.0,55.0,55.0,55.0,53.0
NO.184,0,59.0,54.0,59.0,59.0,59.0,54.0
NO.185,0,58.0,56.0,58.0,58.0,58.0,56.0
NO.186,0,54.0,55.0,54.0,54.0,54.0,55.0
NO.187,1,53.0,51.0,53.0,53.0,53.0,51.0
NO.188,0,64.0,65.0,64.0,64.0,64.0,65.0
NO.189,0,58.0,58.0,58.0,58.0,58.0,58.0
NO.190,1,54.0,50.0,54.0,54.0,54.0,50.0
NO.191,0,63.0,63.0,63.0,63.0,63.0,63.0
NO.192,0,64.0,62.0,64.0,64.0,64.0,62.0
NO.193,0,55.0,55.0,55.0,55.0,55.0,55.0
NO.194,0,64.0,62.0,64.0,64.0,64.0,62.0
NO.195,0,60.0,60.0,60.0,60.0,60.0,60.0
NO.196,0,67.0,67.0,67.0,67.0,67.0,67.0
NO.197,0,54.0,54.0,54.0,54.0,54.0,54.0
NO.198,0,58.0,55.0,58.0,58.0,58.0,55.0
NO.199,1,49.0,53.0,49.0,49.0,49.0,53.0
NO.200,0,58.0,60.0,58.0,58.0,58.0,60.0
NO.201,1,46.0,46.0,46.0,46.0,46.0,46.0
NO.202,0,58.0,57.0,58.0,58.0,58.0,57.0
NO.203,0,57.0,55.0,57.0,57.0,57.0,55.0
NO.204,1,48.0,53.0,48.0,48.0,48.0,53.0
NO.205,0,60.0,60.0,60.0,60.0,60.0,60.0
NO.206,0,55.0,52.0,55.0,55.0,55.0,52.0
NO.207,1,50.0,51.0,50.0,50.0,50.0,51.0
NO.208,0,63.0,64.0,63.0,63.0,63.0,64.0
NO.209,1,51.0,47.0,51.0,51.0,51.0,47.0
NO.210,1,49.0,50.0,49.0,49.0,49.0,50.0
NO.211,1,51.0,51.0,51.0,51.0,51.0,51.0
NO.212,0,53.0,55.0,53.0,53.0,53.0,55.0
NO.213,1,53.0,51.0,53.0,53.0,53.0,51.0
NO.214,0,58.0,58.0,58.0,58.0,58.0,58.0
NO.215,0,57.0,53.0,57.0,57.0,57.0,53.0
NO.216,1,53.0,47.0,53.0,53.0,53.0,47.0
NO.217,0,61.0,60.0,61.0,61.0,61.0,60.0
NO.218,0,53.0,54.0,53.0,53.0,53.0,54.0
NO.219,1,48.0,46.0,48.0,48.0,48.0,46.0
NO.220,0,56.0,59.0,56.0,56.0,56.0,59.0
NO.221,0,58.0,59.0,58.0,58.0,58.0,59.0
NO.222,0,56.0,56.0,56.0,56.0,56.0,56.0
NO.223,0,54.0,56.0,54.0,54.0,54.0,56.0
NO.224,0,57.0,55.0,57.0,57.0,57.0,55.0
NO.225,0,56.0,55.0,56.0,56.0,56.0,55.0
NO.226,0,61.0,54.0,61.0,61.0,61.0,54.0
NO.227,0,57.0,58.0,57.0,57.0,57.0,58.0
NO.228,0,59.0,59.0,59.0,59.0,59.0,59.0
NO.229,0,59.0,55.0,59.0,59.0,59.0,55.0
NO.230,0,58.0,57.0,58.0,58.0,58.0,57.0
NO.231,0,59.0,60.0,59.0,59.0,59.0,60.0
NO.232,0,59.0,60.0,59.0,59.0,59.0,60.0
NO.233,0,56.0,49.0,56.0,56.0,56.0,49.0
NO.234,0,59.0,59.0,59.0,59.0,59.0,59.0
NO.235,0,60.0,55.0,60.0,60.0,60.0,55.0
NO.236,0,56.0,53.0,56.0,56.0,56.0,53.0
NO.237,0,64.0,64.0,64.0,64.0,64.0,64.0
NO.238,1,50.0,51.0,50.0,50.0,50.0,51.0
NO.239,1,51.0,52.0,51.0,51.0,51.0,52.0
NO.240,1,52.0,53.0,52.0,52.0,52.0,53.0
NO.241,1,49.0,52.0,49.0,49.0,49.0,52.0
NO.242,0,63.0,63.0,63.0,63.0,63.0,63.0
NO.243,1,47.0,50.0,47.0,47.0,47.0,50.0
NO.244,1,49.0,52.0,49.0,49.0,49.0,52.0
NO.245,0,59.0,62.0,59.0,59.0,59.0,62.0
NO.246,0,59.0,59.0,59.0,59.0,59.0,59.0
NO.247,1,50.0,52.0,50.0,50.0,50.0,52.0
NO.248,0,59.0,60.0,59.0,59.0,59.0,60.0
NO.249,0,57.0,58.0,57.0,57.0,57.0,58.0
NO.250,0,55.0,52.0,55.0,55.0,55.0,52.0
NO.251,0,58.0,60.0,58.0,58.0,58.0,60.0
NO.252,1,45.0,48.0,45.0,45.0,45.0,48.0
NO.253,0,59.0,56.0,59.0,59.0,59.0,56.0
NO.254,0,66.0,65.0,66.0,66.0,66.0,65.0
NO.255,1,46.0,44.0,46.0,46.0,46.0,44.0
NO.256,0,55.0,54.0,55.0,55.0,55.0,54.0
NO.257,1,53.0,48.0,53.0,53.0,53.0,48.0
NO.258,0,64.0,63.0,64.0,64.0,64.0,63.0
NO.259,1,47.0,44.0,47.0,47.0,47.0,44.0
NO.260,0,56.0,54.0,56.0,56.0,56.0,54.0
NO.261,0,63.0,62.0,63.0,63.0,63.0,62.0
NO.262,1,52.0,47.0,52.0,52.0,52.0,47.0
NO.263,1,50.0,49.0,50.0,50.0,50.0,49.0
NO.264,1,53.0,53.0,53.0,53.0,53.0,53.0
NO.265,0,58.0,54.0,58.0,58.0,58.0,54.0
NO.266,0,57.0,51.0,57.0,57.0,57.0,51.0
NO.267,0,61.0,59.0,61.0,61.0,61.0,59.0
NO.268,1,53.0,51.0,53.0,53.0,53.0,51.0
NO.269,0,55.0,57.0,55.0,55.0,55.0,57.0
NO.270,0,56.0,59.0,56.0,56.0,56.0,59.0
NO.271,1,48.0,47.0,48.0,48.0,48.0,47.0
NO.272,1,51.0,53.0,51.0,51.0,51.0,53.0
NO.273,0,55.0,56.0,55.0,55.0,55.0,56.0
NO.274,0,62.0,63.0,62.0,62.0,62.0,63.0
NO.275,1,50.0,46.0,50.0,50.0,50.0,46.0
NO.276,0,60.0,58.0,60.0,60.0,60.0,58.0
NO.277,0,56.0,58.0,56.0,56.0,56.0,58.0
NO.278,1,52.0,50.0,52.0,52.0,52.0,50.0
NO.279,1,49.0,52.0,49.0,49.0,49.0,52.0
NO.280,1,51.0,50.0,51.0,51.0,51.0,50.0
NO.281,0,64.0,63.0,64.0,64.0,64.0,63.0
NO.282,0,57.0,55.0,57.0,57.0,57.0,55.0
NO.283,0,57.0,55.0,57.0,57.0,57.0,55.0
NO.284,0,55.0,55.0,55.0,55.0,55.0,55.0
NO.285,0,64.0,62.0,64.0,64.0,64.0,62.0
NO.286,1,48.0,50.0,48.0,48.0,48.0,50.0
NO.287,0,58.0,58.0,58.0,58.0,58.0,58.0
NO.288,0,66.0,66.0,66.0,66.0,66.0,66.0
NO.289,1,51.0,46.0,51.0,51.0,51.0,46.0
NO.290,1,53.0,51.0,53.0,53.0,53.0,51.0
NO.291,0,60.0,59.0,60.0,60.0,60.0,59.0
NO.292,0,56.0,58.0,56.0,56.0,56.0,58.0
NO.293,0,59.0,59.0,59.0,59.0,59.0,59.0
NO.294,0,59.0,59.0,59.0,59.0,59.0,59.0
NO.295,0,60.0,62.0,60.0,60.0,60.0,62.0
NO.296,0,57.0,57.0,57.0,57.0,57.0,57.0
NO.297,1,52.0,48.0,52.0,52.0,52.0,48.0
NO.298,1,46.0,47.0,46.0,46.0,46.0,47.0
NO.299,1,48.0,48.0,48.0,48.0,48.0,48.0
NO.300,0,57.0,54.0,57.0,57.0,57.0,54.0
NO.301,1,49.0,49.0,49.0,49.0,49.0,49.0
NO.302,1,52.0,50.0,52.0,52.0,52.0,50.0
NO.303,1,44.0,42.0,44.0,44.0,44.0,42.0
NO.304,0,54.0,58.0,54.0,54.0,54.0,58.0
NO.305,1,52.0,55.0,52.0,52.0,52.0,55.0
NO.306,0,55.0,56.0,55.0,55.0,55.0,56.0
NO.307,1,52.0,49.0,52.0,52.0,52.0,49.0
NO.308,0,53.0,56.0,53.0,53.0,53.0,56.0
NO.309,0,59.0,60.0,59.0,59.0,59.0,60.0
NO.310,0,55.0,58.0,55.0,55.0,55.0,58.0
NO.311,1,53.0,52.0,53.0,53.0,53.0,52.0
NO.312,0,55.0,57.0,55.0,55.0,55.0,57.0
NO.313,1,47.0,48.0,47.0,47.0,47.0,48.0
NO.314,0,56.0,56.0,56.0,56.0,56.0,56.0
NO.315,0,56.0,56.0,56.0,56.0,56.0,56.0
NO.316,0,57.0,50.0,57.0,57.0,57.0,50.0
NO.317,1,52.0,45.0,52.0,52.0,52.0,45.0
NO.318,0,61.0,61.0,61.0,61.0,61.0,61.0
NO.319,0,57.0,58.0,57.0,57.0,57.0,58.0
NO.320,1,52.0,54.0,52.0,52.0,52.0,54.0
NO.321,1,48.0,45.0,48.0,48.0,48.0,45.0
NO.322,1,53.0,53.0,53.0,53.0,53.0,53.0
NO.323,0,58.0,59.0,58.0,58.0,58.0,59.0
NO.324,0,54.0,52.0,54.0,54.0,54.0,52.0
NO.325,1,52.0,52.0,52.0,52.0,52.0,52.0
NO.326,0,59.0,61.0,59.0,59.0,59.0,61.0
NO.327,1,52.0,54.0,52.0,52.0,52.0,54.0
NO.328,1,47.0,46.0,47.0,47.0,47.0,46.0
NO.329,1,44.0,42.0,44.0,44.0,44.0,42.0
NO.330,1,51.0,52.0,51.0,51.0,51.0,52.0
NO.331,1,52.0,49.0,52.0,52.0,52.0,49.0
NO.332,0,64.0,59.0,64.0,64.0,64.0,59.0
NO.333,1,53.0,52.0,53.0,53.0,53.0,52.0
NO.334,1,48.0,48.0,48.0,48.0,48.0,48.0
NO.335,0,64.0,65.0,64.0,64.0,64.0,65.0
NO.336,1,52.0,52.0,52.0,52.0,52.0,52.0
NO.337,0,58.0,58.0,58.0,58.0,58.0,58.0
NO.338,0,53.0,54.0,53.0,53.0,53.0,54.0
NO.339,1,48.0,50.0,48.0,48.0,48.0,50.0
NO.340,1,49.0,51.0,49.0,49.0,49.0,51.0
NO.341,1,44.0,42.0,44.0,44.0,44.0,42.0
NO.342,1,46.0,46.0,46.0,46.0,46.0,46.0
NO.343,0,54.0,57.0,54.0,54.0,54.0,57.0
NO.344,1,50.0,47.0,50.0,50.0,50.0,47.0
NO.345,1,49.0,47.0,49.0,49.0,49.0,47.0
NO.346,1,52.0,51.0,52.0,52.0,52.0,51.0
NO.347,0,57.0,55.0,57.0,57.0,57.0,55.0
NO.348,1,52.0,50.0,52.0,52.0,52.0,50.0
NO.349,1,50.0,49.0,50.0,50.0,50.0,49.0
NO.350,1,51.0,53.0,51.0,51.0,51.0,53.0
NO.351,1,45.0,47.0,45.0,45.0,45.0,47.0
NO.352,0,57.0,58.0,57.0,57.0,57.0,58.0
NO.353,0,59.0,57.0,59.0,59.0,59.0,57.0
NO.354,1,49.0,48.0,49.0,49.0,49.0,48.0
NO.355,0,52.0,60.0,52.0,52.0,52.0,60.0
NO.356,0,58.0,59.0,58.0,58.0,58.0,59.0
NO.357,1,42.0,43.0,42.0,42.0,42.0,43.0
NO.358,0,53.0,55.0,53.0,53.0,53.0,55.0
NO.359,1,52.0,51.0,52.0,52.0,52.0,51.0
NO.360,1,47.0,47.0,47.0,47.0,47.0,47.0
NO.361,0,55.0,54.0,55.0,55.0,55.0,54.0
NO.362,0,53.0,56.0,53.0,53.0,53.0,56.0
NO.363,1,45.0,41.0,45.0,45.0,45.0,41.0
NO.364,1,46.0,47.0,46.0,46.0,46.0,47.0
NO.365,1,44.0,41.0,44.0,44.0,44.0,41.0
NO.366,0,63.0,59.0,63.0,63.0,63.0,59.0
NO.367,1,52.0,48.0,52.0,52.0,52.0,48.0
NO.368,1,46.0,48.0,46.0,46.0,46.0,48.0
NO.369,0,63.0,64.0,63.0,63.0,63.0,64.0
NO.370,0,54.0,57.0,54.0,54.0,54.0,57.0
NO.371,0,55.0,55.0,55.0,55.0,55.0,55.0
NO.372,0,60.0,61.0,60.0,60.0,60.0,61.0
NO.373,1,49.0,50.0,49.0,49.0,49.0,50.0
NO.374,1,52.0,54.0,52.0,52.0,52.0,54.0
NO.375,1,42.0,51.0,42.0,42.0,42.0,51.0
NO.376,0,56.0,57.0,56.0,56.0,56.0,57.0
NO.377,1,49.0,50.0,49.0,49.0,49.0,50.0
NO.378,0,53.0,54.0,53.0,53.0,53.0,54.0
NO.379,1,53.0,52.0,53.0,53.0,53.0,52.0
NO.380,1,44.0,47.0,44.0,44.0,44.0,47.0
NO.381,0,64.0,61.0,64.0,64.0,64.0,61.0
NO.382,1,53.0,48.0,53.0,53.0,53.0,48.0
NO.383,1,50.0,49.0,50.0,50.0,50.0,49.0
NO.384,1,52.0,53.0,52.0,52.0,52.0,53.0
NO.385,1,49.0,52.0,49.0,49.0,49.0,52.0
NO.386,0,53.0,55.0,53.0,53.0,53.0,55.0
NO.387,1,50.0,54.0,50.0,50.0,50.0,54.0
NO.388,1,48.0,45.0,48.0,48.0,48.0,45.0
NO.389,0,58.0,58.0,58.0,58.0,58.0,58.0
NO.390,1,43.0,42.0,43.0,43.0,43.0,42.0
NO.391,0,63.0,62.0,63.0,63.0,63.0,62.0
NO.392,0,56.0,51.0,56.0,56.0,56.0,51.0
NO.393,1,50.0,53.0,50.0,50.0,50.0,53.0
NO.394,0,54.0,57.0,54.0,54.0,54.0,57.0
NO.395,1,53.0,50.0,53.0,53.0,53.0,50.0
NO.396,0,56.0,60.0,56.0,56.0,56.0,60.0
NO.397,1,51.0,52.0,51.0,51.0,51.0,52.0
NO.398,1,50.0,41.0,50.0,50.0,50.0,41.0
NO.399,0,60.0,56.0,60.0,60.0,60.0,56.0
NO.400,1,51.0,49.0,51.0,51.0,51.0,49.0
NO.401,1,46.0,48.0,46.0,46.0,46.0,48.0
NO.402,0,65.0,65.0,65.0,65.0,65.0,65.0
NO.403,1,45.0,47.0,45.0,45.0,45.0,47.0
NO.404,0,54.0,54.0,54.0,54.0,54.0,54.0
NO.405,1,43.0,40.0,43.0,43.0,43.0,40.0
NO.406,0,65.0,65.0,65.0,65.0,65.0,65.0
NO.407,1,43.0,41.0,43.0,43.0,43.0,41.0
NO.408,0,60.0,56.0,60.0,60.0,60.0,56.0
NO.409,0,55.0,54.0,55.0,55.0,55.0,54.0
NO.410,0,55.0,55.0,55.0,55.0,55.0,55.0
NO.411,1,51.0,52.0,51.0,51.0,51.0,52.0
NO.412,0,55.0,58.0,55.0,55.0,55.0,58.0
NO.413,0,55.0,59.0,55.0,55.0,55.0,59.0
NO.414,0,53.0,56.0,53.0,53.0,53.0,56.0
NO.415,1,49.0,47.0,49.0,49.0,49.0,47.0
NO.416,0,56.0,55.0,56.0,56.0,56.0,55.0
NO.417,1,51.0,56.0,51.0,51.0,51.0,56.0
NO.418,1,48.0,54.0,48.0,48.0,48.0,54.0
NO.419,0,59.0,60.0,59.0,59.0,59.0,60.0
NO.420,1,53.0,49.0,53.0,53.0,53.0,49.0
NO.421,0,53.0,58.0,53.0,53.0,53.0,58.0
NO.422,1,51.0,57.0,51.0,51.0,51.0,57.0
NO.423,1,49.0,54.0,49.0,49.0,49.0,54.0
NO.424,1,51.0,52.0,51.0,51.0,51.0,52.0
NO.425,1,42.0,44.0,42.0,42.0,42.0,44.0
NO.426,0,56.0,53.0,56.0,56.0,56.0,53.0
NO.427,1,51.0,53.0,51.0,51.0,51.0,53.0
NO.428,0,60.0,58.0,60.0,60.0,60.0,58.0
NO.429,1,51.0,47.0,51.0,51.0,51.0,47.0
NO.430,0,59.0,58.0,59.0,59.0,59.0,58.0
NO.431,0,56.0,53.0,56.0,56.0,56.0,53.0
NO.432,1,50.0,48.0,50.0,50.0,50.0,48.0
NO.433,0,57.0,57.0,57.0,57.0,57.0,57.0
NO.434,1,53.0,52.0,53.0,53.0,53.0,52.0
NO.435,1,46.0,47.0,46.0,46.0,46.0,47.0
NO.436,0,64.0,63.0,64.0,64.0,64.0,63.0
NO.437,1,49.0,50.0,49.0,49.0,49.0,50.0
NO.438,1,52.0,53.0,52.0,52.0,52.0,53.0
NO.439,1,51.0,52.0,51.0,51.0,51.0,52.0
NO.440,0,59.0,57.0,59.0,59.0,59.0,57.0
NO.441,1,47.0,54.0,47.0,47.0,47.0,54.0
NO.442,1,49.0,50.0,49.0,49.0,49.0,50.0
NO.443,0,67.0,67.0,67.0,67.0,67.0,67.0
NO.444,1,45.0,43.0,45.0,45.0,45.0,43.0
NO.445,0,54.0,54.0,54.0,54.0,54.0,54.0
NO.446,0,57.0,55.0,57.0,57.0,57.0,55.0
NO.447,0,59.0,56.0,59.0,59.0,59.0,56.0
NO.448,1,47.0,52.0,47.0,47.0,47.0,52.0
NO.449,0,53.0,58.0,53.0,53.0,53.0,58.0
NO.450,0,59.0,59.0,59.0,59.0,59.0,59.0
NO.451,1,46.0,45.0,46.0,46.0,46.0,45.0
NO.452,1,46.0,47.0,46.0,46.0,46.0,47.0
NO.453,1,47.0,51.0,47.0,47.0,47.0,51.0
NO.454,1,47.0,46.0,47.0,47.0,47.0,46.0
NO.455,1,47.0,49.0,47.0,47.0,47.0,49.0
NO.456,0,64.0,66.0,64.0,64.0,64.0,66.0
NO.457,0,54.0,57.0,54.0,54.0,54.0,57.0
NO.458,0,56.0,55.0,56.0,56.0,56.0,55.0
NO.459,0,59.0,62.0,59.0,59.0,59.0,62.0
NO.460,0,55.0,56.0,55.0,55.0,55.0,56.0
NO.461,0,55.0,52.0,55.0,55.0,55.0,52.0
NO.462,1,44.0,43.0,44.0,44.0,44.0,43.0
NO.463,1,41.0,46.0,41.0,41.0,41.0,46.0
NO.464,1,51.0,56.0,51.0,51.0,51.0,56.0
NO.465,1,50.0,50.0,50.0,50.0,50.0,50.0
NO.466,0,55.0,58.0,55.0,55.0,55.0,58.0
NO.467,0,54.0,54.0,54.0,54.0,54.0,54.0
NO.468,1,43.0,45.0,43.0,43.0,43.0,45.0
NO.469,0,57.0,55.0,57.0,57.0,57.0,55.0
NO.470,0,57.0,56.0,57.0,57.0,57.0,56.0
NO.471,0,60.0,59.0,60.0,60.0,60.0,59.0
NO.472,0,60.0,60.0,60.0,60.0,60.0,60.0
NO.473,1,50.0,54.0,50.0,50.0,50.0,54.0
NO.474,1,49.0,49.0,49.0,49.0,49.0,49.0
NO.475,0,53.0,57.0,53.0,53.0,53.0,57.0
NO.476,1,45.0,52.0,45.0,45.0,45.0,52.0
NO.477,1,49.0,54.0,49.0,49.0,49.0,54.0
NO.478,1,45.0,50.0,45.0,45.0,45.0,50.0
NO.479,0,55.0,55.0,55.0,55.0,55.0,55.0
NO.480,1,52.0,50.0,52.0,52.0,52.0,50.0
NO.481,0,59.0,61.0,59.0,59.0,59.0,61.0
NO.482,1,50.0,52.0,50.0,50.0,50.0,52.0
NO.483,1,49.0,57.0,49.0,49.0,49.0,57.0
NO.484,0,52.0,57.0,52.0,52.0,52.0,57.0
NO.485,1,44.0,43.0,44.0,44.0,44.0,43.0
NO.486,1,51.0,54.0,51.0,51.0,51.0,54.0
NO.487,0,56.0,60.0,56.0,56.0,56.0,60.0
NO.488,1,51.0,54.0,51.0,51.0,51.0,54.0
NO.489,1,50.0,53.0,50.0,50.0,50.0,53.0
NO.490,0,54.0,54.0,54.0,54.0,54.0,54.0
NO.491,0,53.0,54.0,53.0,53.0,53.0,54.0
NO.492,1,47.0,49.0,47.0,47.0,47.0,49.0
NO.493,0,70.0,70.0,70.0,70.0,70.0,70.0
NO.494,1,52.0,53.0,52.0,52.0,52.0,53.0
NO.495,1,48.0,49.0,48.0,48.0,48.0,49.0
NO.496,1,42.0,46.0,42.0,42.0,42.0,46.0
NO.497,0,57.0,56.0,57.0,57.0,57.0,56.0
NO.498,1,49.0,51.0,49.0,49.0,49.0,51.0
NO.499,1,42.0,47.0,42.0,42.0,42.0,47.0
NO.500,0,59.0,58.0,59.0,59.0,59.0,58.0
NO.501,0,55.0,55.0,55.0,55.0,55.0,55.0
NO.502,1,48.0,53.0,48.0,48.0,48.0,53.0
NO.503,0,52.0,56.0,52.0,52.0,52.0,56.0
NO.504,0,57.0,56.0,57.0,57.0,57.0,56.0
NO.505,1,50.0,49.0,50.0,50.0,50.0,49.0
NO.506,1,51.0,52.0,51.0,51.0,51.0,52.0
NO.507,0,71.0,71.0,71.0,71.0,71.0,71.0
NO.508,1,51.0,53.0,51.0,51.0,51.0,53.0
NO.509,0,55.0,56.0,55.0,55.0,55.0,56.0
NO.510,0,59.0,57.0,59.0,59.0,59.0,57.0
NO.511,1,51.0,49.0,51.0,51.0,51.0,49.0
NO.512,0,58.0,61.0,58.0,58.0,58.0,61.0
NO.513,0,56.0,56.0,56.0,56.0,56.0,56.0
NO.514,0,52.0,56.0,52.0,52.0,52.0,56.0
NO.515,1,45.0,45.0,45.0,45.0,45.0,45.0
NO.516,1,52.0,55.0,52.0,52.0,52.0,55.0
NO.517,1,50.0,46.0,50.0,50.0,50.0,46.0
NO.518,1,52.0,53.0,52.0,52.0,52.0,53.0
NO.519,0,53.0,55.0,53.0,53.0,53.0,55.0
NO.520,1,48.0,44.0,48.0,48.0,48.0,44.0
NO.521,0,62.0,66.0,62.0,62.0,62.0,66.0
NO.522,1,51.0,51.0,51.0,51.0,51.0,51.0
NO.523,1,44.0,49.0,44.0,44.0,44.0,49.0
NO.524,1,50.0,51.0,50.0,50.0,50.0,51.0
NO.525,0,58.0,60.0,58.0,58.0,58.0,60.0
NO.526,0,58.0,57.0,58.0,58.0,58.0,57.0
NO.527,1,49.0,47.0,49.0,49.0,49.0,47.0
NO.528,0,54.0,55.0,54.0,54.0,54.0,55.0
NO.529,1,52.0,54.0,52.0,52.0,52.0,54.0
NO.530,0,59.0,58.0,59.0,59.0,59.0,58.0
NO.531,0,54.0,59.0,54.0,54.0,54.0,59.0
NO.532,1,43.0,44.0,43.0,43.0,43.0,44.0
NO.533,0,53.0,56.0,53.0,53.0,53.0,56.0
NO.534,1,48.0,49.0,48.0,48.0,48.0,49.0
NO.535,0,54.0,53.0,54.0,54.0,54.0,53.0
NO.536,0,63.0,66.0,63.0,63.0,63.0,66.0
NO.537,0,55.0,56.0,55.0,55.0,55.0,56.0
NO.538,1,49.0,48.0,49.0,49.0,49.0,48.0
NO.539,1,52.0,51.0,52.0,52.0,52.0,51.0
NO.540,0,58.0,59.0,58.0,58.0,58.0,59.0
NO.541,1,48.0,52.0,48.0,48.0,48.0,52.0
NO.542,0,60.0,58.0,60.0,60.0,60.0,58.0
NO.543,0,56.0,55.0,56.0,56.0,56.0,55.0
NO.544,1,45.0,49.0,45.0,45.0,45.0,49.0
NO.545,1,50.0,57.0,50.0,50.0,50.0,57.0
NO.546,0,54.0,54.0,54.0,54.0,54.0,54.0
NO.547,1,50.0,49.0,50.0,50.0,50.0,49.0
NO.548,0,56.0,58.0,56.0,56.0,56.0,58.0
NO.549,0,54.0,59.0,54.0,54.0,54.0,59.0
NO.550,1,46.0,53.0,46.0,46.0,46.0,53.0
NO.551,0,54.0,54.0,54.0,54.0,54.0,54.0
NO.552,0,58.0,60.0,58.0,58.0,58.0,60.0
NO.553,1,53.0,53.0,53.0,53.0,53.0,53.0
NO.554,1,43.0,44.0,43.0,43.0,43.0,44.0
NO.555,0,55.0,52.0,55.0,55.0,55.0,52.0
NO.556,1,49.0,44.0,49.0,49.0,49.0,44.0
NO.557,1,49.0,55.0,49.0,49.0,49.0,55.0
NO.558,1,50.0,53.0,50.0,50.0,50.0,53.0
NO.559,1,46.0,47.0,46.0,46.0,46.0,47.0
NO.560,1,50.0,56.0,50.0,50.0,50.0,56.0
NO.561,0,55.0,54.0,55.0,55.0,55.0,54.0
NO.562,0,55.0,57.0,55.0,55.0,55.0,57.0
NO.563,0,53.0,54.0,53.0,53.0,53.0,54.0
NO.564,0,55.0,57.0,55.0,55.0,55.0,57.0
NO.565,0,58.0,60.0,58.0,58.0,58.0,60.0
NO.566,1,52.0,48.0,52.0,52.0,52.0,48.0
NO.567,1,49.0,50.0,49.0,49.0,49.0,50.0
NO.568,1,49.0,53.0,49.0,49.0,49.0,53.0
NO.569,1,39.0,45.0,39.0,39.0,39.0,45.0
NO.570,0,59.0,57.0,59.0,59.0,59.0,57.0
NO.571,0,59.0,56.0,59.0,59.0,59.0,56.0
NO.572,0,55.0,52.0,55.0,55.0,55.0,52.0
NO.573,1,41.0,43.0,41.0,41.0,41.0,43.0
NO.574,0,54.0,58.0,54.0,54.0,54.0,58.0
NO.575,0,56.0,54.0,56.0,56.0,56.0,54.0
NO.576,0,54.0,54.0,54.0,54.0,54.0,54.0
NO.577,1,45.0,43.0,45.0,45.0,45.0,43.0
NO.578,1,46.0,45.0,46.0,46.0,46.0,45.0
NO.579,0,60.0,57.0,60.0,60.0,60.0,57.0
NO.580,1,50.0,52.0,50.0,50.0,50.0,52.0
NO.581,1,52.0,53.0,52.0,52.0,52.0,53.0
NO.582,0,60.0,61.0,60.0,60.0,60.0,61.0
NO.583,1,50.0,55.0,50.0,50.0,50.0,55.0
NO.584,1,51.0,51.0,51.0,51.0,51.0,51.0
NO.585,0,61.0,62.0,61.0,61.0,61.0,62.0
NO.586,0,62.0,61.0,62.0,62.0,62.0,61.0
NO.587,1,49.0,51.0,49.0,49.0,49.0,51.0
NO.588,0,52.0,56.0,52.0,52.0,52.0,56.0
NO.589,1,52.0,53.0,52.0,52.0,52.0,53.0
NO.590,0,57.0,58.0,57.0,57.0,57.0,58.0
NO.591,0,52.0,56.0,52.0,52.0,52.0,56.0
NO.592,0,57.0,56.0,57.0,57.0,57.0,56.0
NO.593,0,61.0,61.0,61.0,61.0,61.0,61.0
NO.594,0,54.0,54.0,54.0,54.0,54.0,54.0
NO.595,1,48.0,51.0,48.0,48.0,48.0,51.0
NO.596,0,52.0,57.0,52.0,52.0,52.0,57.0
NO.597,0,59.0,59.0,59.0,59.0,59.0,59.0
NO.598,0,52.0,57.0,52.0,52.0,52.0,57.0
NO.599,1,44.0,52.0,44.0,44.0,44.0,52.0
NO.600,1,50.0,56.0,50.0,50.0,50.0,56.0
NO.601,1,50.0,56.0,50.0,50.0,50.0,56.0
NO.602,1,50.0,56.0,50.0,50.0,50.0,56.0
NO.603,1,49.0,50.0,49.0,49.0,49.0,50.0
NO.604,0,55.0,52.0,55.0,55.0,55.0,52.0
NO.605,0,53.0,54.0,53.0,53.0,53.0,54.0
NO.606,0,57.0,57.0,57.0,57.0,57.0,57.0
NO.607,0,59.0,59.0,59.0,59.0,59.0,59.0
NO.608,1,43.0,45.0,43.0,43.0,43.0,45.0
NO.609,1,47.0,49.0,47.0,47.0,47.0,49.0
NO.610,0,55.0,58.0,55.0,55.0,55.0,58.0
NO.611,1,51.0,50.0,51.0,51.0,51.0,50.0
NO.612,1,42.0,50.0,42.0,42.0,42.0,50.0
NO.613,1,51.0,50.0,51.0,51.0,51.0,50.0
NO.614,0,58.0,61.0,58.0,58.0,58.0,61.0
NO.615,0,62.0,61.0,62.0,62.0,62.0,61.0
NO.616,0,57.0,57.0,57.0,57.0,57.0,57.0
NO.617,0,52.0,56.0,52.0,52.0,52.0,56.0
NO.618,0,56.0,52.0,56.0,56.0,56.0,52.0
NO.619,0,57.0,57.0,57.0,57.0,57.0,57.0
NO.620,1,47.0,49.0,47.0,47.0,47.0,49.0
NO.621,1,48.0,50.0,48.0,48.0,48.0,50.0
NO.622,1,52.0,50.0,52.0,52.0,52.0,50.0
NO.623,1,50.0,54.0,50.0,50.0,50.0,54.0
NO.624,1,53.0,53.0,53.0,53.0,53.0,53.0
NO.625,0,56.0,58.0,56.0,56.0,56.0,58.0
NO.626,0,58.0,53.0,58.0,58.0,58.0,53.0
NO.627,0,56.0,54.0,56.0,56.0,56.0,54.0
NO.628,1,43.0,45.0,43.0,43.0,43.0,45.0
NO.629,1,45.0,51.0,45.0,45.0,45.0,51.0
NO.630,0,52.0,57.0,52.0,52.0,52.0,57.0
NO.631,0,54.0,56.0,54.0,54.0,54.0,56.0
NO.632,0,58.0,57.0,58.0,58.0,58.0,57.0
NO.633,0,61.0,59.0,61.0,61.0,61.0,59.0
NO.634,1,40.0,47.0,40.0,40.0,40.0,47.0
NO.635,1,49.0,50.0,49.0,49.0,49.0,50.0
NO.636,0,56.0,57.0,56.0,56.0,56.0,57.0
NO.637,0,53.0,57.0,53.0,53.0,53.0,57.0
NO.638,1,52.0,48.0,52.0,52.0,52.0,48.0
NO.639,0,56.0,53.0,56.0,56.0,56.0,53.0
NO.640,1,47.0,52.0,47.0,47.0,47.0,52.0
NO.641,1,46.0,52.0,46.0,46.0,46.0,52.0
NO.642,1,53.0,52.0,53.0,53.0,53.0,52.0
NO.643,1,50.0,50.0,50.0,50.0,50.0,50.0
NO.644,1,45.0,51.0,45.0,45.0,45.0,51.0
NO.645,0,63.0,63.0,63.0,63.0,63.0,63.0
NO.646,1,46.0,46.0,46.0,46.0,46.0,46.0
NO.647,0,62.0,62.0,62.0,62.0,62.0,62.0
NO.648,1,50.0,52.0,50.0,50.0,50.0,52.0
NO.649,1,52.0,49.0,52.0,52.0,52.0,49.0
NO.650,0,67.0,65.0,67.0,67.0,67.0,65.0
NO.651,1,51.0,54.0,51.0,51.0,51.0,54.0
NO.652,0,55.0,55.0,55.0,55.0,55.0,55.0
NO.653,1,51.0,50.0,51.0,51.0,51.0,50.0
NO.654,0,56.0,55.0,56.0,56.0,56.0,55.0
NO.655,0,59.0,58.0,59.0,59.0,59.0,58.0
NO.656,1,48.0,49.0,48.0,48.0,48.0,49.0
NO.657,0,56.0,57.0,56.0,56.0,56.0,57.0
NO.658,1,50.0,56.0,50.0,50.0,50.0,56.0
NO.659,1,46.0,54.0,46.0,46.0,46.0,54.0
NO.660,1,52.0,55.0,52.0,52.0,52.0,55.0
NO.661,1,49.0,50.0,49.0,49.0,49.0,50.0
NO.662,1,43.0,41.0,43.0,43.0,43.0,41.0
NO.663,1,51.0,49.0,51.0,51.0,51.0,49.0
NO.664,1,47.0,49.0,47.0,47.0,47.0,49.0
NO.665,1,53.0,50.0,53.0,53.0,53.0,50.0
NO.666,0,60.0,61.0,60.0,60.0,60.0,61.0
NO.667,1,45.0,42.0,45.0,45.0,45.0,42.0
NO.668,1,47.0,44.0,47.0,47.0,47.0,44.0
NO.669,1,51.0,48.0,51.0,51.0,51.0,48.0
NO.670,1,49.0,56.0,49.0,49.0,49.0,56.0
NO.671,0,54.0,55.0,54.0,54.0,54.0,55.0
NO.672,1,40.0,51.0,40.0,40.0,40.0,51.0
NO.673,0,63.0,61.0,63.0,63.0,63.0,61.0
NO.674,1,38.0,46.0,38.0,38.0,38.0,46.0
NO.675,1,46.0,48.0,46.0,46.0,46.0,48.0
NO.676,0,66.0,63.0,66.0,66.0,66.0,63.0
NO.677,1,46.0,53.0,46.0,46.0,46.0,53.0
NO.678,1,45.0,48.0,45.0,45.0,45.0,48.0
NO.679,1,49.0,51.0,49.0,49.0,49.0,51.0
NO.680,1,53.0,53.0,53.0,53.0,53.0,53.0
NO.681,1,42.0,44.0,42.0,42.0,42.0,44.0
NO.682,0,63.0,64.0,63.0,63.0,63.0,64.0
NO.683,1,55.0,48.0,55.0,55.0,55.0,48.0
NO.684,0,63.0,63.0,63.0,63.0,63.0,63.0
NO.685,0,57.0,52.0,57.0,57.0,57.0,52.0
NO.686,1,50.0,48.0,50.0,50.0,50.0,48.0
NO.687,1,54.0,44.0,54.0,54.0,54.0,44.0
NO.688,1,54.0,49.0,54.0,54.0,54.0,49.0
NO.689,0,56.0,52.0,56.0,56.0,56.0,52.0
NO.690,1,53.0,48.0,53.0,53.0,53.0,48.0
NO.691,1,50.0,50.0,50.0,50.0,50.0,50.0
NO.692,1,49.0,43.0,49.0,49.0,49.0,43.0
NO.693,0,60.0,57.0,60.0,60.0,60.0,57.0
NO.694,0,56.0,53.0,56.0,56.0,56.0,53.0
NO.695,1,47.0,46.0,47.0,47.0,47.0,46.0
NO.696,1,51.0,46.0,51.0,51.0,51.0,46.0
NO.697,1,48.0,49.0,48.0,48.0,48.0,49.0
NO.698,1,47.0,52.0,47.0,47.0,47.0,52.0
NO.699,1,46.0,40.0,46.0,46.0,46.0,40.0
NO.700,1,48.0,53.0,48.0,48.0,48.0,53.0
NO.701,0,64.0,63.0,64.0,64.0,64.0,63.0
NO.702,1,44.0,47.0,44.0,44.0,44.0,47.0
NO.703,1,52.0,52.0,52.0,52.0,52.0,52.0
NO.704,0,56.0,52.0,56.0,56.0,56.0,52.0
NO.705,1,48.0,50.0,48.0,48.0,48.0,50.0
NO.706,1,51.0,46.0,51.0,51.0,51.0,46.0
NO.707,0,57.0,56.0,57.0,57.0,57.0,56.0
NO.708,1,51.0,52.0,51.0,51.0,51.0,52.0
NO.709,1,49.0,47.0,49.0,49.0,49.0,47.0
NO.710,1,53.0,52.0,53.0,53.0,53.0,52.0
NO.711,0,56.0,55.0,56.0,56.0,56.0,55.0
NO.712,0,55.0,53.0,55.0,55.0,55.0,53.0
NO.713,1,52.0,48.0,52.0,52.0,52.0,48.0
NO.714,1,51.0,50.0,51.0,51.0,51.0,50.0
NO.715,1,52.0,47.0,52.0,52.0,52.0,47.0
NO.716,1,48.0,43.0,48.0,48.0,48.0,43.0
NO.717,0,58.0,54.0,58.0,58.0,58.0,54.0
NO.718,1,48.0,48.0,48.0,48.0,48.0,48.0
NO.719,1,45.0,45.0,45.0,45.0,45.0,45.0
NO.720,1,44.0,47.0,44.0,44.0,44.0,47.0
NO.721,1,51.0,51.0,51.0,51.0,51.0,51.0
NO.722,0,64.0,62.0,64.0,64.0,64.0,62.0
NO.723,1,51.0,48.0,51.0,51.0,51.0,48.0
NO.724,1,50.0,52.0,50.0,50.0,50.0,52.0
NO.725,0,59.0,55.0,59.0,59.0,59.0,55.0
NO.726,1,49.0,47.0,49.0,49.0,49.0,47.0
NO.727,1,50.0,47.0,50.0,50.0,50.0,47.0
NO.728,0,65.0,65.0,65.0,65.0,65.0,65.0
NO.729,0,59.0,58.0,59.0,59.0,59.0,58.0
NO.730,0,57.0,57.0,57.0,57.0,57.0,57.0
NO.731,0,59.0,59.0,59.0,59.0,59.0,59.0
NO.732,0,54.0,52.0,54.0,54.0,54.0,52.0
NO.733,0,61.0,60.0,61.0,61.0,61.0,60.0
NO.734,0,60.0,59.0,60.0,60.0,60.0,59.0
NO.735,0,62.0,63.0,62.0,62.0,62.0,63.0
NO.736,1,44.0,49.0,44.0,44.0,44.0,49.0
NO.737,1,51.0,55.0,51.0,51.0,51.0,55.0
NO.738,1,51.0,50.0,51.0,51.0,51.0,50.0
NO.739,0,53.0,55.0,53.0,53.0,53.0,55.0
NO.740,1,50.0,49.0,50.0,50.0,50.0,49.0
NO.741,0,54.0,55.0,54.0,54.0,54.0,55.0
NO.742,1,52.0,46.0,52.0,52.0,52.0,46.0
NO.743,1,52.0,50.0,52.0,52.0,52.0,50.0
NO.744,1,50.0,52.0,50.0,50.0,50.0,52.0
NO.745,0,60.0,60.0,60.0,60.0,60.0,60.0
NO.746,0,58.0,53.0,58.0,58.0,58.0,53.0
NO.747,0,62.0,61.0,62.0,62.0,62.0,61.0
NO.748,1,53.0,48.0,53.0,53.0,53.0,48.0
NO.749,0,61.0,59.0,61.0,61.0,61.0,59.0
NO.750,0,56.0,56.0,56.0,56.0,56.0,56.0
NO.751,0,54.0,55.0,54.0,54.0,54.0,55.0
NO.752,0,63.0,63.0,63.0,63.0,63.0,63.0
NO.753,1,54.0,49.0,54.0,54.0,54.0,49.0
NO.754,1,51.0,54.0,51.0,51.0,51.0,54.0
NO.755,1,51.0,50.0,51.0,51.0,51.0,50.0
NO.756,1,53.0,51.0,53.0,53.0,53.0,51.0
NO.757,0,56.0,54.0,56.0,56.0,56.0,54.0
NO.758,0,53.0,57.0,53.0,53.0,53.0,57.0
NO.759,1,51.0,50.0,51.0,51.0,51.0,50.0
NO.760,0,58.0,57.0,58.0,58.0,58.0,57.0
NO.761,1,47.0,47.0,47.0,47.0,47.0,47.0
NO.762,1,53.0,52.0,53.0,53.0,53.0,52.0
NO.763,0,54.0,56.0,54.0,54.0,54.0,56.0
NO.764,0,67.0,68.0,67.0,67.0,67.0,68.0
NO.765,0,57.0,53.0,57.0,57.0,57.0,53.0
NO.766,0,53.0,54.0,53.0,53.0,53.0,54.0
NO.767,1,52.0,53.0,52.0,52.0,52.0,53.0
NO.768,0,55.0,51.0,55.0,55.0,55.0,51.0
NO.769,0,61.0,58.0,61.0,61.0,61.0,58.0
NO.770,1,51.0,45.0,51.0,51.0,51.0,45.0
NO.771,1,50.0,49.0,50.0,50.0,50.0,49.0
NO.772,0,63.0,62.0,63.0,63.0,63.0,62.0
NO.773,1,45.0,44.0,45.0,45.0,45.0,44.0
NO.774,1,49.0,51.0,49.0,49.0,49.0,51.0
NO.775,1,48.0,50.0,48.0,48.0,48.0,50.0
NO.776,1,46.0,49.0,46.0,46.0,46.0,49.0
NO.777,1,48.0,41.0,48.0,48.0,48.0,41.0
NO.778,1,53.0,53.0,53.0,53.0,53.0,53.0
NO.779,0,56.0,59.0,56.0,56.0,56.0,59.0
NO.780,1,50.0,56.0,50.0,50.0,50.0,56.0
NO.781,0,54.0,52.0,54.0,54.0,54.0,52.0
NO.782,1,52.0,51.0,52.0,52.0,52.0,51.0
NO.783,1,53.0,52.0,53.0,53.0,53.0,52.0
NO.784,1,46.0,41.0,46.0,46.0,46.0,41.0
NO.785,0,55.0,52.0,55.0,55.0,55.0,52.0
NO.786,0,55.0,54.0,55.0,55.0,55.0,54.0
NO.787,0,58.0,57.0,58.0,58.0,58.0,57.0
NO.788,1,52.0,50.0,52.0,52.0,52.0,50.0
NO.789,1,47.0,51.0,47.0,47.0,47.0,51.0
NO.790,1,50.0,50.0,50.0,50.0,50.0,50.0
NO.791,1,47.0,45.0,47.0,47.0,47.0,45.0
NO.792,1,51.0,51.0,51.0,51.0,51.0,51.0
NO.793,1,51.0,49.0,51.0,51.0,51.0,49.0
NO.794,1,50.0,45.0,50.0,50.0,50.0,45.0
NO.795,1,42.0,45.0,42.0,42.0,42.0,45.0
NO.796,1,49.0,41.0,49.0,49.0,49.0,41.0
NO.797,1,50.0,48.0,50.0,50.0,50.0,48.0
NO.798,1,54.0,50.0,54.0,54.0,54.0,50.0
NO.799,0,54.0,56.0,54.0,54.0,54.0,56.0
NO.800,1,48.0,48.0,48.0,48.0,48.0,48.0
NO.801,0,52.0,58.0,52.0,52.0,52.0,58.0
NO.802,1,52.0,50.0,52.0,52.0,52.0,50.0
NO.803,1,53.0,48.0,53.0,53.0,53.0,48.0
NO.804,0,60.0,61.0,60.0,60.0,60.0,61.0
NO.805,1,50.0,50.0,50.0,50.0,50.0,50.0
NO.806,0,55.0,52.0,55.0,55.0,55.0,52.0
NO.807,1,46.0,49.0,46.0,46.0,46.0,49.0
NO.808,1,46.0,45.0,46.0,46.0,46.0,45.0
NO.809,1,50.0,52.0,50.0,50.0,50.0,52.0
NO.810,1,46.0,47.0,46.0,46.0,46.0,47.0
NO.811,0,55.0,55.0,55.0,55.0,55.0,55.0
NO.812,0,54.0,52.0,54.0,54.0,54.0,52.0
NO.813,1,47.0,50.0,47.0,47.0,47.0,50.0
NO.814,1,52.0,44.0,52.0,52.0,52.0,44.0
NO.815,0,58.0,55.0,58.0,58.0,58.0,55.0
NO.816,1,48.0,45.0,48.0,48.0,48.0,45.0
NO.817,0,54.0,52.0,54.0,54.0,54.0,52.0
NO.818,1,49.0,51.0,49.0,49.0,49.0,51.0
NO.819,0,57.0,55.0,57.0,57.0,57.0,55.0
NO.820,1,46.0,51.0,46.0,46.0,46.0,51.0
NO.821,1,52.0,52.0,52.0,52.0,52.0,52.0
NO.822,0,55.0,50.0,55.0,55.0,55.0,50.0
NO.823,1,53.0,52.0,53.0,53.0,53.0,52.0
NO.824,1,48.0,48.0,48.0,48.0,48.0,48.0
NO.825,1,50.0,46.0,50.0,50.0,50.0,46.0
NO.826,1,49.0,46.0,49.0,49.0,49.0,46.0
NO.827,1,49.0,42.0,49.0,49.0,49.0,42.0
NO.828,1,43.0,47.0,43.0,43.0,43.0,47.0
NO.829,1,42.0,46.0,42.0,42.0,42.0,46.0
NO.830,1,49.0,48.0,49.0,49.0,49.0,48.0
NO.831,0,57.0,59.0,57.0,57.0,57.0,59.0
NO.832,1,50.0,55.0,50.0,50.0,50.0,55.0
NO.833,1,44.0,41.0,44.0,44.0,44.0,41.0
NO.834,0,55.0,57.0,55.0,55.0,55.0,57.0
NO.835,1,45.0,48.0,45.0,45.0,45.0,48.0
NO.836,1,48.0,50.0,48.0,48.0,48.0,50.0
NO.837,1,44.0,47.0,44.0,44.0,44.0,47.0
NO.838,1,46.0,46.0,46.0,46.0,46.0,46.0
NO.839,1,52.0,52.0,52.0,52.0,52.0,52.0
NO.840,0,57.0,58.0,57.0,57.0,57.0,58.0
NO.841,1,51.0,49.0,51.0,51.0,51.0,49.0
NO.842,1,51.0,48.0,51.0,51.0,51.0,48.0
NO.843,1,50.0,52.0,50.0,50.0,50.0,52.0
NO.844,1,47.0,43.0,47.0,47.0,47.0,43.0
NO.845,1,49.0,49.0,49.0,49.0,49.0,49.0
NO.846,0,58.0,60.0,58.0,58.0,58.0,60.0
NO.847,0,57.0,56.0,57.0,57.0,57.0,56.0
NO.848,1,48.0,53.0,48.0,48.0,48.0,53.0
NO.849,1,52.0,52.0,52.0,52.0,52.0,52.0
NO.850,0,63.0,60.0,63.0,63.0,63.0,60.0
NO.851,1,47.0,47.0,47.0,47.0,47.0,47.0
NO.852,0,56.0,56.0,56.0,56.0,56.0,56.0
NO.853,0,57.0,55.0,57.0,57.0,57.0,55.0
NO.854,0,57.0,56.0,57.0,57.0,57.0,56.0
NO.855,1,51.0,49.0,51.0,51.0,51.0,49.0
NO.856,1,45.0,49.0,45.0,45.0,45.0,49.0
NO.857,0,55.0,55.0,55.0,55.0,55.0,55.0
NO.858,1,47.0,47.0,47.0,47.0,47.0,47.0
NO.859,1,52.0,55.0,52.0,52.0,52.0,55.0
NO.860,0,59.0,58.0,59.0,59.0,59.0,58.0
NO.861,0,54.0,54.0,54.0,54.0,54.0,54.0
NO.862,1,51.0,52.0,51.0,51.0,51.0,52.0
NO.863,1,49.0,48.0,49.0,49.0,49.0,48.0
NO.864,1,43.0,42.0,43.0,43.0,43.0,42.0
NO.865,0,56.0,55.0,56.0,56.0,56.0,55.0
NO.866,1,49.0,53.0,49.0,49.0,49.0,53.0
NO.867,1,50.0,50.0,50.0,50.0,50.0,50.0
NO.868,1,53.0,50.0,53.0,53.0,53.0,50.0
NO.869,1,46.0,45.0,46.0,46.0,46.0,45.0
NO.870,1,46.0,51.0,46.0,46.0,46.0,51.0
NO.871,1,44.0,45.0,44.0,44.0,44.0,45.0
NO.872,1,50.0,51.0,50.0,50.0,50.0,51.0
NO.873,1,47.0,48.0,47.0,47.0,47.0,48.0
NO.874,1,50.0,49.0,50.0,50.0,50.0,49.0
NO.875,1,52.0,52.0,52.0,52.0,52.0,52.0
NO.876,0,54.0,54.0,54.0,54.0,54.0,54.0
NO.877,1,52.0,48.0,52.0,52.0,52.0,48.0
NO.878,1,52.0,51.0,52.0,52.0,52.0,51.0
NO.879,1,50.0,55.0,50.0,50.0,50.0,55.0
NO.880,1,49.0,56.0,49.0,49.0,49.0,56.0
NO.881,1,49.0,47.0,49.0,49.0,49.0,47.0
NO.882,1,52.0,52.0,52.0,52.0,52.0,52.0
NO.883,1,50.0,49.0,50.0,50.0,50.0,49.0
NO.884,1,43.0,43.0,43.0,43.0,43.0,43.0
NO.885,0,55.0,56.0,55.0,55.0,55.0,56.0
NO.886,0,56.0,55.0,56.0,56.0,56.0,55.0
NO.887,1,51.0,54.0,51.0,51.0,51.0,54.0
NO.888,1,51.0,55.0,51.0,51.0,51.0,55.0
NO.889,0,53.0,54.0,53.0,53.0,53.0,54.0
NO.890,1,53.0,53.0,53.0,53.0,53.0,53.0
NO.891,0,54.0,53.0,54.0,54.0,54.0,53.0
NO.892,0,56.0,55.0,56.0,56.0,56.0,55.0
NO.893,1,49.0,54.0,49.0,49.0,49.0,54.0
NO.894,1,49.0,47.0,49.0,49.0,49.0,47.0
NO.895,0,57.0,56.0,57.0,57.0,57.0,56.0
NO.896,1,46.0,52.0,46.0,46.0,46.0,52.0
NO.897,1,53.0,49.0,53.0,53.0,53.0,49.0
NO.898,0,61.0,62.0,61.0,61.0,61.0,62.0
NO.899,0,62.0,59.0,62.0,62.0,62.0,59.0
NO.900,1,50.0,52.0,50.0,50.0,50.0,52.0
NO.901,1,45.0,47.0,45.0,45.0,45.0,47.0
NO.902,0,57.0,58.0,57.0,57.0,57.0,58.0
NO.903,1,44.0,42.0,44.0,44.0,44.0,42.0
NO.904,1,51.0,53.0,51.0,51.0,51.0,53.0
NO.905,1,49.0,49.0,49.0,49.0,49.0,49.0
NO.906,1,51.0,54.0,51.0,51.0,51.0,54.0
NO.907,1,49.0,48.0,49.0,49.0,49.0,48.0
NO.908,1,48.0,49.0,48.0,48.0,48.0,49.0
NO.909,1,48.0,47.0,48.0,48.0,48.0,47.0
NO.910,1,45.0,45.0,45.0,45.0,45.0,45.0
NO.911,1,51.0,50.0,51.0,51.0,51.0,50.0
NO.912,1,51.0,51.0,51.0,51.0,51.0,51.0
NO.913,0,55.0,54.0,55.0,55.0,55.0,54.0
NO.914,1,51.0,48.0,51.0,51.0,51.0,48.0
NO.915,1,49.0,48.0,49.0,49.0,49.0,48.0
NO.916,1,51.0,49.0,51.0,51.0,51.0,49.0
NO.917,1,46.0,49.0,46.0,46.0,46.0,49.0
NO.918,1,49.0,50.0,49.0,49.0,49.0,50.0
NO.919,1,51.0,54.0,51.0,51.0,51.0,54.0
NO.920,1,45.0,48.0,45.0,45.0,45.0,48.0
NO.921,1,43.0,51.0,43.0,43.0,43.0,51.0
NO.922,1,53.0,51.0,53.0,53.0,53.0,51.0
NO.923,1,49.0,49.0,49.0,49.0,49.0,49.0
NO.924,1,52.0,51.0,52.0,52.0,52.0,51.0
NO.925,0,56.0,54.0,56.0,56.0,56.0,54.0
NO.926,1,49.0,47.0,49.0,49.0,49.0,47.0
NO.927,1,49.0,49.0,49.0,49.0,49.0,49.0
NO.928,0,55.0,57.0,55.0,55.0,55.0,57.0
NO.929,1,51.0,52.0,51.0,51.0,51.0,52.0
NO.930,1,49.0,48.0,49.0,49.0,49.0,48.0
NO.931,1,51.0,53.0,51.0,51.0,51.0,53.0
NO.932,1,52.0,54.0,52.0,52.0,52.0,54.0
NO.933,1,44.0,49.0,44.0,44.0,44.0,49.0
NO.934,1,52.0,54.0,52.0,52.0,52.0,54.0
NO.935,1,50.0,51.0,50.0,50.0,50.0,51.0
NO.936,0,52.0,56.0,52.0,52.0,52.0,56.0
NO.937,0,56.0,58.0,56.0,56.0,56.0,58.0
NO.938,1,51.0,53.0,51.0,51.0,51.0,53.0
NO.939,0,55.0,53.0,55.0,55.0,55.0,53.0
NO.940,0,53.0,54.0,53.0,53.0,53.0,54.0
NO.941,1,48.0,51.0,48.0,48.0,48.0,51.0
NO.942,0,56.0,59.0,56.0,56.0,56.0,59.0
NO.943,1,51.0,55.0,51.0,51.0,51.0,55.0
NO.944,1,52.0,52.0,52.0,52.0,52.0,52.0
NO.945,1,48.0,48.0,48.0,48.0,48.0,48.0
NO.946,0,53.0,54.0,53.0,53.0,53.0,54.0
NO.947,1,43.0,46.0,43.0,43.0,43.0,46.0
NO.948,1,40.0,44.0,40.0,40.0,40.0,44.0
NO.949,1,50.0,48.0,50.0,50.0,50.0,48.0
NO.950,1,44.0,46.0,44.0,44.0,44.0,46.0
NO.951,1,49.0,51.0,49.0,49.0,49.0,51.0
NO.952,1,51.0,49.0,51.0,51.0,51.0,49.0
NO.953,1,51.0,54.0,51.0,51.0,51.0,54.0
NO.954,0,58.0,61.0,58.0,58.0,58.0,61.0
NO.955,1,51.0,50.0,51.0,51.0,51.0,50.0
NO.956,1,41.0,47.0,41.0,41.0,41.0,47.0
NO.957,0,54.0,52.0,54.0,54.0,54.0,52.0
NO.958,1,49.0,50.0,49.0,49.0,49.0,50.0
NO.959,1,51.0,52.0,51.0,51.0,51.0,52.0
NO.960,1,52.0,53.0,52.0,52.0,52.0,53.0
NO.961,1,48.0,54.0,48.0,48.0,48.0,54.0
NO.962,0,55.0,53.0,55.0,55.0,55.0,53.0
NO.963,0,57.0,60.0,57.0,57.0,57.0,60.0
NO.964,1,53.0,52.0,53.0,53.0,53.0,52.0
NO.965,1,43.0,44.0,43.0,43.0,43.0,44.0
NO.966,0,56.0,59.0,56.0,56.0,56.0,59.0
NO.967,1,45.0,46.0,45.0,45.0,45.0,46.0
NO.968,0,52.0,56.0,52.0,52.0,52.0,56.0
NO.969,1,48.0,49.0,48.0,48.0,48.0,49.0
NO.970,1,47.0,48.0,47.0,47.0,47.0,48.0
NO.971,1,50.0,52.0,50.0,50.0,50.0,52.0
NO.972,1,49.0,47.0,49.0,49.0,49.0,47.0
NO.973,1,51.0,53.0,51.0,51.0,51.0,53.0
NO.974,1,48.0,48.0,48.0,48.0,48.0,48.0
NO.975,1,49.0,48.0,49.0,49.0,49.0,48.0
NO.976,1,48.0,54.0,48.0,48.0,48.0,54.0
NO.977,1,49.0,49.0,49.0,49.0,49.0,49.0
NO.978,1,47.0,51.0,47.0,47.0,47.0,51.0
NO.979,1,48.0,50.0,48.0,48.0,48.0,50.0
NO.980,1,47.0,52.0,47.0,47.0,47.0,52.0
NO.981,1,48.0,46.0,48.0,48.0,48.0,46.0
NO.982,1,47.0,44.0,47.0,47.0,47.0,44.0
NO.983,0,57.0,56.0,57.0,57.0,57.0,56.0
NO.984,1,46.0,49.0,46.0,46.0,46.0,49.0
NO.985,0,54.0,55.0,54.0,54.0,54.0,55.0
NO.986,0,55.0,54.0,55.0,55.0,55.0,54.0
NO.987,1,47.0,51.0,47.0,47.0,47.0,51.0
NO.988,1,45.0,41.0,45.0,45.0,45.0,41.0
NO.989,1,52.0,48.0,52.0,52.0,52.0,48.0
NO.990,1,47.0,51.0,47.0,47.0,47.0,51.0
NO.991,1,44.0,50.0,44.0,44.0,44.0,50.0
NO.992,1,44.0,45.0,44.0,44.0,44.0,45.0
NO.993,0,55.0,54.0,55.0,55.0,55.0,54.0
NO.994,1,45.0,45.0,45.0,45.0,45.0,45.0
NO.995,1,50.0,51.0,50.0,50.0,50.0,51.0
NO.996,1,47.0,47.0,47.0,47.0,47.0,47.0
NO.997,1,49.0,43.0,49.0,49.0,49.0,43.0
NO.998,1,39.0,47.0,39.0,39.0,39.0,47.0
NO.999,0,57.0,56.0,57.0,57.0,57.0,56.0
NO.1000,1,45.0,46.0,45.0,45.0,45.0,46.0
NO.1001,1,45.0,52.0,45.0,45.0,45.0,52.0
NO.1002,1,50.0,53.0,50.0,50.0,50.0,53.0
NO.1003,1,45.0,45.0,45.0,45.0,45.0,45.0
NO.1004,1,50.0,50.0,50.0,50.0,50.0,50.0
