time,cluster,data
NO.0,2,-13.0,23.0,-25.0,-17.0,17.0,5.0,2.0,-14.0,77.0,-10.0,-10.0,-14.0,-79.0,14.0,8.0,13.0
NO.1,2,-8.0,21.0,-22.0,-9.0,-5.0,3.0,-1.0,-9.0,13.0,0.0,-1.0,-3.0,-14.0,6.0,-1.0,3.0
NO.2,2,24.0,12.0,-8.0,-10.0,27.0,6.0,-2.0,-10.0,48.0,-21.0,1.0,-7.0,-45.0,24.0,-2.0,5.0
NO.3,2,70.0,16.0,-28.0,-8.0,34.0,4.0,2.0,-5.0,-38.0,-17.0,11.0,-8.0,43.0,16.0,-13.0,7.0
NO.4,2,19.0,11.0,-3.0,-6.0,7.0,-4.0,-3.0,-12.0,-2.0,-19.0,18.0,-15.0,1.0,20.0,-18.0,12.0
NO.5,2,26.0,5.0,-12.0,-8.0,14.0,-19.0,6.0,-14.0,20.0,-22.0,-6.0,1.0,-19.0,20.0,6.0,1.0
NO.6,2,-2.0,13.0,-2.0,-8.0,-2.0,-11.0,-2.0,-14.0,13.0,10.0,-2.0,-11.0,-11.0,-8.0,1.0,13.0
NO.7,2,24.0,24.0,-1.0,-2.0,9.0,0.0,-7.0,-2.0,0.0,-36.0,17.0,4.0,0.0,36.0,-16.0,-2.0
NO.8,2,2.0,9.0,15.0,-15.0,-4.0,-3.0,0.0,-6.0,-13.0,15.0,-3.0,-12.0,11.0,-15.0,3.0,9.0
NO.9,2,30.0,30.0,-6.0,5.0,21.0,-3.0,-6.0,2.0,21.0,-36.0,9.0,17.0,-12.0,42.0,-9.0,-10.0
NO.10,2,9.0,14.0,13.0,6.0,6.0,-10.0,-14.0,0.0,12.0,-7.0,16.0,-3.0,-9.0,8.0,-14.0,9.0
NO.11,2,13.0,0.0,-11.0,-10.0,10.0,-3.0,-8.0,-16.0,-5.0,-9.0,-8.0,-7.0,7.0,9.0,7.0,5.0
NO.12,2,25.0,18.0,-30.0,-8.0,-8.0,-9.0,-6.0,-8.0,-11.0,-9.0,9.0,7.0,13.0,12.0,-12.0,-8.0
NO.13,2,12.0,19.0,-1.0,-11.0,6.0,-2.0,2.0,-14.0,0.0,1.0,11.0,-20.0,0.0,1.0,-13.0,22.0
NO.14,2,12.0,26.0,6.0,-8.0,0.0,-1.0,-3.0,-14.0,21.0,-19.0,9.0,-17.0,-18.0,23.0,-9.0,16.0
NO.15,2,18.0,12.0,-3.0,-7.0,3.0,-9.0,-3.0,-7.0,-6.0,-6.0,6.0,-7.0,6.0,6.0,-6.0,8.0
NO.16,2,8.0,4.0,-11.0,-3.0,-7.0,-17.0,-8.0,-3.0,-7.0,-2.0,-5.0,12.0,5.0,1.0,4.0,-9.0
NO.17,2,16.0,7.0,-12.0,-12.0,-5.0,-23.0,0.0,-6.0,-23.0,4.0,9.0,-6.0,22.0,-8.0,-9.0,3.0
NO.18,2,29.0,45.0,-13.0,-22.0,11.0,3.0,-4.0,-25.0,11.0,-39.0,-10.0,-16.0,-10.0,42.0,8.0,14.0
NO.19,2,41.0,45.0,-60.0,-23.0,14.0,-15.0,3.0,-26.0,2.0,-12.0,12.0,-23.0,-4.0,15.0,-15.0,25.0
NO.20,2,23.0,28.0,-49.0,-4.0,5.0,-2.0,-4.0,-10.0,-7.0,-20.0,5.0,5.0,5.0,22.0,-7.0,-4.0
NO.21,2,12.0,29.0,-21.0,-6.0,0.0,-13.0,0.0,-6.0,6.0,-10.0,-6.0,-6.0,-9.0,11.0,6.0,9.0
NO.22,2,17.0,28.0,-21.0,-5.0,5.0,-8.0,-3.0,-8.0,8.0,-26.0,6.0,-5.0,-10.0,25.0,-6.0,4.0
NO.23,2,21.0,29.0,-17.0,-6.0,6.0,2.0,-8.0,-15.0,-6.0,-28.0,1.0,0.0,6.0,32.0,-2.0,3.0
NO.24,2,21.0,28.0,-14.0,-7.0,3.0,1.0,-5.0,-10.0,-12.0,-17.0,13.0,-4.0,12.0,19.0,-14.0,5.0
NO.25,2,10.0,9.0,-38.0,-4.0,-5.0,3.0,-2.0,-13.0,-20.0,3.0,4.0,-13.0,19.0,-3.0,-5.0,14.0
NO.26,2,32.0,35.0,-15.0,-22.0,11.0,-7.0,-3.0,-28.0,11.0,-52.0,-9.0,-19.0,-13.0,50.0,6.0,17.0
NO.27,2,17.0,34.0,-65.0,-12.0,-16.0,-2.0,-2.0,-15.0,-16.0,-11.0,28.0,-12.0,14.0,13.0,-29.0,15.0
NO.28,2,29.0,14.0,-1.0,-1.0,20.0,-4.0,-1.0,-4.0,-4.0,-19.0,8.0,2.0,5.0,20.0,-10.0,2.0
NO.29,2,38.0,17.0,-26.0,-7.0,23.0,-10.0,-2.0,-13.0,-1.0,-19.0,-11.0,-1.0,5.0,20.0,10.0,2.0
NO.30,2,26.0,28.0,-4.0,2.0,5.0,-8.0,-4.0,2.0,-13.0,-11.0,-7.0,11.0,14.0,13.0,5.0,-7.0
NO.31,2,4.0,-8.0,5.0,5.0,4.0,-2.0,-4.0,5.0,4.0,-8.0,44.0,17.0,-2.0,7.0,-46.0,-13.0
NO.32,2,6.0,2.0,-24.0,-7.0,0.0,-10.0,-3.0,-7.0,-3.0,11.0,3.0,-1.0,3.0,-13.0,-3.0,2.0
NO.33,2,17.0,13.0,-16.0,-2.0,2.0,-8.0,2.0,-5.0,-19.0,4.0,-7.0,4.0,17.0,-8.0,5.0,4.0
NO.34,2,11.0,15.0,15.0,-4.0,-1.0,-3.0,-6.0,-7.0,-4.0,3.0,3.0,5.0,5.0,-3.0,-3.0,-1.0
NO.35,2,4.0,9.0,-17.0,-2.0,1.0,-6.0,1.0,-11.0,10.0,0.0,-2.0,-2.0,-11.0,-3.0,1.0,7.0
NO.36,2,23.0,16.0,11.0,-2.0,17.0,-14.0,-7.0,-8.0,29.0,-11.0,-13.0,16.0,-28.0,10.0,11.0,-11.0
NO.37,2,-9.0,7.0,-11.0,-18.0,-12.0,4.0,-8.0,-12.0,-27.0,7.0,4.0,-12.0,27.0,-2.0,-5.0,6.0
NO.38,2,19.0,15.0,7.0,-16.0,4.0,-15.0,-5.0,-22.0,10.0,-3.0,-2.0,-16.0,-11.0,3.0,1.0,17.0
NO.39,2,17.0,6.0,-34.0,-16.0,-1.0,-12.0,8.0,-16.0,-16.0,6.0,2.0,-7.0,14.0,-9.0,-4.0,8.0
NO.40,2,26.0,8.0,-5.0,-9.0,2.0,-1.0,-5.0,-12.0,-22.0,-19.0,-5.0,-3.0,23.0,17.0,4.0,0.0
NO.41,2,30.0,18.0,-33.0,-21.0,6.0,-12.0,-3.0,-33.0,-12.0,-21.0,15.0,-24.0,12.0,21.0,-15.0,21.0
NO.42,2,-2.0,-2.0,-11.0,-9.0,4.0,-2.0,1.0,-9.0,-2.0,-11.0,7.0,-6.0,1.0,7.0,-8.0,6.0
NO.43,2,18.0,18.0,1.0,-4.0,12.0,-3.0,-5.0,-7.0,0.0,-27.0,-14.0,2.0,-3.0,27.0,13.0,-1.0
NO.44,2,10.0,8.0,-35.0,-17.0,-2.0,2.0,-5.0,-23.0,-23.0,-16.0,19.0,-20.0,22.0,17.0,-20.0,19.0
NO.45,2,23.0,24.0,1.0,-23.0,8.0,0.0,-2.0,-26.0,-1.0,-33.0,4.0,-20.0,-1.0,33.0,-5.0,16.0
NO.46,2,16.0,33.0,-39.0,-4.0,-2.0,18.0,-3.0,-7.0,-32.0,-36.0,12.0,8.0,31.0,39.0,-15.0,-4.0
NO.47,2,3.0,-13.0,17.0,-20.0,-3.0,5.0,-7.0,-26.0,-27.0,14.0,11.0,-29.0,30.0,-16.0,-10.0,25.0
NO.48,2,5.0,14.0,51.0,-19.0,-1.0,2.0,-3.0,-22.0,23.0,-13.0,27.0,-31.0,-22.0,17.0,-24.0,29.0
NO.49,2,11.0,12.0,-11.0,-6.0,2.0,0.0,-2.0,-12.0,-7.0,-12.0,7.0,-12.0,5.0,12.0,-8.0,12.0
NO.50,2,27.0,25.0,-5.0,-8.0,9.0,-2.0,-2.0,-8.0,12.0,-32.0,-32.0,-2.0,-15.0,31.0,31.0,1.0
NO.51,2,9.0,9.0,1.0,-5.0,3.0,-3.0,-2.0,-11.0,12.0,-15.0,-2.0,-5.0,-12.0,15.0,1.0,7.0
NO.52,2,1.0,-7.0,-8.0,4.0,-5.0,-4.0,-5.0,1.0,-8.0,-1.0,1.0,13.0,7.0,-1.0,-2.0,-8.0
NO.53,2,6.0,6.0,13.0,1.0,0.0,-3.0,-8.0,-2.0,12.0,-15.0,-17.0,13.0,-12.0,15.0,16.0,-11.0
NO.54,2,13.0,0.0,0.0,-7.0,1.0,0.0,0.0,-16.0,-14.0,-6.0,24.0,-25.0,13.0,3.0,-24.0,26.0
NO.55,2,15.0,-6.0,-13.0,-3.0,3.0,-12.0,-10.0,-12.0,12.0,-6.0,-28.0,6.0,-12.0,3.0,26.0,-3.0
NO.56,2,22.0,11.0,-22.0,-3.0,-2.0,2.0,-1.0,0.0,-14.0,-31.0,11.0,3.0,13.0,29.0,-13.0,-3.0
NO.57,2,8.0,12.0,-14.0,-8.0,2.0,6.0,1.0,-11.0,-7.0,-18.0,7.0,-11.0,5.0,18.0,-8.0,10.0
NO.58,2,24.0,23.0,-3.0,8.0,9.0,2.0,-6.0,8.0,36.0,-34.0,-24.0,23.0,-39.0,35.0,21.0,-19.0
NO.59,2,16.0,18.0,1.0,0.0,4.0,3.0,-2.0,-3.0,22.0,-21.0,7.0,3.0,-23.0,21.0,-8.0,0.0
NO.60,2,27.0,8.0,-3.0,1.0,6.0,-10.0,-3.0,-8.0,3.0,-19.0,-3.0,-2.0,-3.0,17.0,3.0,4.0
NO.61,0,-10.0,-28.0,19.0,-2.0,-7.0,-4.0,-2.0,-5.0,8.0,23.0,49.0,-26.0,-4.0,-28.0,-47.0,28.0
NO.62,2,31.0,8.0,23.0,-9.0,1.0,-13.0,-4.0,-3.0,-23.0,-22.0,20.0,3.0,22.0,17.0,-22.0,-6.0
NO.63,2,24.0,22.0,-17.0,-8.0,12.0,-2.0,-2.0,-14.0,12.0,-26.0,4.0,-11.0,-12.0,25.0,-5.0,13.0
NO.64,2,27.0,25.0,-10.0,0.0,9.0,-2.0,-7.0,-3.0,3.0,-32.0,8.0,9.0,-3.0,31.0,-10.0,-3.0
NO.65,2,19.0,7.0,-2.0,-4.0,7.0,-5.0,-8.0,-10.0,4.0,-14.0,-14.0,2.0,-5.0,13.0,13.0,2.0
NO.66,2,35.0,23.0,-14.0,-4.0,14.0,-1.0,-5.0,-4.0,11.0,-34.0,-11.0,8.0,-10.0,35.0,10.0,-7.0
NO.67,2,24.0,18.0,-16.0,-8.0,9.0,-3.0,-1.0,-11.0,-6.0,-24.0,5.0,-14.0,3.0,21.0,-7.0,16.0
NO.68,2,35.0,30.0,3.0,6.0,8.0,-12.0,-12.0,0.0,17.0,-42.0,0.0,15.0,-19.0,42.0,0.0,-9.0
NO.69,2,36.0,26.0,0.0,-10.0,12.0,-10.0,-3.0,-13.0,12.0,-40.0,6.0,-10.0,-12.0,38.0,-6.0,11.0
NO.70,2,49.0,28.0,-19.0,-6.0,16.0,-17.0,-1.0,-9.0,-2.0,-38.0,-16.0,-3.0,1.0,34.0,14.0,3.0
NO.71,2,10.0,-3.0,-16.0,-15.0,-17.0,-12.0,-4.0,-18.0,-41.0,-3.0,17.0,3.0,40.0,3.0,-13.0,-3.0
NO.72,2,44.0,21.0,10.0,-7.0,26.0,-9.0,1.0,-10.0,-4.0,-30.0,13.0,-7.0,2.0,30.0,-11.0,11.0
NO.73,2,26.0,-14.0,22.0,9.0,14.0,-23.0,-20.0,12.0,-4.0,-11.0,13.0,21.0,5.0,10.0,-11.0,-15.0
NO.74,2,-14.0,-1.0,0.0,-5.0,-14.0,2.0,3.0,1.0,-5.0,2.0,0.0,10.0,4.0,2.0,0.0,-8.0
NO.75,2,9.0,17.0,-6.0,-3.0,3.0,2.0,-3.0,-6.0,6.0,-25.0,3.0,-3.0,-9.0,23.0,-3.0,6.0
NO.76,2,10.0,23.0,-7.0,20.0,10.0,5.0,-25.0,23.0,7.0,-22.0,26.0,14.0,-8.0,23.0,-25.0,-4.0
NO.77,2,34.0,10.0,33.0,-4.0,19.0,-8.0,0.0,-13.0,1.0,-11.0,18.0,-16.0,1.0,7.0,-15.0,20.0
NO.78,2,16.0,5.0,-6.0,-4.0,19.0,-1.0,-15.0,-4.0,19.0,-1.0,-6.0,-7.0,-17.0,-1.0,9.0,11.0
NO.79,2,-12.0,-14.0,1.0,-16.0,-9.0,4.0,1.0,-19.0,0.0,22.0,-23.0,5.0,3.0,-20.0,28.0,-4.0
NO.80,2,26.0,8.0,-8.0,-3.0,20.0,-7.0,-11.0,0.0,14.0,-13.0,-5.0,15.0,-10.0,14.0,7.0,-15.0
NO.81,2,34.0,-3.0,-15.0,6.0,25.0,-12.0,-24.0,3.0,13.0,-12.0,3.0,9.0,-11.0,9.0,3.0,-3.0
NO.82,2,28.0,14.0,36.0,8.0,19.0,2.0,-27.0,5.0,19.0,-31.0,21.0,11.0,-17.0,32.0,-15.0,-4.0
NO.83,2,19.0,7.0,-11.0,4.0,7.0,-2.0,-14.0,-2.0,1.0,-14.0,10.0,4.0,1.0,13.0,-8.0,1.0
NO.84,2,32.0,10.0,-4.0,-3.0,29.0,7.0,2.0,-3.0,-4.0,-17.0,-28.0,6.0,8.0,16.0,29.0,-6.0
NO.85,2,8.0,-7.0,-19.0,-4.0,-10.0,-7.0,-10.0,-4.0,-16.0,17.0,11.0,-4.0,17.0,-19.0,-10.0,5.0
NO.86,2,15.0,-7.0,7.0,-15.0,-12.0,-4.0,-11.0,0.0,-51.0,-10.0,19.0,21.0,51.0,11.0,-17.0,-30.0
NO.87,2,10.0,-1.0,-1.0,-2.0,1.0,-7.0,-1.0,-2.0,7.0,-4.0,-4.0,1.0,-8.0,2.0,5.0,1.0
NO.88,2,6.0,-3.0,-9.0,-4.0,-3.0,-3.0,3.0,2.0,-3.0,-3.0,0.0,8.0,3.0,0.0,0.0,-7.0
NO.89,2,19.0,15.0,14.0,-4.0,7.0,-3.0,2.0,-7.0,4.0,-15.0,-4.0,-1.0,-5.0,15.0,5.0,2.0
NO.90,2,29.0,49.0,31.0,1.0,20.0,10.0,-2.0,-2.0,11.0,-35.0,1.0,7.0,-10.0,43.0,1.0,-2.0
NO.91,2,28.0,18.0,4.0,-10.0,10.0,3.0,-5.0,-13.0,7.0,-33.0,-5.0,-4.0,-8.0,33.0,4.0,2.0
NO.92,2,12.0,-8.0,-16.0,0.0,6.0,-5.0,-4.0,-6.0,12.0,1.0,-10.0,6.0,-12.0,-5.0,8.0,-3.0
NO.93,2,-6.0,-5.0,-11.0,-2.0,-3.0,4.0,-5.0,-11.0,-9.0,-2.0,-2.0,1.0,9.0,1.0,1.0,4.0
NO.94,2,15.0,24.0,-4.0,-13.0,15.0,0.0,-16.0,-19.0,3.0,-15.0,-40.0,8.0,0.0,21.0,38.0,-10.0
NO.95,2,17.0,14.0,-12.0,-8.0,8.0,2.0,-9.0,-14.0,5.0,-28.0,-30.0,1.0,-7.0,26.0,27.0,1.0
NO.96,2,11.0,1.0,-31.0,-6.0,8.0,-5.0,-4.0,-9.0,-4.0,-2.0,2.0,-3.0,5.0,1.0,-4.0,3.0
NO.97,2,-4.0,0.0,-20.0,-15.0,8.0,6.0,-14.0,-24.0,5.0,6.0,-32.0,0.0,2.0,-3.0,31.0,0.0
NO.98,2,59.0,45.0,-34.0,-14.0,32.0,9.0,-7.0,-32.0,-1.0,-54.0,-46.0,-29.0,2.0,54.0,44.0,28.0
NO.99,2,35.0,-3.0,-30.0,-11.0,2.0,-18.0,-9.0,-20.0,-25.0,-6.0,-6.0,-8.0,26.0,3.0,3.0,10.0
NO.100,2,15.0,18.0,1.0,-5.0,9.0,0.0,-5.0,-8.0,9.0,-21.0,-5.0,1.0,-9.0,21.0,4.0,1.0
NO.101,2,-1.0,-8.0,-6.0,-2.0,-7.0,4.0,-9.0,-5.0,-13.0,-2.0,0.0,13.0,14.0,1.0,0.0,-8.0
NO.102,2,15.0,10.0,-2.0,-9.0,12.0,1.0,-2.0,-12.0,0.0,-17.0,-8.0,-9.0,0.0,16.0,7.0,9.0
NO.103,2,25.0,15.0,-2.0,-6.0,4.0,-3.0,-2.0,-9.0,-2.0,-15.0,-11.0,-9.0,1.0,15.0,10.0,12.0
NO.104,2,9.0,-6.0,-5.0,0.0,0.0,-3.0,-5.0,-6.0,-15.0,3.0,-14.0,6.0,15.0,-6.0,13.0,-3.0
NO.105,2,24.0,10.0,-48.0,-17.0,15.0,-2.0,-6.0,-20.0,3.0,4.0,-9.0,-8.0,0.0,-2.0,6.0,4.0
NO.106,2,32.0,-14.0,-29.0,1.0,14.0,-11.0,-8.0,-5.0,-13.0,-2.0,25.0,7.0,17.0,-2.0,-26.0,-5.0
NO.107,2,22.0,27.0,16.0,-3.0,10.0,0.0,-5.0,-6.0,34.0,-42.0,-14.0,6.0,-35.0,42.0,13.0,-3.0
NO.108,2,8.0,10.0,5.0,2.0,8.0,-2.0,-4.0,-1.0,14.0,-14.0,-10.0,8.0,-16.0,13.0,8.0,-4.0
NO.109,2,11.0,6.0,1.0,0.0,5.0,-3.0,-2.0,-3.0,11.0,-15.0,-2.0,3.0,-10.0,15.0,1.0,0.0
NO.110,2,14.0,10.0,3.0,3.0,5.0,1.0,-3.0,0.0,8.0,-17.0,0.0,6.0,-7.0,16.0,0.0,-3.0
NO.111,2,-1.0,2.0,-3.0,-2.0,2.0,2.0,-3.0,-5.0,11.0,-10.0,-6.0,-2.0,-10.0,8.0,6.0,4.0
NO.112,2,28.0,24.0,8.0,-5.0,10.0,0.0,-4.0,-8.0,13.0,-27.0,-13.0,1.0,-14.0,27.0,11.0,1.0
NO.113,2,13.0,15.0,11.0,-5.0,1.0,3.0,-1.0,-8.0,-2.0,-15.0,11.0,-8.0,1.0,12.0,-13.0,10.0
NO.114,2,-6.0,-13.0,-26.0,2.0,0.0,2.0,-2.0,2.0,-15.0,-1.0,-59.0,17.0,15.0,-1.0,58.0,-10.0
NO.115,2,21.0,26.0,8.0,-4.0,9.0,-1.0,-1.0,-10.0,15.0,-40.0,8.0,-7.0,-18.0,41.0,-7.0,8.0
NO.116,2,10.0,16.0,-21.0,-1.0,7.0,10.0,6.0,-1.0,-29.0,-29.0,-18.0,17.0,28.0,28.0,15.0,-13.0
NO.117,2,8.0,16.0,-12.0,1.0,-1.0,4.0,-3.0,-2.0,5.0,-17.0,-6.0,7.0,-4.0,19.0,6.0,-8.0
NO.118,2,20.0,13.0,-11.0,0.0,-1.0,-2.0,-5.0,-6.0,14.0,-20.0,-11.0,6.0,-16.0,19.0,10.0,-3.0
NO.119,2,23.0,25.0,-18.0,-1.0,11.0,-5.0,-9.0,-7.0,23.0,-47.0,-18.0,20.0,-25.0,46.0,15.0,-16.0
NO.120,2,12.0,-3.0,-17.0,1.0,-6.0,-9.0,-5.0,-5.0,-48.0,12.0,-5.0,7.0,48.0,-15.0,4.0,-5.0
NO.121,2,9.0,3.0,13.0,-3.0,3.0,-3.0,-5.0,0.0,-24.0,6.0,-17.0,9.0,24.0,-6.0,16.0,-6.0
NO.122,2,3.0,-1.0,4.0,-7.0,0.0,2.0,-5.0,-10.0,-21.0,-7.0,-5.0,5.0,21.0,8.0,4.0,-4.0
NO.123,2,6.0,-14.0,7.0,-9.0,-3.0,-8.0,-5.0,-9.0,-15.0,7.0,7.0,-3.0,15.0,-11.0,-8.0,3.0
NO.124,2,6.0,0.0,7.0,-1.0,-6.0,-3.0,-8.0,-4.0,-3.0,-3.0,-23.0,23.0,3.0,3.0,22.0,-19.0
NO.125,2,2.0,2.0,-2.0,-5.0,-1.0,2.0,-5.0,-11.0,-13.0,-1.0,4.0,-5.0,14.0,-1.0,-5.0,7.0
NO.126,2,-1.0,0.0,-12.0,-2.0,-4.0,0.0,-3.0,-5.0,-19.0,-3.0,0.0,4.0,20.0,3.0,0.0,-2.0
NO.127,2,4.0,1.0,-2.0,-14.0,-2.0,-8.0,1.0,-23.0,-8.0,7.0,-23.0,-20.0,7.0,-8.0,22.0,19.0
NO.128,2,6.0,-4.0,-24.0,-10.0,-6.0,-10.0,-6.0,-16.0,-36.0,14.0,0.0,-7.0,36.0,-16.0,0.0,11.0
NO.129,2,4.0,-7.0,-3.0,-24.0,-5.0,-13.0,-3.0,-36.0,-5.0,11.0,-3.0,-33.0,4.0,-13.0,0.0,30.0
NO.130,2,2.0,-5.0,-8.0,6.0,-4.0,-8.0,1.0,3.0,-16.0,-5.0,-11.0,15.0,14.0,1.0,10.0,-9.0
NO.131,2,2.0,-1.0,-2.0,0.0,2.0,5.0,-2.0,-6.0,-4.0,-1.0,-11.0,-6.0,2.0,2.0,10.0,9.0
NO.132,2,0.0,-2.0,10.0,1.0,-3.0,-2.0,-2.0,-2.0,6.0,4.0,-17.0,1.0,-6.0,-5.0,16.0,1.0
NO.133,2,3.0,3.0,-9.0,5.0,-3.0,3.0,-3.0,2.0,-18.0,-6.0,-3.0,11.0,18.0,6.0,3.0,-7.0
NO.134,2,-1.0,-12.0,-10.0,1.0,-1.0,-12.0,-1.0,4.0,-7.0,-3.0,-1.0,19.0,5.0,0.0,-1.0,-14.0
NO.135,2,0.0,3.0,9.0,-5.0,-3.0,3.0,-6.0,-11.0,3.0,-6.0,-6.0,-5.0,-3.0,6.0,6.0,7.0
NO.136,0,3.0,-18.0,-48.0,-11.0,-15.0,-21.0,-3.0,-14.0,-108.0,24.0,51.0,-11.0,108.0,-27.0,-51.0,10.0
NO.137,2,8.0,7.0,2.0,-8.0,-7.0,4.0,-10.0,-11.0,-37.0,4.0,-4.0,7.0,38.0,-2.0,2.0,-5.0
NO.138,2,5.0,4.0,-11.0,-11.0,-13.0,1.0,-8.0,-11.0,-55.0,7.0,7.0,1.0,56.0,-5.0,-8.0,-2.0
NO.139,2,10.0,-5.0,0.0,-14.0,-8.0,-5.0,-6.0,-17.0,-17.0,13.0,-6.0,-8.0,16.0,-14.0,3.0,7.0
NO.140,2,1.0,-11.0,-9.0,-3.0,-2.0,-11.0,-6.0,-6.0,-5.0,7.0,-15.0,9.0,4.0,-11.0,12.0,-6.0
NO.141,0,12.0,-31.0,-42.0,1.0,-6.0,-67.0,0.0,-5.0,-3.0,74.0,-33.0,10.0,3.0,-85.0,30.0,-5.0
NO.142,2,1.0,-3.0,-14.0,-4.0,-2.0,-6.0,-2.0,-4.0,-5.0,6.0,1.0,-1.0,4.0,-6.0,-2.0,2.0
NO.143,2,-4.0,-4.0,-10.0,-8.0,2.0,-7.0,2.0,-8.0,2.0,2.0,-4.0,-8.0,-4.0,-7.0,2.0,10.0
NO.144,2,6.0,4.0,-4.0,-2.0,-3.0,1.0,-4.0,-11.0,-18.0,1.0,2.0,-5.0,18.0,-2.0,-4.0,7.0
NO.145,2,-2.0,3.0,-4.0,-2.0,-2.0,-9.0,-1.0,-8.0,-23.0,6.0,5.0,-2.0,22.0,-6.0,-7.0,7.0
NO.146,2,3.0,3.0,-6.0,-1.0,-3.0,0.0,0.0,-7.0,-12.0,3.0,3.0,-4.0,12.0,-3.0,0.0,8.0
NO.147,2,0.0,-2.0,23.0,2.0,3.0,1.0,-7.0,5.0,12.0,-2.0,-1.0,2.0,-12.0,1.0,2.0,-1.0
NO.148,2,6.0,-1.0,5.0,-1.0,-3.0,-7.0,-4.0,-1.0,-6.0,8.0,8.0,-4.0,6.0,-10.0,-7.0,8.0
NO.149,2,4.0,10.0,-6.0,-1.0,-2.0,10.0,3.0,-7.0,-23.0,-5.0,-12.0,5.0,22.0,7.0,12.0,-1.0
NO.150,2,0.0,-4.0,15.0,-4.0,0.0,-7.0,0.0,-4.0,-6.0,-1.0,-3.0,8.0,6.0,-1.0,3.0,-7.0
NO.151,2,0.0,0.0,4.0,5.0,-3.0,3.0,-8.0,2.0,-15.0,-9.0,-8.0,17.0,15.0,9.0,10.0,-10.0
NO.152,2,4.0,-7.0,7.0,-2.0,-2.0,-4.0,-5.0,-11.0,13.0,5.0,-23.0,1.0,-14.0,-7.0,25.0,4.0
NO.153,2,10.0,7.0,-21.0,-3.0,1.0,-5.0,6.0,-9.0,-20.0,7.0,-33.0,6.0,16.0,-5.0,30.0,0.0
NO.154,2,9.0,-16.0,-18.0,-8.0,-3.0,-13.0,-12.0,-11.0,-36.0,17.0,6.0,-5.0,36.0,-22.0,-3.0,7.0
NO.155,2,3.0,-12.0,21.0,-8.0,0.0,-9.0,9.0,-8.0,-6.0,6.0,-3.0,4.0,6.0,-9.0,3.0,-2.0
NO.156,2,4.0,1.0,9.0,-2.0,-2.0,1.0,6.0,-8.0,-5.0,1.0,-6.0,-2.0,4.0,-2.0,6.0,7.0
NO.157,2,3.0,-4.0,-2.0,-2.0,0.0,-10.0,4.0,-2.0,-6.0,2.0,-11.0,10.0,6.0,-4.0,10.0,-8.0
NO.158,2,-6.0,-13.0,2.0,0.0,3.0,-13.0,2.0,-3.0,-6.0,14.0,-1.0,9.0,6.0,-16.0,2.0,-6.0
NO.159,2,3.0,-4.0,-6.0,2.0,0.0,-7.0,6.0,-4.0,-6.0,-1.0,-6.0,2.0,6.0,-1.0,6.0,2.0
NO.160,2,1.0,10.0,11.0,-3.0,-2.0,7.0,5.0,-9.0,1.0,-11.0,-7.0,0.0,-2.0,13.0,8.0,3.0
NO.161,2,-3.0,-4.0,-6.0,4.0,-3.0,-7.0,3.0,-2.0,-15.0,-1.0,6.0,4.0,15.0,-1.0,-6.0,1.0
NO.162,2,-3.0,2.0,-9.0,3.0,0.0,5.0,6.0,0.0,-3.0,-10.0,-12.0,15.0,3.0,11.0,12.0,-9.0
NO.163,2,8.0,6.0,11.0,-4.0,-4.0,3.0,-1.0,-7.0,2.0,-6.0,-1.0,-1.0,-1.0,6.0,2.0,2.0
NO.164,2,14.0,14.0,6.0,-5.0,-4.0,8.0,12.0,-11.0,5.0,-4.0,-21.0,-2.0,-4.0,8.0,21.0,4.0
NO.165,2,11.0,0.0,-6.0,-12.0,-4.0,0.0,3.0,-18.0,-10.0,3.0,-3.0,-12.0,11.0,-3.0,3.0,12.0
NO.166,2,6.0,-6.0,7.0,-6.0,0.0,-12.0,-5.0,-12.0,0.0,9.0,-8.0,-3.0,0.0,-12.0,7.0,6.0
NO.167,2,-2.0,5.0,-6.0,-1.0,-2.0,5.0,0.0,-7.0,-11.0,-7.0,3.0,-7.0,10.0,5.0,-3.0,11.0
NO.168,2,0.0,5.0,-9.0,-3.0,-3.0,2.0,-3.0,-9.0,-6.0,-1.0,-3.0,-9.0,6.0,2.0,3.0,12.0
NO.169,2,0.0,-1.0,7.0,-4.0,0.0,-1.0,-2.0,-4.0,0.0,5.0,-2.0,-7.0,0.0,-7.0,1.0,11.0
NO.170,2,-1.0,5.0,-5.0,-7.0,-1.0,5.0,1.0,-7.0,2.0,-7.0,-2.0,-7.0,-4.0,8.0,1.0,8.0
NO.171,2,3.0,9.0,-4.0,-10.0,-3.0,6.0,-1.0,-16.0,-3.0,-6.0,-4.0,-13.0,3.0,6.0,2.0,14.0
NO.172,2,4.0,-1.0,-2.0,-7.0,-2.0,-1.0,-2.0,14.0,-11.0,2.0,-8.0,-7.0,10.0,-4.0,7.0,8.0
NO.173,2,0.0,1.0,6.0,-3.0,-6.0,-2.0,-15.0,-3.0,9.0,-5.0,-18.0,9.0,-9.0,4.0,18.0,-3.0
NO.174,0,5.0,-11.0,3.0,-5.0,-4.0,-11.0,-3.0,22.0,-7.0,13.0,6.0,-5.0,8.0,-17.0,-6.0,4.0
NO.175,2,0.0,-8.0,15.0,-6.0,0.0,-5.0,-21.0,-3.0,-12.0,1.0,-27.0,18.0,12.0,-2.0,27.0,-12.0
NO.176,2,0.0,-6.0,17.0,-15.0,-3.0,-6.0,-22.0,-24.0,15.0,-3.0,-34.0,15.0,-12.0,3.0,35.0,-9.0
NO.177,2,-3.0,-2.0,-3.0,0.0,0.0,-5.0,-3.0,0.0,3.0,1.0,-9.0,-9.0,-3.0,-2.0,9.0,12.0
NO.178,2,1.0,-9.0,16.0,-7.0,-8.0,-9.0,-17.0,-10.0,-5.0,6.0,-14.0,5.0,7.0,-9.0,13.0,2.0
NO.179,2,0.0,-7.0,-7.0,-6.0,0.0,-10.0,-4.0,6.0,-6.0,11.0,2.0,-12.0,6.0,-16.0,-4.0,15.0
NO.180,2,0.0,-2.0,1.0,-1.0,-3.0,-5.0,-2.0,-4.0,-6.0,4.0,-2.0,-7.0,6.0,-8.0,1.0,11.0
NO.181,2,0.0,-1.0,4.0,-4.0,0.0,-1.0,-5.0,8.0,6.0,2.0,-14.0,2.0,-6.0,-4.0,13.0,-1.0
NO.182,2,3.0,0.0,4.0,-8.0,-3.0,-6.0,-2.0,1.0,-12.0,6.0,4.0,-14.0,12.0,-9.0,-5.0,16.0
NO.183,0,3.0,-20.0,-11.0,-7.0,-3.0,-26.0,-2.0,23.0,-30.0,31.0,-5.0,-10.0,30.0,-41.0,4.0,11.0
NO.184,2,0.0,0.0,12.0,-3.0,-3.0,0.0,-6.0,-3.0,21.0,0.0,-12.0,-3.0,-21.0,0.0,12.0,6.0
NO.185,2,3.0,-3.0,3.0,2.0,0.0,-6.0,-3.0,2.0,0.0,0.0,-6.0,-4.0,0.0,-3.0,6.0,8.0
NO.186,4,-2.0,-13.0,19.0,-31.0,-14.0,-19.0,-38.0,-43.0,13.0,17.0,-44.0,14.0,-8.0,-19.0,46.0,-7.0
NO.187,2,7.0,6.0,-10.0,-16.0,-5.0,3.0,-4.0,26.0,4.0,6.0,-22.0,-13.0,-5.0,-9.0,20.0,14.0
NO.188,2,4.0,-19.0,10.0,-22.0,-8.0,-22.0,-26.0,-16.0,-14.0,20.0,-47.0,11.0,16.0,-25.0,46.0,-4.0
NO.189,0,2.0,-8.0,25.0,-3.0,-4.0,-11.0,-5.0,36.0,-1.0,13.0,4.0,-15.0,2.0,-20.0,-2.0,21.0
NO.190,2,3.0,-14.0,9.0,-11.0,0.0,-20.0,-6.0,-8.0,0.0,28.0,-9.0,-8.0,0.0,-32.0,9.0,13.0
NO.191,0,-1.0,-23.0,-13.0,-12.0,-7.0,-29.0,-1.0,3.0,-37.0,28.0,20.0,-33.0,38.0,-38.0,-19.0,36.0
NO.192,2,8.0,-4.0,13.0,-6.0,-4.0,-4.0,-5.0,6.0,-13.0,8.0,4.0,-9.0,14.0,-10.0,-5.0,9.0
NO.193,2,8.0,1.0,-10.0,-6.0,-1.0,-5.0,-1.0,27.0,-13.0,7.0,-40.0,-9.0,11.0,-11.0,38.0,9.0
NO.194,2,8.0,7.0,0.0,-8.0,-1.0,4.0,-3.0,22.0,-13.0,-2.0,-12.0,-14.0,14.0,1.0,12.0,16.0
NO.195,0,6.0,5.0,-9.0,-4.0,-3.0,2.0,-3.0,56.0,-12.0,-4.0,9.0,-22.0,12.0,-1.0,-9.0,26.0
NO.196,0,-2.0,-15.0,-7.0,-1.0,-5.0,-15.0,-1.0,23.0,-11.0,9.0,11.0,-19.0,10.0,-18.0,-13.0,20.0
NO.197,2,1.0,-2.0,29.0,-12.0,1.0,1.0,-10.0,-9.0,-5.0,-2.0,5.0,-3.0,7.0,1.0,-4.0,6.0
NO.198,2,18.0,8.0,-7.0,-21.0,3.0,5.0,-10.0,15.0,-21.0,-1.0,-10.0,-15.0,24.0,-1.0,8.0,15.0
NO.199,2,14.0,8.0,-48.0,-20.0,5.0,8.0,-6.0,61.0,-25.0,-13.0,-3.0,-17.0,26.0,8.0,0.0,19.0
NO.200,2,12.0,16.0,9.0,-8.0,0.0,7.0,-6.0,-11.0,-21.0,-8.0,-3.0,-8.0,21.0,10.0,3.0,10.0
NO.201,2,2.0,-11.0,7.0,-15.0,11.0,-14.0,-2.0,-12.0,2.0,16.0,-5.0,-9.0,-1.0,-20.0,4.0,9.0
NO.202,2,-3.0,-1.0,-8.0,-6.0,0.0,-4.0,-5.0,-6.0,-9.0,-1.0,-5.0,-9.0,9.0,-1.0,4.0,12.0
NO.203,2,8.0,-8.0,5.0,-24.0,5.0,-8.0,-19.0,-6.0,-7.0,10.0,-28.0,-3.0,11.0,-11.0,29.0,6.0
NO.204,2,15.0,4.0,6.0,-13.0,3.0,1.0,-6.0,8.0,-15.0,-2.0,-12.0,-4.0,18.0,1.0,12.0,2.0
NO.205,4,8.0,-2.0,16.0,-15.0,5.0,-2.0,-32.0,-45.0,-4.0,1.0,-56.0,27.0,8.0,4.0,55.0,-18.0
NO.206,0,7.0,-5.0,-11.0,0.0,-5.0,-2.0,-11.0,21.0,-26.0,4.0,10.0,-6.0,28.0,-8.0,-11.0,6.0
NO.207,0,11.0,-39.0,25.0,-10.0,32.0,-39.0,-5.0,47.0,32.0,33.0,-17.0,-7.0,-28.0,-45.0,16.0,14.0
NO.208,0,2.0,-21.0,38.0,-11.0,14.0,-18.0,-7.0,19.0,-7.0,21.0,8.0,-20.0,11.0,-24.0,-7.0,25.0
NO.209,4,19.0,-3.0,39.0,-10.0,16.0,0.0,-36.0,-10.0,1.0,-9.0,-48.0,32.0,7.0,12.0,48.0,-22.0
NO.210,2,12.0,-1.0,-3.0,-14.0,12.0,-10.0,0.0,10.0,-6.0,14.0,0.0,-20.0,9.0,-19.0,0.0,22.0
NO.211,2,7.0,0.0,3.0,-3.0,1.0,-3.0,0.0,12.0,-8.0,0.0,-3.0,-12.0,10.0,-3.0,3.0,15.0
NO.212,4,10.0,-1.0,54.0,-13.0,13.0,-1.0,-33.0,-22.0,4.0,-4.0,-51.0,32.0,1.0,8.0,51.0,-22.0
NO.213,2,2.0,-11.0,6.0,0.0,2.0,-11.0,-3.0,9.0,-7.0,13.0,3.0,-3.0,8.0,-17.0,-3.0,6.0
NO.214,2,6.0,1.0,-3.0,-4.0,3.0,-2.0,-3.0,5.0,-12.0,7.0,-9.0,-7.0,12.0,-8.0,9.0,8.0
NO.215,4,-14.0,-7.0,46.0,-26.0,-8.0,-13.0,-53.0,-44.0,19.0,-4.0,-62.0,49.0,-14.0,8.0,64.0,-35.0
NO.216,2,12.0,-15.0,22.0,-14.0,15.0,-18.0,-5.0,-11.0,3.0,21.0,-8.0,-17.0,0.0,-27.0,7.0,19.0
NO.217,2,-2.0,-5.0,3.0,-2.0,-2.0,-5.0,0.0,10.0,-11.0,4.0,-3.0,-14.0,10.0,-8.0,3.0,16.0
NO.218,2,2.0,-2.0,21.0,-1.0,5.0,1.0,-6.0,2.0,8.0,7.0,-18.0,-1.0,-7.0,-8.0,18.0,2.0
NO.219,2,12.0,-4.0,-5.0,-5.0,9.0,-7.0,-5.0,-8.0,-3.0,14.0,-11.0,-8.0,6.0,-16.0,10.0,10.0
NO.220,2,8.0,-6.0,0.0,-4.0,2.0,-12.0,0.0,2.0,-10.0,9.0,0.0,-10.0,11.0,-12.0,0.0,11.0
NO.221,2,12.0,11.0,4.0,-20.0,0.0,11.0,-14.0,10.0,-12.0,-1.0,-20.0,-2.0,15.0,2.0,19.0,4.0
NO.222,2,10.0,-3.0,-5.0,-12.0,1.0,-6.0,-5.0,18.0,-23.0,9.0,-2.0,-18.0,25.0,-15.0,1.0,21.0
NO.223,4,7.0,-1.0,20.0,-13.0,1.0,-4.0,-31.0,-19.0,-5.0,-4.0,-46.0,29.0,10.0,5.0,47.0,-19.0
NO.224,4,10.0,-9.0,35.0,-15.0,7.0,-9.0,-49.0,-24.0,4.0,-9.0,-82.0,57.0,4.0,15.0,83.0,-42.0
NO.225,2,15.0,2.0,19.0,-9.0,15.0,2.0,-2.0,3.0,3.0,-4.0,-5.0,-6.0,0.0,2.0,4.0,6.0
NO.226,2,14.0,-2.0,19.0,-9.0,11.0,-2.0,-20.0,-6.0,-1.0,-2.0,-29.0,12.0,5.0,1.0,28.0,-3.0
NO.227,2,11.0,-6.0,18.0,-7.0,-4.0,-6.0,-24.0,-19.0,-19.0,0.0,-33.0,17.0,23.0,3.0,33.0,-7.0
NO.228,4,6.0,-8.0,18.0,-14.0,3.0,-11.0,-36.0,-32.0,0.0,-2.0,-54.0,37.0,6.0,7.0,54.0,-29.0
NO.229,2,11.0,1.0,7.0,-3.0,2.0,1.0,-2.0,0.0,-10.0,1.0,-8.0,-12.0,11.0,-5.0,7.0,15.0
NO.230,2,10.0,-6.0,3.0,-2.0,-5.0,-3.0,-3.0,-11.0,-38.0,18.0,-12.0,-5.0,40.0,-21.0,12.0,7.0
NO.231,2,-7.0,-4.0,25.0,-17.0,-1.0,-10.0,-20.0,-65.0,20.0,11.0,-11.0,-5.0,-19.0,-4.0,13.0,13.0
NO.232,0,2.0,-33.0,17.0,-14.0,14.0,-24.0,-4.0,-26.0,26.0,33.0,14.0,-35.0,-25.0,-39.0,-13.0,37.0
NO.233,0,7.0,-15.0,3.0,-12.0,-2.0,-12.0,0.0,21.0,-14.0,6.0,3.0,-24.0,13.0,-15.0,-3.0,27.0
NO.234,2,11.0,5.0,3.0,-14.0,2.0,-1.0,-3.0,-14.0,-7.0,-10.0,-3.0,-14.0,8.0,11.0,3.0,13.0
NO.235,4,12.0,0.0,31.0,-28.0,0.0,-15.0,-50.0,-58.0,9.0,-21.0,-62.0,41.0,-3.0,27.0,64.0,-31.0
NO.236,2,9.0,2.0,-2.0,-13.0,6.0,-4.0,-2.0,2.0,-6.0,-4.0,-8.0,-13.0,6.0,-1.0,7.0,14.0
NO.237,2,23.0,-7.0,1.0,-22.0,5.0,8.0,-2.0,11.0,-49.0,5.0,-2.0,-28.0,53.0,-7.0,1.0,26.0
NO.238,2,5.0,4.0,-13.0,-7.0,11.0,1.0,-1.0,11.0,2.0,1.0,-16.0,-13.0,-1.0,1.0,14.0,14.0
NO.239,2,9.0,-26.0,10.0,-22.0,3.0,-2.0,-5.0,2.0,-12.0,25.0,-11.0,-13.0,15.0,-26.0,10.0,11.0
NO.240,0,-14.0,-45.0,-1.0,-19.0,-26.0,18.0,-4.0,2.0,-71.0,90.0,-7.0,-16.0,73.0,-93.0,5.0,14.0
NO.241,2,3.0,-1.0,-3.0,-11.0,0.0,-7.0,0.0,10.0,-9.0,14.0,-3.0,-23.0,9.0,-16.0,3.0,25.0
NO.242,4,18.0,16.0,21.0,-19.0,9.0,-8.0,-24.0,-25.0,9.0,-14.0,-45.0,8.0,-6.0,19.0,45.0,-1.0
NO.243,4,2.0,1.0,31.0,-29.0,8.0,-11.0,-44.0,-38.0,17.0,-8.0,-71.0,25.0,-10.0,16.0,73.0,-14.0
NO.244,2,11.0,72.0,-5.0,-19.0,8.0,60.0,-2.0,23.0,-28.0,-57.0,-5.0,-28.0,29.0,72.0,4.0,32.0
NO.245,2,-3.0,-12.0,8.0,-21.0,0.0,0.0,-7.0,3.0,-9.0,-3.0,-16.0,-12.0,9.0,3.0,14.0,12.0
NO.246,2,0.0,-3.0,-15.0,-10.0,-15.0,3.0,-15.0,20.0,-21.0,0.0,9.0,-16.0,21.0,0.0,-12.0,14.0
NO.247,2,26.0,-5.0,1.0,-6.0,5.0,-5.0,-8.0,15.0,-16.0,-20.0,1.0,-9.0,17.0,19.0,-2.0,12.0
NO.248,2,57.0,29.0,-2.0,-5.0,33.0,-13.0,-2.0,40.0,12.0,-61.0,25.0,-20.0,-12.0,59.0,-26.0,25.0
NO.249,2,17.0,22.0,1.0,-10.0,8.0,-8.0,-5.0,14.0,-1.0,-5.0,-11.0,-13.0,2.0,7.0,10.0,14.0
NO.250,2,27.0,12.0,28.0,-18.0,15.0,-9.0,-5.0,-3.0,9.0,-12.0,-2.0,-21.0,-6.0,12.0,1.0,21.0
NO.251,2,18.0,-7.0,10.0,-13.0,12.0,-7.0,-2.0,5.0,3.0,-4.0,-5.0,-13.0,0.0,2.0,4.0,14.0
NO.252,2,2.0,0.0,-8.0,-8.0,2.0,-3.0,1.0,-5.0,-10.0,12.0,1.0,-20.0,11.0,-12.0,-2.0,22.0
NO.253,2,-1.0,-35.0,22.0,-8.0,14.0,-2.0,-2.0,-5.0,20.0,1.0,-8.0,-11.0,-19.0,-8.0,7.0,13.0
NO.254,2,4.0,12.0,-4.0,-8.0,13.0,3.0,-1.0,-14.0,4.0,6.0,-16.0,-11.0,-2.0,-3.0,14.0,13.0
NO.255,2,-2.0,-5.0,7.0,-9.0,1.0,-5.0,-2.0,0.0,-5.0,7.0,-2.0,-15.0,4.0,-8.0,1.0,18.0
NO.256,2,7.0,6.0,4.0,-10.0,1.0,0.0,-2.0,-10.0,-17.0,6.0,-8.0,-13.0,19.0,-3.0,10.0,14.0
NO.257,2,15.0,2.0,15.0,-17.0,3.0,-1.0,-12.0,-23.0,-12.0,-1.0,-12.0,4.0,15.0,2.0,12.0,-2.0
NO.258,2,11.0,15.0,-3.0,-17.0,5.0,-9.0,3.0,-32.0,-25.0,3.0,-6.0,-26.0,26.0,-3.0,6.0,25.0
NO.259,2,3.0,8.0,9.0,-16.0,-3.0,-10.0,-3.0,-19.0,-15.0,11.0,-3.0,-19.0,15.0,-10.0,3.0,20.0
NO.260,2,13.0,-13.0,5.0,-27.0,19.0,-10.0,-1.0,-27.0,1.0,2.0,-4.0,-24.0,1.0,-7.0,2.0,24.0
NO.261,2,5.0,3.0,3.0,-7.0,2.0,-12.0,0.0,11.0,-10.0,9.0,3.0,-16.0,11.0,-9.0,-3.0,20.0
NO.262,4,13.0,25.0,13.0,-27.0,-2.0,-2.0,-29.0,-39.0,-8.0,-2.0,-50.0,21.0,10.0,10.0,49.0,-15.0
NO.263,0,-32.0,-51.0,7.0,-25.0,-29.0,30.0,-8.0,-31.0,-101.0,141.0,-20.0,-19.0,100.0,-144.0,19.0,20.0
NO.264,1,-263.0,-390.0,17.0,-27.0,-209.0,147.0,-25.0,-39.0,-494.0,708.0,-37.0,9.0,478.0,-759.0,35.0,-3.0
NO.265,0,-8.0,-14.0,4.0,-11.0,-5.0,4.0,-2.0,13.0,-32.0,43.0,1.0,-26.0,34.0,-44.0,-2.0,28.0
NO.266,2,-1.0,5.0,-2.0,-16.0,2.0,-1.0,-5.0,-25.0,2.0,2.0,-11.0,-13.0,-1.0,-1.0,10.0,17.0
NO.267,2,4.0,0.0,-8.0,-7.0,4.0,-3.0,1.0,2.0,-5.0,9.0,-5.0,-16.0,7.0,-9.0,4.0,20.0
NO.268,2,2.0,7.0,7.0,-18.0,-4.0,-5.0,-11.0,-36.0,-10.0,10.0,-23.0,-15.0,11.0,-8.0,22.0,18.0
NO.269,2,4.0,-6.0,1.0,-10.0,-2.0,-6.0,1.0,-22.0,-8.0,21.0,-2.0,-25.0,10.0,-21.0,1.0,29.0
NO.270,2,-5.0,5.0,-17.0,-8.0,-11.0,-7.0,-2.0,-11.0,-14.0,8.0,-11.0,-5.0,13.0,-7.0,10.0,7.0
NO.271,4,-1.0,32.0,1.0,-16.0,-1.0,17.0,-17.0,-37.0,11.0,-10.0,-59.0,2.0,-7.0,20.0,58.0,5.0
NO.272,2,7.0,3.0,6.0,-8.0,4.0,-6.0,0.0,-17.0,1.0,6.0,-9.0,-17.0,1.0,-6.0,9.0,19.0
NO.273,2,3.0,8.0,1.0,-13.0,0.0,-7.0,-2.0,-16.0,-9.0,11.0,-2.0,-19.0,9.0,-10.0,1.0,17.0
NO.274,2,14.0,2.0,-1.0,-16.0,5.0,-4.0,-1.0,-19.0,2.0,2.0,-7.0,-22.0,-1.0,-1.0,5.0,20.0
NO.275,2,4.0,3.0,3.0,-16.0,1.0,-9.0,-9.0,-25.0,-8.0,3.0,-21.0,-10.0,10.0,-3.0,21.0,11.0
NO.276,2,6.0,8.0,7.0,-16.0,0.0,-4.0,-17.0,-40.0,0.0,2.0,-35.0,-10.0,3.0,-1.0,34.0,14.0
NO.277,2,5.0,10.0,6.0,-13.0,2.0,-2.0,0.0,-25.0,-7.0,4.0,0.0,-31.0,8.0,-5.0,0.0,32.0
NO.278,2,-1.0,-4.0,-5.0,-1.0,-1.0,-4.0,1.0,-4.0,-7.0,5.0,-2.0,-4.0,8.0,-4.0,1.0,11.0
NO.279,2,7.0,6.0,-5.0,-31.0,4.0,3.0,-17.0,-52.0,-8.0,12.0,-35.0,-22.0,13.0,-9.0,34.0,26.0
NO.280,2,-2.0,-5.0,6.0,-13.0,4.0,-8.0,0.0,-25.0,1.0,10.0,0.0,-31.0,1.0,-11.0,0.0,32.0
NO.281,2,4.0,-3.0,3.0,-16.0,4.0,-3.0,-3.0,-31.0,7.0,-3.0,-27.0,-13.0,-5.0,3.0,27.0,14.0
NO.282,2,2.0,-4.0,1.0,-11.0,-1.0,-7.0,-2.0,-14.0,5.0,11.0,-2.0,-17.0,-4.0,-13.0,1.0,19.0
NO.283,2,-3.0,0.0,3.0,-24.0,-3.0,-6.0,-3.0,-30.0,-6.0,15.0,0.0,-33.0,6.0,-15.0,0.0,30.0
NO.284,4,0.0,7.0,28.0,-35.0,3.0,-17.0,-32.0,-65.0,18.0,-11.0,-56.0,4.0,-15.0,16.0,55.0,-2.0
NO.285,2,-4.0,-12.0,12.0,-24.0,-4.0,-9.0,0.0,-30.0,-16.0,21.0,9.0,-36.0,14.0,-24.0,-9.0,33.0
NO.286,2,-2.0,5.0,-20.0,-15.0,-5.0,5.0,-2.0,-15.0,-11.0,8.0,1.0,-18.0,10.0,-7.0,-2.0,15.0
NO.287,2,-2.0,2.0,4.0,-22.0,1.0,-1.0,-2.0,-25.0,1.0,-4.0,-5.0,-28.0,-2.0,5.0,4.0,23.0
NO.288,2,-4.0,-5.0,1.0,-11.0,-1.0,4.0,-5.0,-8.0,2.0,4.0,-14.0,-5.0,-1.0,-5.0,13.0,-2.0
NO.289,0,-16.0,-15.0,-6.0,-23.0,-7.0,9.0,3.0,-29.0,-25.0,54.0,-9.0,-38.0,26.0,-54.0,9.0,34.0
NO.290,2,2.0,6.0,-2.0,-29.0,5.0,-9.0,1.0,-32.0,11.0,-6.0,-5.0,-38.0,-13.0,6.0,4.0,31.0
NO.291,2,-5.0,-15.0,9.0,-27.0,-2.0,0.0,0.0,-27.0,1.0,15.0,9.0,-36.0,-2.0,-15.0,-9.0,30.0
NO.292,2,-1.0,4.0,-2.0,-22.0,5.0,-5.0,1.0,-31.0,2.0,-5.0,7.0,-43.0,-4.0,4.0,-8.0,38.0
NO.293,2,-2.0,5.0,-8.0,-23.0,1.0,-4.0,4.0,-29.0,1.0,5.0,-8.0,-38.0,-2.0,-4.0,7.0,34.0
NO.294,2,-1.0,0.0,-11.0,-27.0,-1.0,-9.0,4.0,-30.0,-4.0,6.0,1.0,-42.0,2.0,-9.0,-2.0,36.0
NO.295,2,12.0,18.0,-5.0,-16.0,3.0,-9.0,4.0,-22.0,18.0,-9.0,-5.0,-28.0,-21.0,9.0,4.0,23.0
NO.296,2,4.0,14.0,-9.0,-16.0,4.0,-4.0,3.0,-19.0,4.0,2.0,-12.0,-25.0,-5.0,-4.0,9.0,23.0
NO.297,2,-3.0,3.0,3.0,-31.0,3.0,0.0,0.0,-37.0,0.0,3.0,18.0,-49.0,0.0,-3.0,-18.0,41.0
NO.298,2,8.0,1.0,1.0,-31.0,-1.0,4.0,-2.0,-40.0,-10.0,4.0,7.0,-52.0,11.0,-5.0,-8.0,47.0
NO.299,2,28.0,4.0,-20.0,-25.0,28.0,-2.0,-2.0,-34.0,31.0,-8.0,1.0,-37.0,-26.0,7.0,-2.0,32.0
NO.300,2,-1.0,4.0,-22.0,-21.0,-1.0,-2.0,5.0,-27.0,5.0,-2.0,11.0,-39.0,-7.0,1.0,-13.0,33.0
NO.301,2,1.0,2.0,-19.0,-27.0,1.0,2.0,2.0,-36.0,-8.0,26.0,8.0,-48.0,10.0,-25.0,-10.0,45.0
NO.302,2,11.0,8.0,-6.0,-32.0,8.0,-4.0,6.0,-35.0,5.0,8.0,15.0,-56.0,-4.0,-7.0,-15.0,46.0
NO.303,2,-3.0,-4.0,-15.0,-17.0,0.0,-10.0,6.0,-14.0,0.0,8.0,12.0,-26.0,0.0,-10.0,-12.0,19.0
NO.304,0,-12.0,-14.0,-16.0,-39.0,-9.0,7.0,2.0,-45.0,-27.0,46.0,5.0,-54.0,27.0,-47.0,-7.0,45.0
NO.305,2,-8.0,-12.0,-20.0,-16.0,-5.0,3.0,4.0,-16.0,-8.0,18.0,1.0,-19.0,7.0,-18.0,-2.0,17.0
NO.306,2,4.0,-31.0,-5.0,-32.0,-11.0,8.0,-2.0,-47.0,-14.0,5.0,4.0,-53.0,16.0,-10.0,-5.0,46.0
NO.307,2,7.0,-7.0,-22.0,-20.0,-11.0,2.0,-4.0,-20.0,-8.0,23.0,8.0,-20.0,10.0,-22.0,-10.0,16.0
NO.308,2,10.0,5.0,-8.0,-32.0,10.0,-1.0,7.0,-38.0,16.0,-16.0,7.0,-59.0,-17.0,14.0,-8.0,46.0
NO.309,2,-2.0,3.0,-6.0,-16.0,-2.0,6.0,9.0,-13.0,-8.0,3.0,9.0,-37.0,7.0,-3.0,-9.0,29.0
NO.310,0,-5.0,3.0,-24.0,-17.0,-8.0,3.0,21.0,-11.0,-17.0,24.0,36.0,-59.0,16.0,-27.0,-36.0,49.0
NO.311,2,0.0,2.0,-12.0,-13.0,-3.0,-7.0,12.0,-7.0,0.0,17.0,12.0,-28.0,0.0,-19.0,-12.0,26.0
NO.312,2,1.0,1.0,-4.0,-23.0,4.0,1.0,5.0,-26.0,10.0,-2.0,2.0,-38.0,-8.0,1.0,-4.0,31.0
NO.313,2,14.0,7.0,-29.0,-21.0,11.0,-5.0,28.0,-9.0,14.0,1.0,25.0,-69.0,-16.0,-5.0,-26.0,51.0
NO.314,2,4.0,-4.0,-8.0,-32.0,1.0,5.0,10.0,-32.0,-2.0,11.0,22.0,-77.0,1.0,-13.0,-23.0,64.0
NO.315,2,2.0,4.0,9.0,-12.0,5.0,1.0,6.0,-15.0,2.0,1.0,18.0,-45.0,-1.0,-2.0,-18.0,39.0
NO.316,2,3.0,11.0,1.0,-21.0,0.0,-7.0,7.0,-18.0,6.0,-4.0,1.0,-27.0,-6.0,5.0,-2.0,24.0
NO.317,2,2.0,10.0,-5.0,-20.0,5.0,-5.0,16.0,-11.0,2.0,1.0,22.0,-47.0,-4.0,-2.0,-23.0,37.0
NO.318,2,-6.0,10.0,-23.0,-13.0,3.0,7.0,4.0,-13.0,-3.0,16.0,1.0,-31.0,3.0,-14.0,-2.0,26.0
NO.319,2,9.0,0.0,-13.0,-16.0,6.0,3.0,5.0,-16.0,9.0,-12.0,8.0,-52.0,-12.0,9.0,-10.0,41.0
NO.320,2,18.0,11.0,-23.0,-16.0,18.0,-10.0,10.0,-25.0,33.0,-16.0,-5.0,-61.0,-33.0,11.0,4.0,50.0
NO.321,2,7.0,-3.0,-11.0,-15.0,-14.0,-3.0,1.0,-18.0,-20.0,-3.0,34.0,-30.0,19.0,3.0,-35.0,24.0
NO.322,2,5.0,2.0,-20.0,-14.0,8.0,-10.0,13.0,-11.0,5.0,-10.0,22.0,-44.0,-7.0,5.0,-23.0,34.0
NO.323,0,5.0,3.0,-40.0,-10.0,-22.0,6.0,5.0,-13.0,-37.0,27.0,26.0,-34.0,35.0,-30.0,-28.0,38.0
NO.324,3,-89.0,-138.0,0.0,-17.0,-68.0,114.0,9.0,-17.0,-167.0,249.0,27.0,-50.0,163.0,-270.0,-27.0,37.0
NO.325,0,-27.0,-48.0,-26.0,-10.0,-15.0,30.0,10.0,-16.0,-39.0,78.0,16.0,-37.0,39.0,-84.0,-17.0,32.0
NO.326,2,-5.0,8.0,-7.0,-6.0,-8.0,2.0,2.0,-12.0,-17.0,11.0,14.0,-24.0,16.0,-10.0,-16.0,27.0
NO.327,2,0.0,0.0,-3.0,-18.0,-3.0,0.0,6.0,-21.0,0.0,-3.0,27.0,-45.0,0.0,3.0,-27.0,39.0
NO.328,2,-3.0,15.0,-6.0,-17.0,0.0,-3.0,12.0,-8.0,-6.0,12.0,9.0,-17.0,3.0,-9.0,-9.0,16.0
NO.329,0,-5.0,-17.0,9.0,-3.0,-2.0,4.0,9.0,-9.0,-5.0,16.0,30.0,-42.0,4.0,-20.0,-30.0,39.0
NO.330,2,-8.0,-14.0,-14.0,-21.0,-5.0,10.0,10.0,-24.0,-8.0,28.0,7.0,-57.0,7.0,-29.0,-8.0,48.0
NO.331,2,2.0,14.0,-5.0,-17.0,-1.0,-4.0,13.0,-17.0,-1.0,2.0,31.0,-56.0,-1.0,-4.0,-32.0,46.0
NO.332,2,1.0,13.0,-2.0,-13.0,-2.0,-2.0,13.0,-10.0,-8.0,16.0,22.0,-46.0,4.0,-17.0,-23.0,38.0
NO.333,0,-8.0,-4.0,0.0,-22.0,-5.0,8.0,3.0,-16.0,-17.0,29.0,21.0,-46.0,16.0,-28.0,-21.0,35.0
NO.334,2,6.0,9.0,-7.0,-28.0,-3.0,-12.0,14.0,-25.0,-6.0,-3.0,47.0,-61.0,3.0,0.0,-49.0,50.0
NO.335,2,-4.0,-18.0,23.0,-26.0,-7.0,0.0,26.0,-44.0,-13.0,30.0,-31.0,-8.0,14.0,-30.0,35.0,4.0
NO.336,2,-14.0,4.0,10.0,-25.0,-8.0,7.0,4.0,-25.0,-32.0,34.0,-5.0,-22.0,31.0,-32.0,4.0,17.0
NO.337,2,-6.0,0.0,-4.0,-17.0,-6.0,12.0,5.0,-20.0,-12.0,18.0,14.0,-38.0,12.0,-18.0,-13.0,37.0
NO.338,2,-3.0,6.0,4.0,-28.0,6.0,-6.0,4.0,-28.0,6.0,3.0,-5.0,-37.0,-6.0,-3.0,4.0,26.0
NO.339,2,-4.0,-11.0,-21.0,-14.0,-10.0,4.0,0.0,-29.0,-16.0,13.0,-6.0,-44.0,14.0,-17.0,3.0,40.0
NO.340,2,-4.0,2.0,3.0,-9.0,-1.0,-1.0,6.0,-15.0,-1.0,11.0,9.0,-27.0,2.0,-10.0,-9.0,27.0
NO.341,2,-3.0,-11.0,1.0,-23.0,-6.0,4.0,10.0,-26.0,-9.0,13.0,13.0,-53.0,9.0,-14.0,-14.0,43.0
NO.342,2,13.0,-1.0,-19.0,-19.0,-5.0,-16.0,5.0,-28.0,-5.0,-10.0,59.0,-55.0,1.0,5.0,-64.0,44.0
NO.343,2,3.0,4.0,-21.0,-21.0,0.0,1.0,12.0,-24.0,-6.0,-5.0,21.0,-57.0,3.0,4.0,-24.0,48.0
NO.344,2,11.0,14.0,-57.0,-19.0,5.0,-22.0,12.0,-16.0,-1.0,-13.0,18.0,-34.0,-4.0,8.0,-21.0,26.0
NO.345,2,-5.0,-3.0,-8.0,-9.0,-5.0,3.0,4.0,-6.0,-14.0,12.0,16.0,-21.0,13.0,-12.0,-17.0,21.0
NO.346,2,-4.0,14.0,-9.0,-28.0,-1.0,11.0,12.0,-25.0,-13.0,2.0,30.0,-61.0,11.0,2.0,-30.0,47.0
NO.347,2,-3.0,-29.0,22.0,-25.0,3.0,7.0,10.0,-22.0,6.0,-8.0,22.0,-55.0,-6.0,7.0,-20.0,38.0
NO.348,2,-4.0,1.0,-11.0,-16.0,-4.0,1.0,7.0,-19.0,-10.0,16.0,13.0,-46.0,8.0,-17.0,-14.0,44.0
NO.349,2,1.0,15.0,-11.0,-21.0,4.0,0.0,10.0,-18.0,4.0,-3.0,13.0,-42.0,-5.0,3.0,-14.0,36.0
NO.350,2,9.0,14.0,-33.0,-23.0,9.0,-13.0,27.0,-17.0,6.0,-4.0,9.0,-65.0,-12.0,-1.0,-12.0,52.0
NO.351,0,-12.0,-30.0,-20.0,6.0,-6.0,-9.0,10.0,9.0,-12.0,54.0,25.0,-12.0,12.0,-60.0,-26.0,18.0
NO.352,2,-4.0,-4.0,-2.0,-9.0,2.0,2.0,4.0,-15.0,-1.0,11.0,1.0,-39.0,2.0,-13.0,-2.0,36.0
NO.353,2,2.0,11.0,-13.0,-19.0,2.0,-4.0,8.0,-22.0,-1.0,-1.0,11.0,-49.0,-1.0,2.0,-10.0,44.0
NO.354,2,-3.0,5.0,-5.0,-19.0,0.0,2.0,4.0,-25.0,-3.0,11.0,7.0,-34.0,3.0,-10.0,-8.0,29.0
NO.355,4,-7.0,-4.0,36.0,-45.0,5.0,-16.0,-45.0,-81.0,20.0,-10.0,-75.0,12.0,-16.0,20.0,75.0,-9.0
NO.356,2,-1.0,1.0,-12.0,-25.0,-7.0,1.0,12.0,-25.0,-13.0,16.0,27.0,-55.0,11.0,-20.0,-27.0,47.0
NO.357,2,1.0,12.0,-20.0,-24.0,1.0,0.0,10.0,-24.0,-2.0,3.0,7.0,-42.0,1.0,-3.0,-8.0,36.0
NO.358,2,-11.0,-11.0,22.0,-35.0,-5.0,-2.0,-26.0,-53.0,1.0,7.0,-35.0,-14.0,1.0,-2.0,34.0,13.0
NO.359,0,-5.0,-17.0,-5.0,-22.0,-5.0,1.0,16.0,32.0,-8.0,19.0,-11.0,-19.0,7.0,-23.0,10.0,14.0
NO.360,2,-1.0,-10.0,-6.0,-8.0,-1.0,-4.0,12.0,40.0,-13.0,11.0,-9.0,-11.0,11.0,-13.0,9.0,10.0
NO.361,2,0.0,6.0,0.0,-21.0,3.0,0.0,27.0,-15.0,0.0,0.0,-21.0,3.0,-3.0,0.0,18.0,-9.0
NO.362,2,-3.0,7.0,5.0,-19.0,0.0,1.0,17.0,-13.0,-9.0,13.0,8.0,-1.0,9.0,-14.0,-10.0,-7.0
NO.363,2,3.0,13.0,27.0,-6.0,-6.0,-5.0,24.0,21.0,0.0,10.0,-9.0,-3.0,0.0,-8.0,9.0,3.0
NO.364,2,12.0,-2.0,6.0,-25.0,9.0,-23.0,30.0,5.0,18.0,-23.0,-33.0,20.0,-21.0,22.0,33.0,-25.0
NO.365,2,-2.0,5.0,-10.0,-7.0,1.0,-7.0,17.0,2.0,-2.0,20.0,-13.0,-7.0,1.0,-22.0,11.0,5.0
NO.366,2,-1.0,6.0,-22.0,-5.0,-1.0,-9.0,14.0,4.0,2.0,9.0,-16.0,1.0,-4.0,-9.0,14.0,-2.0
NO.367,4,11.0,8.0,12.0,-27.0,8.0,-7.0,30.0,51.0,20.0,-34.0,-54.0,24.0,-22.0,35.0,57.0,-21.0
NO.368,2,8.0,-8.0,9.0,-14.0,-4.0,-17.0,30.0,-29.0,-7.0,4.0,6.0,4.0,5.0,-8.0,-9.0,-11.0
NO.369,2,4.0,3.0,-13.0,-23.0,4.0,-12.0,41.0,1.0,13.0,0.0,-28.0,16.0,-14.0,-3.0,26.0,-26.0
NO.370,0,-12.0,-66.0,48.0,-17.0,-15.0,36.0,33.0,10.0,-18.0,-3.0,6.0,-14.0,18.0,0.0,-9.0,7.0
NO.371,0,-6.0,0.0,-16.0,-23.0,-9.0,12.0,29.0,-8.0,-39.0,39.0,-1.0,-29.0,36.0,-42.0,-1.0,19.0
NO.372,2,-4.0,13.0,-13.0,-11.0,8.0,-8.0,23.0,-5.0,5.0,10.0,-25.0,7.0,-7.0,-8.0,23.0,-8.0
NO.373,2,-16.0,-6.0,-11.0,-18.0,11.0,6.0,4.0,24.0,14.0,15.0,-26.0,-3.0,-13.0,-15.0,28.0,-3.0
NO.374,4,-14.0,-12.0,111.0,-52.0,-5.0,-33.0,48.0,-115.0,25.0,-15.0,-144.0,122.0,-14.0,33.0,171.0,-106.0
NO.375,2,0.0,0.0,14.0,-26.0,3.0,-3.0,38.0,1.0,-3.0,12.0,-13.0,-11.0,0.0,-15.0,11.0,4.0
NO.376,2,-2.0,2.0,-14.0,-16.0,-2.0,-1.0,19.0,11.0,-2.0,20.0,-26.0,-1.0,4.0,-19.0,25.0,2.0
NO.377,2,-5.0,14.0,-12.0,-11.0,1.0,-1.0,27.0,-8.0,-2.0,20.0,-21.0,1.0,1.0,-19.0,18.0,-5.0
NO.378,4,-6.0,1.0,40.0,-42.0,0.0,1.0,31.0,-42.0,6.0,-8.0,-56.0,51.0,-3.0,16.0,64.0,-51.0
NO.379,2,-9.0,-8.0,-8.0,-9.0,-3.0,-8.0,16.0,15.0,-6.0,25.0,-20.0,-6.0,6.0,-26.0,16.0,3.0
NO.380,2,-8.0,0.0,-13.0,-12.0,1.0,-3.0,14.0,-3.0,-2.0,12.0,-19.0,6.0,1.0,-12.0,17.0,-9.0
NO.381,4,-22.0,-44.0,83.0,-27.0,-13.0,-11.0,20.0,-60.0,5.0,13.0,-88.0,69.0,5.0,-2.0,113.0,-57.0
NO.382,2,0.0,5.0,0.0,-14.0,6.0,-4.0,18.0,-11.0,9.0,-1.0,-18.0,-11.0,-9.0,-1.0,18.0,7.0
NO.383,2,-6.0,80.0,-9.0,-18.0,6.0,62.0,27.0,15.0,3.0,-40.0,-33.0,-3.0,-6.0,56.0,30.0,0.0
NO.384,2,7.0,6.0,-13.0,-33.0,4.0,-12.0,47.0,39.0,7.0,-3.0,-52.0,3.0,-11.0,3.0,50.0,-9.0
NO.385,2,-6.0,-4.0,3.0,-15.0,-6.0,2.0,15.0,-15.0,-12.0,23.0,-9.0,-18.0,12.0,-25.0,6.0,15.0
NO.386,2,13.0,-13.0,-20.0,-10.0,-17.0,-1.0,13.0,-37.0,-29.0,-10.0,13.0,5.0,28.0,5.0,-14.0,-7.0
NO.387,2,-4.0,0.0,-17.0,-15.0,-1.0,3.0,16.0,9.0,-7.0,18.0,-5.0,-9.0,5.0,-18.0,1.0,3.0
NO.388,2,-1.0,0.0,2.0,-17.0,-1.0,-3.0,17.0,10.0,-7.0,15.0,-4.0,-5.0,5.0,-15.0,2.0,1.0
NO.389,2,-3.0,-4.0,-1.0,-7.0,-3.0,-1.0,23.0,17.0,-9.0,29.0,-16.0,-1.0,9.0,-28.0,14.0,-1.0
NO.390,0,-4.0,-12.0,4.0,-15.0,-7.0,9.0,19.0,3.0,-28.0,27.0,1.0,-24.0,26.0,-27.0,-2.0,21.0
NO.391,4,-11.0,-7.0,65.0,-40.0,-14.0,-13.0,32.0,-79.0,-5.0,14.0,-91.0,65.0,13.0,-4.0,110.0,-55.0
NO.392,2,0.0,9.0,-32.0,-15.0,0.0,-18.0,10.0,-9.0,-3.0,21.0,-35.0,3.0,0.0,-21.0,31.0,-9.0
NO.393,4,-37.0,-43.0,119.0,-36.0,-22.0,-4.0,11.0,-54.0,20.0,-46.0,-112.0,108.0,-7.0,59.0,146.0,-87.0
NO.394,0,-5.0,2.0,11.0,-27.0,-20.0,5.0,11.0,-27.0,-38.0,47.0,17.0,-18.0,40.0,-46.0,-19.0,12.0
NO.395,4,5.0,-3.0,63.0,-34.0,-10.0,3.0,21.0,11.0,-22.0,6.0,-78.0,41.0,29.0,6.0,90.0,-34.0
NO.396,2,16.0,3.0,20.0,-23.0,-2.0,-18.0,29.0,1.0,-5.0,-12.0,-13.0,-5.0,1.0,9.0,11.0,-5.0
NO.397,4,0.0,7.0,38.0,-17.0,-6.0,-5.0,20.0,-50.0,3.0,-2.0,-67.0,46.0,0.0,7.0,74.0,-38.0
NO.398,2,6.0,3.0,-4.0,-15.0,-3.0,-6.0,14.0,12.0,-15.0,12.0,-13.0,-6.0,15.0,-15.0,11.0,3.0
NO.399,4,3.0,-2.0,101.0,-40.0,-12.0,-17.0,32.0,-88.0,6.0,-14.0,-121.0,101.0,3.0,28.0,143.0,-88.0
NO.400,2,8.0,-6.0,7.0,-19.0,-4.0,-6.0,13.0,8.0,-13.0,6.0,-5.0,-7.0,11.0,-9.0,4.0,2.0
NO.401,2,8.0,1.0,-8.0,-6.0,2.0,-8.0,7.0,9.0,-7.0,7.0,-2.0,-9.0,8.0,-8.0,1.0,3.0
NO.402,2,24.0,2.0,-7.0,-18.0,18.0,-7.0,8.0,-54.0,0.0,-10.0,-1.0,-3.0,0.0,8.0,-1.0,-6.0
NO.403,2,2.0,-7.0,19.0,-3.0,-7.0,-10.0,-2.0,-18.0,-1.0,5.0,-17.0,3.0,2.0,-4.0,16.0,0.0
NO.404,0,-13.0,-9.0,-23.0,0.0,-34.0,-3.0,-5.0,18.0,-55.0,24.0,22.0,-9.0,53.0,-24.0,-23.0,9.0
NO.405,2,-12.0,1.0,19.0,-16.0,-18.0,13.0,4.0,-37.0,-6.0,16.0,-29.0,-4.0,9.0,-11.0,34.0,8.0
NO.406,2,2.0,4.0,23.0,-16.0,-19.0,-2.0,8.0,-10.0,-13.0,1.0,-4.0,14.0,14.0,1.0,8.0,-10.0
NO.407,4,6.0,-10.0,45.0,-10.0,-12.0,-13.0,6.0,-19.0,0.0,-13.0,-42.0,32.0,6.0,17.0,54.0,-19.0
NO.408,4,-1.0,-1.0,57.0,-20.0,-13.0,-7.0,9.0,-17.0,-1.0,8.0,-51.0,43.0,8.0,-1.0,66.0,-32.0
NO.409,0,9.0,-17.0,13.0,-4.0,0.0,-2.0,-5.0,53.0,-27.0,10.0,-2.0,-4.0,30.0,-11.0,1.0,2.0
NO.410,0,21.0,-30.0,-2.0,-8.0,12.0,-6.0,4.0,109.0,-18.0,-9.0,19.0,-20.0,18.0,0.0,-20.0,19.0
NO.411,0,9.0,15.0,-18.0,-2.0,-9.0,3.0,9.0,52.0,-21.0,6.0,21.0,-23.0,21.0,-6.0,-24.0,25.0
NO.412,2,2.0,4.0,9.0,-2.0,-7.0,-2.0,6.0,10.0,-16.0,4.0,9.0,-8.0,14.0,-5.0,-12.0,4.0
NO.413,0,-1.0,-7.0,-7.0,3.0,-13.0,-4.0,11.0,18.0,-19.0,20.0,2.0,-3.0,17.0,-22.0,-4.0,3.0
NO.414,4,0.0,1.0,48.0,-18.0,-6.0,-17.0,12.0,-51.0,12.0,-11.0,-63.0,57.0,-9.0,16.0,75.0,-45.0
NO.415,0,-11.0,-23.0,6.0,6.0,-14.0,1.0,-6.0,-6.0,-5.0,34.0,15.0,-12.0,4.0,-38.0,-18.0,9.0
NO.416,2,-7.0,-2.0,-2.0,0.0,-7.0,-8.0,4.0,9.0,-1.0,10.0,-2.0,-3.0,-1.0,-14.0,1.0,3.0
NO.417,2,10.0,-5.0,-10.0,-6.0,-5.0,-11.0,11.0,-6.0,-14.0,13.0,-1.0,-6.0,13.0,-17.0,-1.0,0.0
NO.418,2,0.0,5.0,-1.0,0.0,-6.0,2.0,5.0,15.0,-3.0,2.0,8.0,-12.0,3.0,-4.0,-10.0,9.0
NO.419,2,-2.0,-10.0,1.0,2.0,-5.0,-4.0,1.0,8.0,-11.0,17.0,-2.0,-4.0,10.0,-19.0,1.0,2.0
NO.420,2,8.0,-4.0,1.0,-6.0,-4.0,2.0,7.0,-3.0,-19.0,17.0,-2.0,0.0,20.0,-16.0,1.0,-6.0
NO.421,2,8.0,4.0,16.0,-10.0,-4.0,-8.0,10.0,5.0,5.0,-5.0,-2.0,-1.0,-7.0,1.0,1.0,-1.0
NO.422,0,9.0,-4.0,-8.0,-4.0,-3.0,-4.0,4.0,20.0,-15.0,14.0,22.0,-28.0,15.0,-19.0,-26.0,20.0
NO.423,0,9.0,-2.0,-1.0,-7.0,-6.0,-2.0,2.0,29.0,-18.0,4.0,20.0,-25.0,15.0,-8.0,-25.0,17.0
NO.424,0,6.0,8.0,-10.0,9.0,-6.0,-1.0,-4.0,24.0,-12.0,11.0,5.0,-15.0,12.0,-13.0,-7.0,15.0
NO.425,0,-1.0,-22.0,19.0,-8.0,-22.0,8.0,-14.0,49.0,-46.0,32.0,31.0,-26.0,47.0,-37.0,-32.0,22.0
NO.426,0,0.0,-18.0,-12.0,-1.0,-6.0,3.0,-3.0,14.0,-27.0,15.0,9.0,-16.0,27.0,-21.0,-9.0,17.0
NO.427,0,11.0,-1.0,-28.0,-9.0,-25.0,-7.0,14.0,33.0,-52.0,11.0,17.0,-21.0,50.0,-16.0,-16.0,15.0
NO.428,2,4.0,-9.0,-4.0,-11.0,-2.0,-6.0,5.0,-5.0,-20.0,12.0,5.0,-29.0,16.0,-18.0,-7.0,22.0
NO.429,2,8.0,9.0,-1.0,0.0,-7.0,9.0,-4.0,-6.0,-10.0,3.0,2.0,-15.0,11.0,-3.0,-7.0,12.0
NO.430,0,12.0,-4.0,5.0,-10.0,-6.0,-4.0,8.0,53.0,-12.0,-13.0,17.0,-19.0,9.0,8.0,-19.0,20.0
NO.431,2,22.0,6.0,10.0,-3.0,-8.0,-9.0,-8.0,15.0,1.0,-12.0,28.0,-18.0,-2.0,9.0,-29.0,18.0
NO.432,0,4.0,-2.0,-13.0,3.0,-5.0,-5.0,-4.0,60.0,-8.0,4.0,17.0,-33.0,7.0,-8.0,-19.0,30.0
NO.433,0,3.0,-12.0,5.0,-7.0,-9.0,-6.0,11.0,50.0,-15.0,-3.0,26.0,-37.0,12.0,-3.0,-25.0,35.0
NO.434,0,3.0,-8.0,10.0,-17.0,6.0,1.0,1.0,10.0,-12.0,-5.0,37.0,-35.0,12.0,4.0,-38.0,31.0
NO.435,2,17.0,1.0,2.0,-14.0,-1.0,-8.0,11.0,-5.0,-10.0,-5.0,32.0,-41.0,8.0,1.0,-31.0,31.0
NO.436,2,7.0,5.0,6.0,-17.0,-2.0,-7.0,3.0,-11.0,-2.0,2.0,15.0,-47.0,1.0,-4.0,-15.0,40.0
NO.437,0,3.0,-1.0,15.0,-8.0,3.0,5.0,12.0,7.0,0.0,-4.0,54.0,-44.0,0.0,2.0,-51.0,40.0
NO.438,0,-2.0,-3.0,48.0,-13.0,-8.0,6.0,15.0,-7.0,-17.0,3.0,39.0,-34.0,16.0,-3.0,-36.0,35.0
NO.439,0,5.0,11.0,10.0,-19.0,-13.0,2.0,13.0,11.0,-10.0,26.0,40.0,-55.0,8.0,-25.0,-38.0,44.0
NO.440,0,4.0,-1.0,23.0,-17.0,-2.0,-10.0,14.0,19.0,1.0,8.0,59.0,-59.0,-2.0,-13.0,-58.0,52.0
NO.441,2,25.0,7.0,-18.0,10.0,-8.0,4.0,15.0,19.0,-41.0,-2.0,9.0,-14.0,37.0,-2.0,-15.0,4.0
NO.442,0,23.0,13.0,24.0,-13.0,-4.0,-5.0,12.0,38.0,-13.0,-8.0,51.0,-43.0,11.0,7.0,-51.0,38.0
NO.443,0,11.0,-12.0,1.0,-3.0,-1.0,9.0,4.0,48.0,-7.0,3.0,25.0,-15.0,8.0,-3.0,-26.0,9.0
NO.444,0,12.0,-10.0,0.0,10.0,9.0,-4.0,-18.0,22.0,-6.0,-10.0,30.0,-38.0,6.0,5.0,-33.0,31.0
NO.445,0,26.0,3.0,9.0,-7.0,17.0,-3.0,-12.0,74.0,11.0,-9.0,12.0,-37.0,-10.0,6.0,-15.0,32.0
NO.446,2,21.0,19.0,0.0,4.0,6.0,7.0,-6.0,61.0,-9.0,-11.0,9.0,-29.0,9.0,10.0,-12.0,28.0
NO.447,0,19.0,-1.0,-3.0,6.0,-2.0,-10.0,-6.0,72.0,-20.0,2.0,15.0,-27.0,19.0,-7.0,-18.0,27.0
NO.448,2,14.0,8.0,2.0,2.0,-4.0,-4.0,-4.0,32.0,-13.0,-10.0,11.0,-13.0,11.0,8.0,-13.0,11.0
NO.449,0,9.0,0.0,2.0,1.0,-3.0,-3.0,-1.0,64.0,-12.0,-6.0,23.0,-20.0,12.0,3.0,-25.0,19.0
NO.450,2,35.0,13.0,-15.0,-11.0,2.0,-14.0,3.0,-5.0,-22.0,-17.0,18.0,-32.0,20.0,13.0,-21.0,25.0
NO.451,2,11.0,8.0,0.0,-2.0,-10.0,-1.0,0.0,13.0,-16.0,-10.0,30.0,-14.0,14.0,11.0,-30.0,10.0
NO.452,0,18.0,-21.0,-15.0,-25.0,-12.0,-15.0,18.0,68.0,-21.0,12.0,48.0,-73.0,18.0,-21.0,-48.0,65.0
NO.453,0,3.0,-7.0,14.0,7.0,-3.0,5.0,5.0,13.0,-12.0,-13.0,44.0,-32.0,9.0,11.0,-43.0,31.0
NO.454,2,30.0,16.0,-6.0,-1.0,9.0,-41.0,36.0,38.0,12.0,-20.0,24.0,-22.0,-15.0,13.0,-27.0,20.0
NO.455,2,15.0,0.0,-5.0,1.0,0.0,-24.0,22.0,22.0,12.0,-15.0,16.0,-20.0,-15.0,6.0,-20.0,16.0
NO.456,0,-3.0,-1.0,-7.0,8.0,-12.0,-7.0,5.0,47.0,-9.0,5.0,14.0,-28.0,6.0,-7.0,-19.0,29.0
NO.457,0,10.0,4.0,-4.0,7.0,1.0,-8.0,17.0,58.0,-11.0,1.0,29.0,-26.0,10.0,-8.0,-31.0,19.0
NO.458,2,1.0,6.0,-16.0,4.0,-2.0,-9.0,11.0,31.0,-5.0,12.0,-10.0,-5.0,4.0,-15.0,8.0,7.0
NO.459,2,8.0,2.0,-1.0,-8.0,-1.0,-1.0,29.0,22.0,-10.0,14.0,-1.0,-8.0,11.0,-16.0,-1.0,7.0
NO.460,0,19.0,5.0,11.0,-5.0,1.0,-4.0,2.0,55.0,-5.0,-10.0,23.0,-23.0,4.0,8.0,-25.0,19.0
NO.461,0,9.0,10.0,-10.0,12.0,-9.0,-11.0,-4.0,27.0,-12.0,13.0,11.0,-6.0,12.0,-14.0,-13.0,6.0
NO.462,0,15.0,-3.0,-25.0,4.0,-9.0,0.0,-7.0,55.0,-27.0,21.0,29.0,-35.0,27.0,-24.0,-34.0,31.0
NO.463,0,2.0,-9.0,-9.0,-5.0,-16.0,0.0,-12.0,46.0,-19.0,-9.0,27.0,-29.0,17.0,6.0,-30.0,22.0
NO.464,0,13.0,8.0,-15.0,-2.0,-5.0,-4.0,21.0,70.0,-23.0,11.0,27.0,-23.0,19.0,-16.0,-27.0,19.0
NO.465,0,-24.0,-21.0,7.0,-14.0,-30.0,21.0,-8.0,-32.0,-27.0,54.0,25.0,-11.0,27.0,-57.0,-26.0,-2.0
NO.466,0,8.0,-2.0,25.0,-6.0,-10.0,-2.0,-5.0,9.0,-22.0,4.0,40.0,-36.0,20.0,-8.0,-41.0,30.0
NO.467,0,-35.0,-6.0,-10.0,-8.0,-32.0,6.0,-19.0,-5.0,-23.0,66.0,14.0,-17.0,19.0,-66.0,-16.0,10.0
NO.468,0,3.0,4.0,12.0,1.0,-6.0,1.0,-9.0,22.0,-9.0,16.0,24.0,-23.0,9.0,-17.0,-27.0,22.0
NO.469,2,8.0,5.0,0.0,-3.0,-7.0,-1.0,6.0,30.0,14.0,-4.0,21.0,-21.0,-16.0,-1.0,-24.0,15.0
NO.470,0,3.0,-17.0,-6.0,8.0,0.0,-14.0,24.0,59.0,-6.0,7.0,12.0,-19.0,3.0,-20.0,-15.0,20.0
NO.471,2,7.0,10.0,-5.0,4.0,-8.0,-2.0,-2.0,22.0,-17.0,1.0,7.0,-17.0,16.0,-2.0,-11.0,16.0
NO.472,2,8.0,-14.0,10.0,-2.0,-1.0,10.0,1.0,28.0,-4.0,-14.0,19.0,-29.0,2.0,10.0,-20.0,25.0
NO.473,0,16.0,4.0,-10.0,7.0,-8.0,-17.0,-10.0,49.0,1.0,-8.0,29.0,-23.0,-5.0,1.0,-31.0,16.0
NO.474,2,16.0,56.0,-6.0,-4.0,-2.0,-10.0,-3.0,68.0,-8.0,-16.0,18.0,-31.0,4.0,20.0,-21.0,23.0
NO.475,0,11.0,-10.0,6.0,-1.0,2.0,-10.0,9.0,50.0,-13.0,-1.0,24.0,-28.0,11.0,-7.0,-27.0,26.0
NO.476,0,4.0,7.0,-10.0,-5.0,4.0,-2.0,17.0,52.0,-5.0,4.0,11.0,-23.0,1.0,-11.0,-13.0,16.0
NO.477,2,16.0,-4.0,-16.0,1.0,7.0,-13.0,5.0,31.0,7.0,5.0,8.0,-23.0,-8.0,-10.0,-13.0,19.0
NO.478,2,-3.0,7.0,-16.0,8.0,-9.0,4.0,2.0,29.0,-6.0,-11.0,-1.0,-4.0,3.0,10.0,-1.0,5.0
NO.479,2,8.0,6.0,-14.0,5.0,-4.0,-6.0,1.0,29.0,-1.0,-6.0,19.0,-22.0,-1.0,0.0,-23.0,17.0
NO.480,0,-29.0,-57.0,1.0,37.0,10.0,18.0,-20.0,34.0,-14.0,81.0,28.0,-14.0,19.0,-75.0,-32.0,22.0
NO.481,0,-6.0,-23.0,-10.0,17.0,-12.0,-2.0,-7.0,-4.0,-30.0,40.0,14.0,-10.0,30.0,-41.0,-16.0,14.0
NO.482,0,5.0,5.0,-11.0,64.0,-7.0,2.0,-53.0,85.0,-10.0,-13.0,61.0,-32.0,8.0,8.0,-62.0,43.0
NO.483,0,18.0,9.0,-18.0,42.0,-12.0,-12.0,-48.0,129.0,-6.0,-21.0,54.0,-36.0,3.0,9.0,-57.0,36.0
NO.484,0,-3.0,-21.0,8.0,62.0,-3.0,-15.0,-34.0,68.0,6.0,24.0,32.0,56.0,-3.0,-21.0,-31.0,-43.0
NO.485,0,-27.0,-17.0,-63.0,130.0,-15.0,-26.0,-84.0,124.0,99.0,10.0,114.0,154.0,-96.0,-5.0,-132.0,-122.0
NO.486,0,4.0,-1.0,-10.0,108.0,1.0,-16.0,-109.0,180.0,19.0,-1.0,125.0,-48.0,-23.0,-7.0,-127.0,63.0
NO.487,0,-6.0,-42.0,23.0,117.0,-6.0,-30.0,-127.0,156.0,18.0,42.0,137.0,-51.0,-18.0,-57.0,-142.0,78.0
NO.488,0,6.0,3.0,-11.0,116.0,-6.0,0.0,-110.0,176.0,-36.0,6.0,133.0,-64.0,33.0,-15.0,-134.0,89.0
NO.489,0,-5.0,-33.0,1.0,91.0,4.0,0.0,-86.0,61.0,-65.0,57.0,103.0,-50.0,67.0,-60.0,-104.0,61.0
NO.490,0,21.0,-15.0,34.0,89.0,-18.0,-33.0,-92.0,65.0,12.0,24.0,139.0,-58.0,-9.0,-36.0,-137.0,71.0
NO.491,0,2.0,-4.0,0.0,116.0,2.0,-4.0,-102.0,152.0,-7.0,2.0,111.0,-46.0,5.0,-10.0,-111.0,71.0
NO.492,0,5.0,-8.0,-15.0,69.0,-1.0,7.0,-51.0,69.0,2.0,-11.0,57.0,-24.0,-1.0,7.0,-57.0,33.0
NO.493,0,12.0,15.0,-8.0,43.0,6.0,3.0,-35.0,79.0,-12.0,-18.0,55.0,-35.0,12.0,15.0,-56.0,40.0
NO.494,0,12.0,0.0,-23.0,126.0,-3.0,-12.0,-101.0,120.0,6.0,18.0,109.0,-42.0,-6.0,-21.0,-110.0,66.0
NO.495,0,3.0,-14.0,0.0,33.0,-3.0,-8.0,-24.0,51.0,-3.0,7.0,36.0,-21.0,3.0,-14.0,-36.0,27.0
NO.496,0,8.0,6.0,-24.0,-2.0,5.0,-9.0,30.0,79.0,5.0,0.0,12.0,-20.0,-7.0,-6.0,-12.0,10.0
NO.497,0,-17.0,-38.0,-6.0,37.0,-8.0,-14.0,-24.0,1.0,-29.0,70.0,27.0,-14.0,28.0,-71.0,-30.0,19.0
NO.498,0,1.0,-11.0,-7.0,12.0,-5.0,-11.0,-7.0,36.0,-8.0,10.0,17.0,-18.0,7.0,-17.0,-19.0,21.0
NO.499,0,7.0,-9.0,-4.0,4.0,-2.0,-12.0,-7.0,31.0,-17.0,15.0,32.0,-26.0,16.0,-24.0,-37.0,19.0
NO.500,0,-4.0,-10.0,-18.0,11.0,-7.0,11.0,-9.0,47.0,-13.0,14.0,21.0,-28.0,14.0,-19.0,-24.0,29.0
NO.501,2,9.0,-4.0,3.0,0.0,-3.0,-7.0,-6.0,15.0,-12.0,8.0,-3.0,-6.0,12.0,-13.0,3.0,6.0
NO.502,2,2.0,9.0,14.0,0.0,-1.0,-3.0,-1.0,12.0,-10.0,-3.0,-1.0,-3.0,11.0,3.0,2.0,6.0
NO.503,0,2.0,-11.0,-3.0,9.0,-7.0,-2.0,-6.0,27.0,-13.0,10.0,-3.0,-3.0,14.0,-14.0,3.0,6.0
NO.504,0,6.0,-35.0,26.0,-25.0,-3.0,-35.0,-7.0,68.0,-9.0,49.0,-1.0,-31.0,9.0,-62.0,2.0,29.0
NO.505,0,-1.0,-16.0,1.0,15.0,-7.0,-16.0,-8.0,39.0,-1.0,20.0,10.0,-12.0,2.0,-28.0,-11.0,18.0
NO.506,2,17.0,-5.0,-14.0,-8.0,-4.0,-14.0,-2.0,-14.0,-37.0,7.0,-14.0,-32.0,38.0,-11.0,13.0,28.0
NO.507,2,12.0,-4.0,9.0,-1.0,-3.0,-19.0,3.0,-7.0,-12.0,5.0,-15.0,11.0,12.0,-7.0,15.0,-7.0
NO.508,0,4.0,-19.0,4.0,11.0,-5.0,-7.0,-11.0,11.0,-11.0,11.0,7.0,8.0,13.0,-13.0,-8.0,-1.0
NO.509,0,-2.0,-29.0,19.0,8.0,-11.0,4.0,-20.0,5.0,-11.0,28.0,4.0,5.0,13.0,-29.0,-2.0,-1.0
NO.510,2,4.0,-9.0,0.0,8.0,-5.0,-15.0,-6.0,-1.0,-20.0,12.0,9.0,8.0,19.0,-12.0,-9.0,-1.0
NO.511,0,-4.0,-27.0,7.0,4.0,-7.0,-9.0,-14.0,1.0,-10.0,30.0,4.0,7.0,11.0,-33.0,-5.0,-2.0
NO.512,2,-1.0,-11.0,8.0,11.0,2.0,-8.0,-13.0,11.0,-10.0,4.0,5.0,20.0,11.0,-5.0,-4.0,-13.0
NO.513,0,4.0,-41.0,38.0,1.0,-11.0,-44.0,-10.0,-11.0,-14.0,40.0,11.0,1.0,13.0,-47.0,-10.0,1.0
NO.514,2,7.0,-13.0,-2.0,8.0,-8.0,2.0,-2.0,11.0,-20.0,5.0,7.0,11.0,22.0,-7.0,-5.0,-10.0
NO.515,2,5.0,-4.0,22.0,6.0,-4.0,-7.0,-5.0,3.0,-10.0,5.0,13.0,9.0,11.0,-4.0,-11.0,-6.0
NO.516,0,4.0,-15.0,3.0,24.0,1.0,-12.0,-12.0,30.0,-11.0,12.0,9.0,30.0,10.0,-15.0,-9.0,-21.0
NO.517,0,5.0,6.0,7.0,19.0,-10.0,6.0,-11.0,10.0,-34.0,3.0,22.0,10.0,32.0,-3.0,-23.0,1.0
NO.518,2,-1.0,0.0,2.0,-1.0,-4.0,-3.0,-1.0,-1.0,-10.0,0.0,5.0,5.0,11.0,0.0,-4.0,-4.0
NO.519,2,25.0,12.0,11.0,4.0,1.0,-9.0,-10.0,7.0,-20.0,-18.0,2.0,16.0,19.0,18.0,-1.0,-14.0
NO.520,2,8.0,11.0,6.0,7.0,-4.0,-10.0,-9.0,1.0,-10.0,-7.0,9.0,7.0,11.0,5.0,-9.0,1.0
NO.521,2,1.0,-6.0,-5.0,8.0,-2.0,-3.0,-2.0,8.0,-17.0,-6.0,4.0,17.0,16.0,3.0,-5.0,-10.0
NO.522,2,8.0,3.0,5.0,0.0,-1.0,0.0,-4.0,0.0,-7.0,-6.0,-1.0,6.0,8.0,6.0,2.0,-3.0
NO.523,2,12.0,2.0,13.0,-8.0,-3.0,-10.0,-5.0,-8.0,-3.0,-4.0,13.0,-11.0,3.0,2.0,-11.0,13.0
NO.524,2,0.0,-10.0,-4.0,8.0,-3.0,-7.0,-1.0,11.0,0.0,2.0,-7.0,23.0,0.0,-4.0,5.0,-16.0
NO.525,2,20.0,12.0,11.0,8.0,-1.0,-6.0,-7.0,5.0,2.0,-12.0,-1.0,5.0,-1.0,12.0,2.0,-1.0
NO.526,2,3.0,-3.0,3.0,6.0,-3.0,-9.0,-3.0,3.0,-6.0,3.0,3.0,6.0,6.0,-6.0,-3.0,0.0
NO.527,0,1.0,-16.0,-4.0,1.0,-8.0,-10.0,-4.0,-2.0,10.0,23.0,8.0,-5.0,-8.0,-25.0,-7.0,10.0
NO.528,2,9.0,2.0,8.0,4.0,-6.0,-1.0,-4.0,-5.0,-12.0,2.0,14.0,-8.0,12.0,-1.0,-13.0,10.0
NO.529,0,17.0,-2.0,18.0,5.0,5.0,-8.0,-12.0,5.0,-34.0,7.0,33.0,11.0,38.0,-5.0,-30.0,-4.0
NO.530,2,16.0,-1.0,27.0,-2.0,1.0,-10.0,-6.0,-5.0,-14.0,-1.0,-3.0,-8.0,16.0,-1.0,3.0,13.0
NO.531,2,15.0,9.0,5.0,1.0,3.0,-3.0,-4.0,-5.0,-9.0,-15.0,-1.0,4.0,9.0,18.0,2.0,-2.0
NO.532,2,1.0,-9.0,5.0,5.0,-2.0,-3.0,-4.0,5.0,-2.0,0.0,2.0,17.0,4.0,0.0,-1.0,-13.0
NO.533,2,5.0,-4.0,8.0,1.0,5.0,-1.0,-10.0,1.0,-10.0,-4.0,2.0,7.0,11.0,5.0,-1.0,-5.0
NO.534,2,12.0,25.0,-6.0,-21.0,-3.0,4.0,-3.0,-27.0,-12.0,-23.0,9.0,-24.0,12.0,28.0,-9.0,24.0
NO.535,2,14.0,-8.0,10.0,13.0,2.0,-8.0,-11.0,16.0,-22.0,4.0,7.0,28.0,23.0,-2.0,-5.0,-23.0
NO.536,2,20.0,9.0,-37.0,2.0,-7.0,-15.0,-7.0,-7.0,-61.0,-12.0,20.0,2.0,59.0,12.0,-22.0,5.0
NO.537,2,11.0,-1.0,18.0,-7.0,5.0,-10.0,-6.0,-10.0,-10.0,-4.0,6.0,-4.0,11.0,2.0,-6.0,5.0
NO.538,2,8.0,-1.0,11.0,-3.0,5.0,-1.0,-4.0,-3.0,-7.0,-4.0,2.0,0.0,8.0,5.0,-1.0,3.0
NO.539,2,7.0,-6.0,8.0,-18.0,1.0,-9.0,-4.0,-21.0,-11.0,6.0,-1.0,-15.0,13.0,-9.0,2.0,15.0
NO.540,2,3.0,3.0,3.0,6.0,-6.0,3.0,-3.0,9.0,-6.0,-6.0,12.0,9.0,6.0,6.0,-12.0,-3.0
NO.541,2,-17.0,2.0,12.0,-2.0,-17.0,50.0,-9.0,4.0,-38.0,2.0,21.0,4.0,40.0,5.0,-18.0,-2.0
NO.542,0,-30.0,-36.0,31.0,0.0,-12.0,9.0,-11.0,-3.0,-60.0,54.0,25.0,0.0,60.0,-60.0,-20.0,3.0
NO.543,2,10.0,-3.0,26.0,-7.0,-5.0,0.0,-7.0,-10.0,-14.0,0.0,5.0,-7.0,16.0,0.0,-4.0,11.0
NO.544,2,5.0,40.0,-17.0,7.0,5.0,13.0,-2.0,10.0,20.0,-41.0,-26.0,28.0,-22.0,52.0,25.0,-23.0
NO.545,0,-4.0,-46.0,26.0,-7.0,-13.0,-31.0,-7.0,-13.0,-61.0,47.0,23.0,-7.0,62.0,-55.0,-22.0,14.0
NO.546,0,6.0,-18.0,3.0,25.0,-18.0,0.0,-9.0,34.0,-21.0,12.0,24.0,49.0,24.0,-15.0,-24.0,-44.0
NO.547,0,0.0,-38.0,8.0,1.0,-3.0,-26.0,-7.0,4.0,-12.0,31.0,8.0,13.0,15.0,-38.0,-7.0,-11.0
NO.548,0,1.0,-14.0,-4.0,-3.0,-5.0,-2.0,-4.0,-6.0,-17.0,25.0,2.0,3.0,19.0,-26.0,-1.0,0.0
NO.549,0,11.0,-31.0,24.0,0.0,-1.0,-19.0,-12.0,-3.0,-37.0,35.0,18.0,3.0,38.0,-40.0,-15.0,0.0
NO.550,0,8.0,-28.0,38.0,-15.0,-4.0,-22.0,-7.0,-21.0,-10.0,26.0,11.0,-15.0,11.0,-31.0,-10.0,15.0
NO.551,2,3.0,-17.0,8.0,1.0,-3.0,-17.0,-4.0,1.0,-6.0,16.0,-4.0,7.0,6.0,-20.0,5.0,-5.0
NO.552,2,12.0,-2.0,12.0,0.0,-3.0,-5.0,-6.0,-3.0,-18.0,1.0,3.0,12.0,18.0,-2.0,-3.0,-12.0
NO.553,2,18.0,-14.0,14.0,-6.0,0.0,-17.0,-7.0,-12.0,-30.0,13.0,-10.0,6.0,33.0,-14.0,11.0,-6.0
NO.554,0,-5.0,-32.0,2.0,4.0,-2.0,-26.0,-4.0,-5.0,-26.0,25.0,11.0,7.0,25.0,-32.0,-13.0,-2.0
NO.555,2,4.0,-13.0,10.0,-7.0,-2.0,-7.0,-8.0,-7.0,-8.0,14.0,-2.0,2.0,10.0,-16.0,1.0,-1.0
NO.556,0,-29.0,-75.0,17.0,13.0,-47.0,-6.0,-7.0,19.0,-53.0,81.0,20.0,28.0,52.0,-96.0,-19.0,-20.0
NO.557,2,19.0,40.0,16.0,-39.0,-14.0,7.0,-17.0,-48.0,-17.0,-32.0,-2.0,-27.0,16.0,40.0,4.0,18.0
NO.558,0,-41.0,-80.0,30.0,-19.0,-62.0,43.0,-18.0,-19.0,-134.0,133.0,21.0,2.0,136.0,-140.0,-18.0,-7.0
NO.559,0,6.0,-51.0,22.0,-1.0,-15.0,-21.0,-14.0,-1.0,-21.0,48.0,-2.0,17.0,24.0,-57.0,4.0,-13.0
NO.560,0,23.0,-22.0,36.0,-15.0,-22.0,-22.0,-21.0,-15.0,-28.0,26.0,12.0,-9.0,29.0,-31.0,-6.0,6.0
NO.561,2,30.0,0.0,22.0,-11.0,-9.0,-12.0,-17.0,-14.0,-3.0,-3.0,4.0,-2.0,6.0,3.0,-2.0,1.0
NO.562,2,17.0,-15.0,29.0,-7.0,-16.0,-18.0,-19.0,-10.0,-16.0,15.0,5.0,-1.0,17.0,-18.0,-1.0,-1.0
NO.563,2,20.0,-2.0,30.0,-17.0,-10.0,-20.0,-18.0,-20.0,-7.0,1.0,15.0,-17.0,8.0,-5.0,-12.0,13.0
NO.564,0,17.0,-14.0,27.0,5.0,-13.0,-17.0,-15.0,-10.0,-19.0,19.0,9.0,2.0,20.0,-23.0,-6.0,5.0
NO.565,2,24.0,-9.0,21.0,-10.0,-6.0,-18.0,-21.0,-19.0,-21.0,3.0,-12.0,-4.0,24.0,-6.0,15.0,2.0
NO.566,0,2.0,-34.0,42.0,-16.0,-22.0,-13.0,-15.0,-22.0,-19.0,44.0,15.0,-25.0,20.0,-52.0,-9.0,26.0
NO.567,0,10.0,-24.0,36.0,-5.0,-17.0,-18.0,-27.0,-14.0,-17.0,24.0,-6.0,13.0,19.0,-27.0,9.0,-5.0
NO.568,0,2.0,-39.0,23.0,5.0,-19.0,-24.0,-16.0,5.0,-4.0,36.0,2.0,11.0,5.0,-45.0,2.0,-4.0
NO.569,2,27.0,-10.0,40.0,-10.0,-12.0,-19.0,-20.0,-10.0,-15.0,5.0,19.0,-7.0,18.0,-10.0,-14.0,5.0
NO.570,2,40.0,3.0,29.0,-12.0,-8.0,-12.0,-22.0,-15.0,-26.0,-3.0,14.0,-9.0,28.0,3.0,-10.0,6.0
NO.571,3,-154.0,-282.0,34.0,-14.0,-148.0,105.0,-20.0,-17.0,-382.0,486.0,7.0,1.0,374.0,-531.0,-2.0,-2.0
NO.572,3,-117.0,-196.0,19.0,-22.0,-117.0,92.0,-14.0,-28.0,-273.0,353.0,4.0,-16.0,273.0,-376.0,-2.0,11.0
NO.573,0,12.0,-29.0,24.0,1.0,-12.0,-17.0,-6.0,7.0,-15.0,10.0,6.0,19.0,15.0,-17.0,-3.0,-17.0
NO.574,0,6.0,-25.0,34.0,-4.0,-21.0,-1.0,-23.0,-1.0,-30.0,26.0,16.0,11.0,33.0,-28.0,-14.0,-10.0
NO.575,0,6.0,-17.0,22.0,-3.0,-15.0,-2.0,-14.0,-6.0,-21.0,25.0,-2.0,6.0,24.0,-26.0,4.0,-3.0
NO.576,0,-7.0,-27.0,25.0,3.0,-13.0,3.0,-17.0,3.0,-4.0,21.0,1.0,21.0,8.0,-21.0,4.0,-18.0
NO.577,2,18.0,-8.0,33.0,-11.0,-15.0,1.0,-21.0,-11.0,6.0,4.0,6.0,1.0,-3.0,-2.0,-3.0,-2.0
NO.578,2,18.0,-12.0,20.0,2.0,-9.0,-18.0,-13.0,2.0,15.0,-6.0,-1.0,14.0,-15.0,3.0,5.0,-13.0
NO.579,2,12.0,-9.0,31.0,-10.0,-30.0,0.0,-17.0,-13.0,3.0,12.0,4.0,-4.0,-3.0,-9.0,1.0,2.0
NO.580,2,8.0,-8.0,23.0,-2.0,-28.0,-2.0,-19.0,-5.0,-22.0,7.0,2.0,7.0,20.0,-5.0,2.0,-5.0
NO.581,2,27.0,-14.0,29.0,-19.0,-15.0,-11.0,-19.0,-19.0,0.0,10.0,17.0,-13.0,3.0,-11.0,-13.0,11.0
NO.582,0,14.0,-29.0,27.0,9.0,-19.0,-35.0,-12.0,9.0,23.0,10.0,18.0,18.0,-22.0,-17.0,-15.0,-12.0
NO.583,2,27.0,11.0,22.0,-13.0,-3.0,-13.0,-14.0,-13.0,18.0,-31.0,4.0,-4.0,-18.0,32.0,-2.0,2.0
NO.584,2,21.0,5.0,8.0,-21.0,-6.0,-10.0,-13.0,-24.0,9.0,-16.0,5.0,-15.0,-9.0,17.0,-4.0,12.0
NO.585,0,-13.0,-47.0,3.0,16.0,-28.0,19.0,0.0,19.0,-46.0,61.0,3.0,13.0,44.0,-68.0,-3.0,-8.0
NO.586,3,-97.0,-164.0,1.0,17.0,-91.0,52.0,-17.0,17.0,-172.0,259.0,7.0,20.0,164.0,-287.0,-5.0,-13.0
NO.587,0,2.0,-51.0,20.0,-12.0,-19.0,-9.0,-16.0,-15.0,-16.0,54.0,-1.0,12.0,20.0,-60.0,2.0,-9.0
NO.588,0,-43.0,-39.0,8.0,-4.0,-49.0,45.0,-19.0,-10.0,-46.0,84.0,-1.0,23.0,47.0,-81.0,2.0,-19.0
NO.589,0,3.0,-35.0,21.0,8.0,-15.0,-17.0,-18.0,8.0,12.0,25.0,9.0,14.0,-12.0,-32.0,-6.0,-7.0
NO.590,0,-1.0,-30.0,43.0,-12.0,-25.0,0.0,-20.0,-18.0,-1.0,36.0,28.0,-12.0,2.0,-36.0,-23.0,12.0
NO.591,0,-2.0,-46.0,29.0,-2.0,-17.0,-19.0,-13.0,7.0,-8.0,41.0,11.0,13.0,10.0,-49.0,-7.0,-14.0
NO.592,0,17.0,-36.0,38.0,-5.0,-16.0,-27.0,-19.0,-5.0,-4.0,33.0,11.0,7.0,5.0,-36.0,-7.0,-5.0
NO.593,0,1.0,-40.0,30.0,0.0,-23.0,-25.0,-15.0,0.0,4.0,44.0,9.0,6.0,-2.0,-49.0,-6.0,-3.0
NO.594,0,-3.0,-39.0,40.0,-6.0,-27.0,0.0,-20.0,-6.0,-18.0,42.0,13.0,3.0,21.0,-45.0,-8.0,-3.0
NO.595,0,-3.0,-42.0,28.0,2.0,-27.0,-9.0,-14.0,5.0,-18.0,60.0,1.0,8.0,18.0,-63.0,4.0,-4.0
NO.596,2,26.0,10.0,47.0,-27.0,-22.0,-11.0,-28.0,-30.0,17.0,-17.0,-4.0,3.0,-19.0,22.0,8.0,-9.0
NO.597,1,-341.0,-546.0,54.0,-14.0,-302.0,216.0,-27.0,-23.0,-674.0,930.0,24.0,-2.0,649.0,-1020.0,-18.0,1.0
NO.598,3,-176.0,-318.0,32.0,-11.0,-170.0,105.0,-19.0,-11.0,-365.0,534.0,11.0,-8.0,358.0,-582.0,-7.0,7.0
NO.599,2,12.0,4.0,24.0,9.0,-12.0,-2.0,-12.0,12.0,18.0,-14.0,9.0,15.0,-18.0,16.0,-6.0,-9.0
NO.600,2,25.0,5.0,23.0,1.0,-8.0,-37.0,-16.0,-5.0,25.0,-10.0,2.0,1.0,-26.0,5.0,2.0,1.0
NO.601,2,25.0,9.0,23.0,-7.0,-11.0,-27.0,-16.0,-7.0,22.0,-21.0,-4.0,2.0,-23.0,18.0,8.0,-1.0
NO.602,2,14.0,-5.0,23.0,1.0,-19.0,-8.0,-16.0,-5.0,11.0,-2.0,-7.0,16.0,-10.0,4.0,8.0,-17.0
NO.603,2,21.0,-5.0,35.0,-7.0,-15.0,-17.0,-16.0,-7.0,3.0,1.0,14.0,-1.0,-3.0,-2.0,-10.0,-1.0
NO.604,2,25.0,18.0,57.0,-17.0,-17.0,-6.0,-21.0,-17.0,28.0,-30.0,6.0,10.0,-29.0,36.0,0.0,-14.0
NO.605,2,14.0,-18.0,12.0,1.0,-16.0,-21.0,-12.0,1.0,14.0,9.0,-6.0,16.0,-13.0,-12.0,9.0,-14.0
NO.606,2,16.0,-2.0,19.0,-5.0,-8.0,-17.0,-14.0,-5.0,-11.0,-2.0,1.0,4.0,10.0,1.0,1.0,-5.0
NO.607,2,29.0,11.0,45.0,-8.0,-10.0,-13.0,-21.0,-8.0,20.0,-25.0,12.0,7.0,-19.0,26.0,-6.0,-8.0
NO.608,2,18.0,1.0,25.0,-10.0,-18.0,-5.0,-17.0,-10.0,12.0,-11.0,7.0,2.0,-12.0,13.0,-5.0,-4.0
NO.609,2,20.0,-3.0,3.0,-4.0,-19.0,3.0,-15.0,-4.0,-10.0,9.0,-6.0,8.0,11.0,-6.0,6.0,-7.0
NO.610,0,11.0,-35.0,26.0,0.0,-19.0,-35.0,-13.0,3.0,-4.0,31.0,11.0,12.0,2.0,-41.0,-7.0,-12.0
NO.611,2,47.0,4.0,28.0,-7.0,-7.0,-17.0,-17.0,-7.0,-7.0,-23.0,19.0,-4.0,8.0,22.0,-14.0,2.0
NO.612,0,11.0,-40.0,30.0,8.0,-22.0,-28.0,-15.0,14.0,5.0,26.0,6.0,26.0,-4.0,-31.0,-3.0,-22.0
NO.613,2,23.0,-2.0,27.0,-8.0,-16.0,-20.0,-15.0,-11.0,20.0,-11.0,12.0,-8.0,-19.0,10.0,-9.0,7.0
NO.614,2,17.0,-10.0,26.0,-3.0,-13.0,-13.0,-16.0,-6.0,14.0,2.0,11.0,0.0,-13.0,-4.0,-7.0,0.0
NO.615,2,24.0,-5.0,36.0,-9.0,-12.0,-11.0,-15.0,-9.0,9.0,-11.0,12.0,-3.0,-9.0,10.0,-9.0,3.0
NO.616,2,15.0,-17.0,45.0,-8.0,-12.0,-20.0,-18.0,-8.0,21.0,-5.0,18.0,1.0,-21.0,1.0,-12.0,-5.0
NO.617,2,8.0,-16.0,24.0,0.0,-22.0,-4.0,-18.0,-3.0,2.0,14.0,0.0,6.0,-1.0,-16.0,3.0,-6.0
NO.618,2,35.0,12.0,47.0,-9.0,-7.0,-18.0,-22.0,-12.0,29.0,-45.0,5.0,6.0,-31.0,45.0,-1.0,-9.0
NO.619,2,21.0,-23.0,8.0,7.0,-15.0,-20.0,-10.0,4.0,15.0,7.0,-1.0,10.0,-15.0,-14.0,2.0,-8.0
NO.620,2,22.0,-19.0,40.0,-6.0,-17.0,-10.0,-23.0,6.0,-2.0,-10.0,19.0,12.0,1.0,8.0,-14.0,-18.0
NO.621,2,23.0,22.0,42.0,-17.0,-7.0,-8.0,27.0,-26.0,17.0,-38.0,-9.0,7.0,-19.0,40.0,12.0,-8.0
NO.622,2,30.0,2.0,2.0,-21.0,-15.0,2.0,8.0,-24.0,-15.0,-16.0,-28.0,-3.0,18.0,17.0,29.0,0.0
NO.623,2,20.0,-15.0,40.0,2.0,-13.0,-9.0,-20.0,2.0,8.0,0.0,13.0,8.0,-7.0,0.0,-8.0,-7.0
NO.624,0,10.0,-49.0,27.0,10.0,-20.0,-31.0,-15.0,10.0,7.0,44.0,3.0,10.0,-5.0,-52.0,3.0,-8.0
NO.625,2,29.0,6.0,42.0,-14.0,-19.0,-27.0,-15.0,-14.0,23.0,-30.0,33.0,-14.0,-22.0,27.0,-27.0,13.0
NO.626,2,22.0,8.0,30.0,-11.0,-11.0,-19.0,-15.0,-14.0,7.0,-16.0,6.0,-5.0,-8.0,14.0,-3.0,4.0
NO.627,2,28.0,-5.0,9.0,-4.0,-20.0,-5.0,-27.0,-4.0,-17.0,4.0,12.0,-4.0,19.0,-5.0,-9.0,5.0
NO.628,2,35.0,-5.0,27.0,-8.0,-31.0,-11.0,-30.0,-11.0,-22.0,7.0,18.0,-11.0,26.0,-8.0,-15.0,10.0
NO.629,2,32.0,7.0,17.0,-2.0,-19.0,-14.0,-25.0,-5.0,-1.0,-17.0,5.0,1.0,2.0,16.0,-1.0,-2.0
NO.630,0,-4.0,-2.0,31.0,9.0,-16.0,7.0,-23.0,12.0,26.0,1.0,28.0,3.0,-25.0,-2.0,-26.0,0.0
NO.631,2,21.0,1.0,26.0,5.0,-15.0,-5.0,-25.0,5.0,18.0,-20.0,23.0,8.0,-18.0,19.0,-19.0,-7.0
NO.632,0,8.0,-20.0,-9.0,10.0,-22.0,-8.0,-42.0,10.0,14.0,19.0,33.0,-20.0,-13.0,-23.0,-33.0,19.0
NO.633,0,9.0,-23.0,10.0,9.0,-15.0,-14.0,-50.0,12.0,3.0,16.0,34.0,-21.0,-3.0,-23.0,-32.0,21.0
NO.634,2,14.0,-8.0,14.0,10.0,-4.0,1.0,-46.0,22.0,11.0,-11.0,29.0,4.0,-10.0,13.0,-28.0,-5.0
NO.635,0,-20.0,-30.0,17.0,14.0,-17.0,-9.0,-52.0,32.0,49.0,18.0,47.0,8.0,-50.0,-21.0,-46.0,-10.0
NO.636,2,22.0,-6.0,47.0,-1.0,-17.0,-18.0,-25.0,2.0,22.0,-18.0,32.0,-1.0,-23.0,15.0,-28.0,-1.0
NO.637,0,8.0,-45.0,24.0,9.0,-16.0,-18.0,-30.0,15.0,2.0,24.0,27.0,18.0,-1.0,-30.0,-24.0,-21.0
NO.638,2,32.0,5.0,44.0,-15.0,-7.0,-10.0,-7.0,-6.0,14.0,-34.0,8.0,12.0,-13.0,35.0,-4.0,-18.0
NO.639,2,11.0,-9.0,11.0,-11.0,-22.0,-3.0,-13.0,-11.0,20.0,-12.0,-7.0,4.0,-19.0,9.0,11.0,-5.0
NO.640,2,37.0,25.0,75.0,-14.0,13.0,-17.0,-15.0,-14.0,64.0,-77.0,33.0,19.0,-65.0,82.0,-27.0,-20.0
NO.641,2,17.0,9.0,22.0,4.0,-13.0,3.0,-23.0,7.0,2.0,-27.0,1.0,28.0,-1.0,30.0,1.0,-29.0
NO.642,2,27.0,13.0,22.0,-10.0,-9.0,-8.0,-11.0,-10.0,9.0,-26.0,16.0,-4.0,-9.0,28.0,-14.0,-1.0
NO.643,2,17.0,0.0,23.0,-1.0,-13.0,0.0,-7.0,-7.0,11.0,-12.0,32.0,-7.0,-10.0,15.0,-31.0,5.0
NO.644,2,46.0,38.0,41.0,-17.0,-8.0,-10.0,-19.0,-23.0,31.0,-76.0,17.0,1.0,-32.0,80.0,-13.0,-5.0
NO.645,2,32.0,4.0,-3.0,-23.0,-13.0,-8.0,-12.0,-26.0,-4.0,-11.0,-3.0,-17.0,5.0,13.0,3.0,13.0
NO.646,2,31.0,6.0,19.0,-4.0,-8.0,0.0,-14.0,-4.0,-2.0,-27.0,10.0,11.0,4.0,30.0,-8.0,-13.0
NO.647,2,28.0,7.0,25.0,-4.0,-11.0,4.0,-20.0,-7.0,1.0,-20.0,31.0,-10.0,1.0,22.0,-32.0,8.0
NO.648,0,-5.0,-57.0,12.0,5.0,-17.0,-36.0,-15.0,11.0,-26.0,36.0,0.0,20.0,25.0,-45.0,0.0,-25.0
NO.649,2,27.0,-11.0,35.0,-8.0,-15.0,-29.0,-19.0,-14.0,15.0,-2.0,20.0,-20.0,-15.0,-2.0,-16.0,16.0
NO.650,2,28.0,-8.0,0.0,-6.0,-11.0,-20.0,-9.0,-6.0,1.0,-2.0,3.0,0.0,-2.0,1.0,-3.0,0.0
NO.651,2,34.0,10.0,15.0,-3.0,-17.0,-11.0,-18.0,0.0,10.0,-38.0,21.0,6.0,-11.0,40.0,-21.0,-9.0
NO.652,2,26.0,-7.0,27.0,0.0,-13.0,-31.0,-12.0,3.0,20.0,-7.0,36.0,-3.0,-19.0,2.0,-36.0,3.0
NO.653,0,9.0,-28.0,12.0,-11.0,-6.0,-22.0,-6.0,-5.0,12.0,20.0,21.0,-14.0,-12.0,-25.0,-18.0,10.0
NO.654,2,21.0,-16.0,30.0,0.0,-15.0,-16.0,-12.0,0.0,6.0,-1.0,15.0,0.0,-6.0,-4.0,-12.0,0.0
NO.655,0,17.0,-11.0,38.0,-4.0,-16.0,-5.0,-10.0,11.0,2.0,1.0,29.0,-1.0,-1.0,-2.0,-25.0,-4.0
NO.656,0,11.0,-35.0,11.0,4.0,-13.0,-29.0,-16.0,10.0,14.0,19.0,-4.0,1.0,-16.0,-26.0,5.0,-2.0
NO.657,0,0.0,-58.0,57.0,-27.0,-15.0,-16.0,-12.0,-12.0,9.0,17.0,63.0,-21.0,-9.0,-22.0,-54.0,9.0
NO.658,2,25.0,-10.0,49.0,-10.0,-11.0,-22.0,-14.0,-13.0,22.0,-13.0,28.0,-16.0,-23.0,8.0,-23.0,14.0
NO.659,0,-7.0,-36.0,9.0,-13.0,-16.0,-18.0,0.0,5.0,17.0,18.0,30.0,-4.0,-19.0,-24.0,-27.0,-4.0
NO.660,0,9.0,-17.0,52.0,-10.0,-18.0,-17.0,-14.0,2.0,6.0,1.0,37.0,2.0,-6.0,-2.0,-29.0,-7.0
NO.661,2,20.0,-21.0,35.0,-5.0,-7.0,-21.0,-13.0,-2.0,17.0,0.0,23.0,-2.0,-16.0,-3.0,-19.0,1.0
NO.662,0,8.0,-27.0,52.0,-21.0,-13.0,-12.0,-5.0,-9.0,-1.0,-3.0,52.0,-21.0,-1.0,0.0,-44.0,12.0
NO.663,2,23.0,-13.0,39.0,-18.0,-13.0,-25.0,-15.0,-18.0,14.0,-16.0,6.0,-12.0,-16.0,14.0,0.0,6.0
NO.664,2,42.0,6.0,46.0,-10.0,-6.0,-15.0,-17.0,-13.0,12.0,-33.0,16.0,-13.0,-12.0,33.0,-11.0,11.0
NO.665,2,32.0,-24.0,35.0,5.0,-4.0,-24.0,-16.0,8.0,5.0,-9.0,11.0,17.0,-4.0,3.0,-7.0,-16.0
NO.666,2,24.0,-13.0,27.0,-10.0,-9.0,-25.0,-12.0,-1.0,6.0,-13.0,21.0,5.0,-6.0,8.0,-18.0,-10.0
NO.667,2,31.0,0.0,34.0,-5.0,-8.0,-21.0,-14.0,-8.0,19.0,-24.0,19.0,-5.0,-20.0,21.0,-14.0,4.0
NO.668,2,18.0,-16.0,32.0,-8.0,-15.0,-13.0,-16.0,-2.0,3.0,8.0,17.0,-2.0,-3.0,-10.0,-13.0,1.0
NO.669,0,21.0,-19.0,43.0,0.0,-18.0,-22.0,-14.0,0.0,9.0,2.0,22.0,0.0,-9.0,-7.0,-17.0,0.0
NO.670,0,19.0,-28.0,24.0,-3.0,-14.0,-19.0,-12.0,-3.0,1.0,14.0,12.0,0.0,1.0,-19.0,-9.0,-3.0
NO.671,0,0.0,-27.0,65.0,-13.0,-15.0,-12.0,-16.0,-13.0,24.0,18.0,50.0,-25.0,-24.0,-21.0,-40.0,23.0
NO.672,2,23.0,-12.0,26.0,-7.0,-10.0,-9.0,-13.0,-4.0,-1.0,-12.0,5.0,2.0,2.0,9.0,-1.0,-4.0
NO.673,2,22.0,-2.0,52.0,-15.0,-8.0,-14.0,-14.0,-18.0,16.0,-23.0,34.0,-15.0,-17.0,22.0,-29.0,12.0
NO.674,0,-26.0,-40.0,22.0,1.0,-32.0,-25.0,-5.0,1.0,55.0,32.0,25.0,-5.0,-59.0,-40.0,-20.0,4.0
NO.675,2,20.0,-2.0,35.0,-3.0,-10.0,-11.0,-16.0,-3.0,17.0,-11.0,20.0,-3.0,-16.0,10.0,-16.0,3.0
NO.676,2,22.0,-10.0,40.0,-5.0,-8.0,-25.0,-14.0,4.0,16.0,-7.0,22.0,7.0,-17.0,2.0,-17.0,-8.0
NO.677,2,18.0,-19.0,10.0,1.0,-12.0,-28.0,-14.0,-11.0,12.0,5.0,1.0,7.0,-12.0,-10.0,1.0,-8.0
NO.678,2,21.0,-2.0,21.0,1.0,-6.0,-5.0,-15.0,4.0,9.0,-20.0,3.0,16.0,-9.0,22.0,-3.0,-20.0
NO.679,2,27.0,-4.0,30.0,3.0,-15.0,-13.0,-21.0,0.0,-3.0,-4.0,15.0,9.0,3.0,2.0,-12.0,-9.0
NO.680,0,13.0,-34.0,16.0,3.0,-20.0,-34.0,-8.0,9.0,1.0,14.0,4.0,3.0,-2.0,-22.0,-2.0,-6.0
NO.681,2,32.0,0.0,33.0,-5.0,-7.0,-18.0,-15.0,43.0,5.0,-18.0,12.0,-5.0,-4.0,12.0,-9.0,7.0
NO.682,0,31.0,-22.0,40.0,-2.0,-5.0,-25.0,-32.0,154.0,19.0,-7.0,31.0,-8.0,-20.0,-4.0,-29.0,4.0
NO.683,2,33.0,8.0,32.0,-6.0,-3.0,-13.0,-10.0,33.0,18.0,-40.0,17.0,-15.0,-18.0,35.0,-13.0,15.0
NO.684,2,47.0,9.0,7.0,1.0,8.0,-21.0,-2.0,40.0,-1.0,-30.0,7.0,4.0,2.0,24.0,-8.0,-5.0
NO.685,2,32.0,-25.0,5.0,-3.0,-4.0,-31.0,-13.0,42.0,8.0,-1.0,-7.0,3.0,-7.0,-10.0,8.0,-3.0
NO.686,2,24.0,-16.0,23.0,9.0,-3.0,-25.0,-16.0,33.0,9.0,-13.0,-13.0,15.0,-9.0,8.0,14.0,-18.0
NO.687,2,30.0,-6.0,51.0,-10.0,0.0,-24.0,-12.0,2.0,21.0,-27.0,30.0,-4.0,-21.0,21.0,-24.0,2.0
NO.688,2,38.0,-1.0,17.0,-4.0,-1.0,-19.0,-13.0,17.0,-4.0,-22.0,11.0,-1.0,5.0,17.0,-10.0,2.0
NO.689,2,26.0,-3.0,21.0,3.0,-16.0,-12.0,-12.0,24.0,2.0,3.0,9.0,-3.0,-1.0,-6.0,-6.0,3.0
NO.690,0,8.0,-32.0,30.0,1.0,-22.0,-23.0,-12.0,10.0,-16.0,40.0,15.0,1.0,17.0,-44.0,-12.0,-2.0
NO.691,0,15.0,-27.0,55.0,-7.0,-15.0,-42.0,-11.0,-19.0,3.0,45.0,37.0,-28.0,-3.0,-51.0,-29.0,29.0
NO.692,0,18.0,-14.0,33.0,4.0,-12.0,-20.0,-12.0,13.0,3.0,16.0,18.0,1.0,-3.0,-20.0,-15.0,1.0
NO.693,0,-3.0,-26.0,28.0,0.0,-21.0,-14.0,-5.0,48.0,21.0,13.0,31.0,-12.0,-21.0,-17.0,-26.0,6.0
NO.694,0,16.0,-4.0,67.0,24.0,-17.0,-25.0,-20.0,54.0,22.0,2.0,49.0,-6.0,-23.0,-7.0,-41.0,12.0
NO.695,0,12.0,-2.0,19.0,-7.0,-12.0,-20.0,-8.0,59.0,21.0,-5.0,10.0,-16.0,-24.0,-5.0,-8.0,17.0
NO.696,0,9.0,-49.0,19.0,3.0,-6.0,-55.0,-5.0,30.0,15.0,59.0,13.0,-9.0,-15.0,-67.0,-11.0,3.0
NO.697,0,53.0,-7.0,16.0,0.0,-1.0,-73.0,-8.0,18.0,2.0,11.0,7.0,-6.0,-4.0,-25.0,-5.0,6.0
NO.698,0,19.0,-7.0,27.0,-2.0,-14.0,-16.0,-9.0,22.0,4.0,5.0,21.0,-11.0,-5.0,-10.0,-18.0,10.0
NO.699,0,33.0,-6.0,30.0,5.0,-9.0,-27.0,-12.0,53.0,-9.0,3.0,15.0,-4.0,9.0,-9.0,-12.0,5.0
NO.700,0,17.0,-19.0,28.0,2.0,-13.0,-22.0,-8.0,8.0,29.0,20.0,25.0,2.0,-28.0,-22.0,-23.0,-4.0
NO.701,2,22.0,-5.0,22.0,5.0,-11.0,-11.0,-11.0,17.0,25.0,-5.0,4.0,20.0,-23.0,7.0,-2.0,-22.0
NO.702,2,13.0,12.0,33.0,11.0,-14.0,-6.0,-9.0,20.0,34.0,-15.0,9.0,-1.0,-35.0,15.0,-6.0,2.0
NO.703,0,11.0,-11.0,28.0,4.0,-13.0,-20.0,-17.0,13.0,11.0,37.0,7.0,-2.0,-10.0,-35.0,-2.0,-2.0
NO.704,2,15.0,-2.0,29.0,-1.0,-12.0,-14.0,-10.0,23.0,18.0,10.0,11.0,-4.0,-18.0,-8.0,-7.0,5.0
NO.705,0,8.0,-31.0,37.0,9.0,-16.0,-13.0,-8.0,27.0,8.0,35.0,7.0,0.0,-7.0,-37.0,-2.0,-3.0
NO.706,2,20.0,24.0,36.0,8.0,-16.0,15.0,-12.0,50.0,2.0,-21.0,18.0,2.0,-1.0,24.0,-15.0,-1.0
NO.707,0,17.0,-7.0,24.0,2.0,-16.0,-7.0,-9.0,29.0,-4.0,14.0,15.0,-1.0,5.0,-16.0,-12.0,2.0
NO.708,0,-23.0,-57.0,44.0,2.0,-38.0,-12.0,-13.0,56.0,4.0,93.0,35.0,-7.0,-5.0,-99.0,-28.0,2.0
NO.709,0,20.0,16.0,59.0,-2.0,-22.0,-11.0,-22.0,76.0,8.0,-5.0,29.0,-2.0,-7.0,4.0,-22.0,1.0
