NO.0,-10746.0,-10692.0,-10674.0,-10592.0,-10720.0,-10800.0,-10700.0,-10710.0
NO.1,-8026.0,-7898.0,-7792.0,-7874.0,-7908.0,-7934.0,-7906.0,-7904.0
NO.2,-7133.0,-7285.0,-7389.0,-7183.0,-7273.0,-7351.0,-7265.0,-7271.0
NO.3,-7944.0,-7772.0,-7714.0,-7776.0,-7820.0,-7834.0,-7818.0,-7802.0
NO.4,-10995.0,-10771.0,-10689.0,-10761.0,-10829.0,-10865.0,-10823.0,-10815.0
NO.5,-11004.0,-11176.0,-11446.0,-11146.0,-11200.0,-11280.0,-11212.0,-11200.0
NO.6,-8326.0,-8450.0,-8622.0,-8396.0,-8474.0,-8528.0,-8464.0,-8470.0
NO.7,-7684.0,-7838.0,-8010.0,-7752.0,-7858.0,-7922.0,-7842.0,-7848.0
NO.8,-7176.0,-6936.0,-7234.0,-7090.0,-7116.0,-7140.0,-7144.0,-7072.0
NO.9,-6811.0,-6749.0,-6995.0,-6791.0,-6853.0,-6911.0,-6877.0,-6819.0
NO.10,-1072.0,-1012.0,-986.0,-958.0,-1042.0,-1070.0,-1022.0,-1024.0
NO.11,-5425.0,-4989.0,-4795.0,-5023.0,-5083.0,-5103.0,-5071.0,-5063.0
NO.12,-5716.0,-5338.0,-5166.0,-5310.0,-5426.0,-5484.0,-5394.0,-5416.0
NO.13,-6277.0,-5909.0,-5803.0,-5903.0,-6013.0,-6073.0,-6003.0,-5987.0
NO.14,-6736.0,-6694.0,-6728.0,-6642.0,-6730.0,-6786.0,-6720.0,-6720.0
NO.15,-1375.0,-1273.0,-1239.0,-1269.0,-1303.0,-1315.0,-1303.0,-1285.0
NO.16,-3195.0,-3255.0,-3439.0,-3207.0,-3307.0,-3375.0,-3307.0,-3285.0
NO.17,-1905.0,-1931.0,-2025.0,-1887.0,-1963.0,-2011.0,-1959.0,-1945.0
NO.18,-4459.0,-3985.0,-3809.0,-4059.0,-4101.0,-4093.0,-4099.0,-4065.0
NO.19,-6811.0,-6699.0,-6661.0,-6683.0,-6731.0,-6757.0,-6727.0,-6721.0
NO.20,-6754.0,-6698.0,-6712.0,-6688.0,-6728.0,-6748.0,-6724.0,-6720.0
NO.21,-7071.0,-7273.0,-7515.0,-7207.0,-7295.0,-7357.0,-7285.0,-7291.0
NO.22,-3784.0,-3744.0,-3756.0,-3728.0,-3774.0,-3782.0,-3750.0,-3770.0
NO.23,-6489.0,-6425.0,-6561.0,-6473.0,-6485.0,-6517.0,-6499.0,-6479.0
NO.24,-5757.0,-6015.0,-6427.0,-5955.0,-6071.0,-6173.0,-6069.0,-6063.0
NO.25,-6876.0,-6842.0,-6818.0,-6770.0,-6858.0,-6908.0,-6822.0,-6870.0
NO.26,-7796.0,-7630.0,-7620.0,-7632.0,-7692.0,-7722.0,-7676.0,-7686.0
NO.27,-3616.0,-3604.0,-3616.0,-3584.0,-3618.0,-3634.0,-3602.0,-3618.0
NO.28,-7122.0,-7176.0,-7350.0,-7238.0,-7198.0,-7212.0,-7220.0,-7206.0
NO.29,-6556.0,-6642.0,-6834.0,-6592.0,-6682.0,-6758.0,-6676.0,-6678.0
NO.30,-5631.0,-5723.0,-5849.0,-5737.0,-5719.0,-5747.0,-5725.0,-5737.0
NO.31,-6663.0,-6723.0,-6933.0,-6691.0,-6781.0,-6847.0,-6777.0,-6767.0
NO.32,-7359.0,-7361.0,-7431.0,-7359.0,-7385.0,-7407.0,-7389.0,-7377.0
NO.33,-6505.0,-6751.0,-7007.0,-6679.0,-6763.0,-6821.0,-6751.0,-6755.0
NO.34,-7468.0,-7308.0,-7456.0,-7428.0,-7398.0,-7406.0,-7424.0,-7388.0
NO.35,-6647.0,-6609.0,-6757.0,-6647.0,-6667.0,-6699.0,-6675.0,-6665.0
NO.36,-5319.0,-5615.0,-5979.0,-5551.0,-5635.0,-5727.0,-5629.0,-5643.0
NO.37,-8931.0,-8803.0,-8829.0,-8823.0,-8859.0,-8881.0,-8865.0,-8839.0
NO.38,-6880.0,-6852.0,-6908.0,-6866.0,-6880.0,-6894.0,-6884.0,-6876.0
NO.39,-6836.0,-6582.0,-6474.0,-6620.0,-6632.0,-6640.0,-6630.0,-6626.0
NO.40,-8706.0,-8638.0,-8744.0,-8634.0,-8706.0,-8748.0,-8702.0,-8688.0
NO.41,-7681.0,-7705.0,-7821.0,-7707.0,-7731.0,-7769.0,-7753.0,-7715.0
NO.42,-6631.0,-6725.0,-6841.0,-6659.0,-6743.0,-6795.0,-6727.0,-6735.0
NO.43,-8921.0,-8883.0,-8933.0,-8909.0,-8915.0,-8913.0,-8913.0,-8907.0
NO.44,-9803.0,-9661.0,-9691.0,-9687.0,-9727.0,-9741.0,-9729.0,-9705.0
NO.45,-8758.0,-8840.0,-8950.0,-8792.0,-8856.0,-8900.0,-8854.0,-8846.0
NO.46,-7895.0,-8041.0,-8179.0,-7997.0,-8039.0,-8079.0,-8035.0,-8041.0
NO.47,-10338.0,-10356.0,-10504.0,-10338.0,-10402.0,-10458.0,-10404.0,-10396.0
NO.48,-3265.0,-3201.0,-3163.0,-3193.0,-3211.0,-3225.0,-3207.0,-3207.0
NO.49,-2095.0,-2073.0,-2059.0,-2049.0,-2085.0,-2093.0,-2075.0,-2075.0
NO.50,-9202.0,-9186.0,-9244.0,-9148.0,-9220.0,-9264.0,-9206.0,-9214.0
NO.51,-9600.0,-9540.0,-9620.0,-9492.0,-9600.0,-9668.0,-9580.0,-9594.0
NO.52,-8802.0,-8840.0,-8916.0,-8822.0,-8852.0,-8884.0,-8862.0,-8844.0
NO.53,-7412.0,-7762.0,-8130.0,-7698.0,-7762.0,-7844.0,-7766.0,-7766.0
NO.54,-6939.0,-6869.0,-6897.0,-6899.0,-6905.0,-6901.0,-6909.0,-6891.0
NO.55,-7302.0,-7176.0,-7204.0,-7236.0,-7224.0,-7222.0,-7250.0,-7200.0
NO.56,-6570.0,-6702.0,-6936.0,-6660.0,-6738.0,-6810.0,-6740.0,-6730.0
NO.57,-3764.0,-3650.0,-3544.0,-3668.0,-3650.0,-3640.0,-3656.0,-3646.0
NO.58,-8067.0,-7823.0,-7707.0,-7875.0,-7861.0,-7861.0,-7869.0,-7861.0
NO.59,-7018.0,-6974.0,-6996.0,-6974.0,-6996.0,-7018.0,-7002.0,-6988.0
NO.60,-3710.0,-3722.0,-3740.0,-3740.0,-3726.0,-3706.0,-3724.0,-3720.0
NO.61,-6363.0,-6281.0,-6325.0,-6339.0,-6329.0,-6301.0,-6327.0,-6317.0
NO.62,-5526.0,-5664.0,-5960.0,-5748.0,-5724.0,-5678.0,-5730.0,-5698.0
NO.63,-4621.0,-4895.0,-5255.0,-4893.0,-4929.0,-4949.0,-4929.0,-4913.0
NO.64,-4191.0,-4113.0,-4019.0,-4117.0,-4109.0,-4097.0,-4125.0,-4091.0
NO.65,-5184.0,-4884.0,-4622.0,-4928.0,-4898.0,-4864.0,-4904.0,-4890.0
NO.66,-6117.0,-5911.0,-5811.0,-5933.0,-5951.0,-5955.0,-5943.0,-5945.0
NO.67,-6824.0,-6638.0,-6630.0,-6664.0,-6704.0,-6724.0,-6698.0,-6692.0
NO.68,-6548.0,-6526.0,-6548.0,-6538.0,-6540.0,-6544.0,-6548.0,-6532.0
NO.69,-8093.0,-8033.0,-8103.0,-8087.0,-8079.0,-8063.0,-8073.0,-8079.0
NO.70,-8568.0,-8554.0,-8584.0,-8562.0,-8568.0,-8576.0,-8570.0,-8566.0
NO.71,-7931.0,-8005.0,-8081.0,-7997.0,-8005.0,-8015.0,-8007.0,-8003.0
NO.72,-6503.0,-6729.0,-6941.0,-6735.0,-6725.0,-6713.0,-6723.0,-6723.0
NO.73,-7760.0,-7664.0,-7608.0,-7682.0,-7676.0,-7674.0,-7674.0,-7678.0
NO.74,-4092.0,-4100.0,-4106.0,-4112.0,-4096.0,-4090.0,-4106.0,-4092.0
NO.75,-4296.0,-4450.0,-4632.0,-4464.0,-4460.0,-4454.0,-4454.0,-4464.0
NO.76,-4055.0,-3983.0,-3999.0,-4029.0,-4019.0,-3989.0,-4021.0,-3999.0
NO.77,-5118.0,-5232.0,-5422.0,-5210.0,-5256.0,-5306.0,-5260.0,-5254.0
NO.78,-3225.0,-3261.0,-3429.0,-3289.0,-3307.0,-3319.0,-3315.0,-3293.0
NO.79,-4187.0,-4117.0,-4113.0,-4133.0,-4139.0,-4145.0,-4143.0,-4131.0
NO.80,-7169.0,-7201.0,-7405.0,-7235.0,-7261.0,-7279.0,-7263.0,-7251.0
NO.81,-9072.0,-8962.0,-8936.0,-8996.0,-8988.0,-8986.0,-8994.0,-8984.0
NO.82,-3041.0,-3011.0,-2903.0,-2939.0,-2983.0,-3033.0,-2993.0,-2977.0
NO.83,-3763.0,-3731.0,-3889.0,-3805.0,-3789.0,-3789.0,-3811.0,-3773.0
NO.84,-7758.0,-7686.0,-7698.0,-7700.0,-7710.0,-7732.0,-7712.0,-7714.0
NO.85,-6767.0,-6755.0,-6869.0,-6769.0,-6799.0,-6823.0,-6803.0,-6787.0
NO.86,-6897.0,-6855.0,-6983.0,-6893.0,-6913.0,-6929.0,-6917.0,-6901.0
NO.87,-7714.0,-7670.0,-7702.0,-7688.0,-7692.0,-7706.0,-7702.0,-7688.0
NO.88,-6477.0,-6463.0,-6601.0,-6495.0,-6515.0,-6531.0,-6517.0,-6507.0
NO.89,-7780.0,-7794.0,-7874.0,-7798.0,-7818.0,-7832.0,-7818.0,-7812.0
NO.90,-3173.0,-3203.0,-3377.0,-3219.0,-3253.0,-3281.0,-3259.0,-3239.0
NO.91,-4875.0,-4719.0,-4707.0,-4703.0,-4767.0,-4831.0,-4781.0,-4753.0
NO.92,-5354.0,-5044.0,-5006.0,-5100.0,-5132.0,-5172.0,-5136.0,-5128.0
NO.93,-6860.0,-6620.0,-6554.0,-6674.0,-6680.0,-6680.0,-6680.0,-6672.0
NO.94,-5045.0,-5023.0,-5227.0,-5067.0,-5103.0,-5125.0,-5107.0,-5085.0
NO.95,-1608.0,-1502.0,-1576.0,-1510.0,-1564.0,-1612.0,-1574.0,-1546.0
NO.96,-4189.0,-3777.0,-3725.0,-3865.0,-3893.0,-3933.0,-3927.0,-3859.0
NO.97,-3068.0,-3046.0,-3002.0,-3052.0,-3038.0,-3026.0,-3034.0,-3042.0
NO.98,-7698.0,-7528.0,-7562.0,-7570.0,-7598.0,-7620.0,-7592.0,-7594.0
NO.99,-7377.0,-7381.0,-7515.0,-7381.0,-7431.0,-7461.0,-7429.0,-7419.0
NO.100,-7798.0,-7776.0,-7848.0,-7792.0,-7806.0,-7824.0,-7810.0,-7804.0
NO.101,-7298.0,-7056.0,-6832.0,-7096.0,-7060.0,-7030.0,-7050.0,-7070.0
NO.102,-5140.0,-5004.0,-5096.0,-5040.0,-5082.0,-5118.0,-5118.0,-5040.0
NO.103,-3286.0,-3388.0,-3548.0,-3350.0,-3408.0,-3464.0,-3410.0,-3404.0
NO.104,-1652.0,-1770.0,-1904.0,-1708.0,-1786.0,-1832.0,-1774.0,-1776.0
NO.105,-6345.0,-6393.0,-6521.0,-6409.0,-6417.0,-6433.0,-6425.0,-6413.0
NO.106,-5161.0,-5019.0,-5031.0,-5029.0,-5065.0,-5117.0,-5079.0,-5059.0
NO.107,-6182.0,-5564.0,-5260.0,-5684.0,-5660.0,-5662.0,-5696.0,-5632.0
NO.108,-9665.0,-9205.0,-9029.0,-9281.0,-9297.0,-9321.0,-9307.0,-9287.0
NO.109,-8678.0,-8548.0,-8594.0,-8560.0,-8608.0,-8652.0,-8622.0,-8588.0
NO.110,-7721.0,-7623.0,-7641.0,-7617.0,-7659.0,-7709.0,-7665.0,-7657.0
NO.111,-7373.0,-7103.0,-6983.0,-7159.0,-7153.0,-7147.0,-7171.0,-7127.0
NO.112,-7987.0,-7811.0,-7763.0,-7873.0,-7851.0,-7837.0,-7861.0,-7843.0
NO.113,-2717.0,-2871.0,-3043.0,-2835.0,-2879.0,-2917.0,-2883.0,-2869.0
NO.114,-4227.0,-3977.0,-3903.0,-4057.0,-4029.0,-4021.0,-4055.0,-4011.0
NO.115,-6900.0,-6794.0,-6760.0,-6848.0,-6814.0,-6792.0,-6814.0,-6818.0
NO.116,-7832.0,-7802.0,-7820.0,-7814.0,-7818.0,-7822.0,-7816.0,-7818.0
NO.117,-7569.0,-7381.0,-7221.0,-7393.0,-7387.0,-7391.0,-7383.0,-7395.0
NO.118,-6611.0,-6587.0,-6567.0,-6609.0,-6585.0,-6571.0,-6583.0,-6593.0
NO.119,-7991.0,-7907.0,-7933.0,-7941.0,-7945.0,-7945.0,-7951.0,-7935.0
NO.120,-10039.0,-9841.0,-9839.0,-9927.0,-9907.0,-9885.0,-9919.0,-9893.0
NO.121,-7748.0,-7720.0,-7848.0,-7758.0,-7776.0,-7782.0,-7782.0,-7760.0
NO.122,-6571.0,-6679.0,-6779.0,-6635.0,-6681.0,-6713.0,-6677.0,-6677.0
NO.123,-5152.0,-5210.0,-5248.0,-5208.0,-5208.0,-5194.0,-5204.0,-5200.0
NO.124,-6741.0,-6695.0,-6759.0,-6711.0,-6733.0,-6751.0,-6737.0,-6725.0
NO.125,-7417.0,-7375.0,-7477.0,-7409.0,-7423.0,-7437.0,-7419.0,-7423.0
NO.126,-6697.0,-6815.0,-6971.0,-6779.0,-6829.0,-6875.0,-6835.0,-6819.0
NO.127,-3334.0,-3374.0,-3354.0,-3338.0,-3350.0,-3374.0,-3346.0,-3358.0
NO.128,-5858.0,-5732.0,-5868.0,-5768.0,-5820.0,-5870.0,-5830.0,-5804.0
NO.129,-4562.0,-4608.0,-4734.0,-4568.0,-4632.0,-4704.0,-4646.0,-4622.0
NO.130,-3887.0,-4151.0,-4357.0,-4071.0,-4131.0,-4193.0,-4133.0,-4131.0
NO.131,-4313.0,-4263.0,-4217.0,-4217.0,-4261.0,-4315.0,-4285.0,-4245.0
NO.132,-8141.0,-8065.0,-8095.0,-8087.0,-8103.0,-8111.0,-8103.0,-8095.0
NO.133,-6401.0,-6421.0,-6415.0,-6443.0,-6409.0,-6385.0,-6413.0,-6409.0
NO.134,-7085.0,-7039.0,-7057.0,-7061.0,-7063.0,-7057.0,-7061.0,-7057.0
NO.135,-8027.0,-8037.0,-8145.0,-8059.0,-8073.0,-8077.0,-8077.0,-8061.0
NO.136,-8575.0,-8645.0,-8713.0,-8641.0,-8643.0,-8649.0,-8647.0,-8639.0
NO.137,-3240.0,-3596.0,-3964.0,-3528.0,-3602.0,-3670.0,-3608.0,-3594.0
NO.138,-4662.0,-4728.0,-4962.0,-4702.0,-4780.0,-4870.0,-4808.0,-4758.0
NO.139,-3082.0,-3116.0,-3142.0,-3096.0,-3116.0,-3128.0,-3114.0,-3106.0
NO.140,-8315.0,-8175.0,-8195.0,-8227.0,-8229.0,-8229.0,-8227.0,-8227.0
NO.141,-8531.0,-8513.0,-8593.0,-8531.0,-8547.0,-8559.0,-8549.0,-8541.0
NO.142,-8591.0,-8557.0,-8575.0,-8569.0,-8575.0,-8579.0,-8575.0,-8573.0
NO.143,-7772.0,-7754.0,-7850.0,-7776.0,-7792.0,-7808.0,-7794.0,-7788.0
NO.144,-6486.0,-6498.0,-6524.0,-6510.0,-6502.0,-6496.0,-6498.0,-6504.0
NO.145,-6896.0,-6842.0,-6980.0,-6898.0,-6908.0,-6912.0,-6916.0,-6892.0
NO.146,-7290.0,-7344.0,-7524.0,-7378.0,-7388.0,-7392.0,-7392.0,-7378.0
NO.147,-7322.0,-7510.0,-7700.0,-7466.0,-7516.0,-7550.0,-7516.0,-7504.0
NO.148,-5149.0,-5109.0,-5049.0,-5139.0,-5097.0,-5071.0,-5107.0,-5095.0
NO.149,-7843.0,-7631.0,-7613.0,-7699.0,-7699.0,-7689.0,-7695.0,-7693.0
NO.150,-7873.0,-7895.0,-8017.0,-7915.0,-7929.0,-7941.0,-7931.0,-7921.0
NO.151,-8632.0,-8512.0,-8610.0,-8620.0,-8588.0,-8546.0,-8588.0,-8576.0
NO.152,-7875.0,-7943.0,-8075.0,-7947.0,-7967.0,-7979.0,-7963.0,-7965.0
NO.153,-7111.0,-7181.0,-7313.0,-7185.0,-7203.0,-7217.0,-7205.0,-7197.0
NO.154,-8722.0,-8740.0,-8926.0,-8768.0,-8800.0,-8820.0,-8802.0,-8788.0
NO.155,-3473.0,-4171.0,-4817.0,-4069.0,-4159.0,-4233.0,-4163.0,-4143.0
NO.156,-6245.0,-6393.0,-6599.0,-6395.0,-6415.0,-6427.0,-6427.0,-6399.0
NO.157,-5962.0,-6220.0,-6504.0,-6194.0,-6232.0,-6260.0,-6240.0,-6218.0
NO.158,-3168.0,-3130.0,-3072.0,-3122.0,-3118.0,-3130.0,-3126.0,-3120.0
NO.159,-8092.0,-8036.0,-8030.0,-8078.0,-8054.0,-8026.0,-8060.0,-8044.0
NO.160,-8552.0,-8498.0,-8486.0,-8538.0,-8510.0,-8488.0,-8524.0,-8500.0
NO.161,-8261.0,-8261.0,-8297.0,-8271.0,-8271.0,-8277.0,-8285.0,-8261.0
NO.162,-9686.0,-9672.0,-9668.0,-9698.0,-9674.0,-9654.0,-9678.0,-9672.0
NO.163,-8750.0,-8880.0,-9036.0,-8902.0,-8890.0,-8874.0,-8896.0,-8882.0
NO.164,-8114.0,-8212.0,-8314.0,-8208.0,-8214.0,-8218.0,-8218.0,-8208.0
NO.165,-6978.0,-6972.0,-6948.0,-6964.0,-6966.0,-6968.0,-6968.0,-6964.0
NO.166,-6575.0,-6675.0,-6757.0,-6703.0,-6667.0,-6637.0,-6675.0,-6665.0
NO.167,-5171.0,-5205.0,-5235.0,-5193.0,-5205.0,-5213.0,-5213.0,-5195.0
NO.168,-3436.0,-3446.0,-3468.0,-3460.0,-3450.0,-3440.0,-3448.0,-3450.0
NO.169,-5039.0,-5209.0,-5377.0,-5177.0,-5211.0,-5237.0,-5223.0,-5197.0
NO.170,-6775.0,-6861.0,-6933.0,-6901.0,-6851.0,-6817.0,-6851.0,-6859.0
NO.171,-7860.0,-7934.0,-7992.0,-7932.0,-7928.0,-7926.0,-7928.0,-7930.0
NO.172,-8378.0,-8440.0,-8506.0,-8444.0,-8442.0,-8438.0,-8440.0,-8442.0
NO.173,-7875.0,-7883.0,-7915.0,-7901.0,-7891.0,-7881.0,-7893.0,-7887.0
NO.174,-6361.0,-6325.0,-6279.0,-6339.0,-6315.0,-6311.0,-6321.0,-6321.0
NO.175,-7937.0,-7981.0,-8023.0,-7987.0,-7981.0,-7973.0,-7981.0,-7979.0
NO.176,-4595.0,-4687.0,-4861.0,-4659.0,-4715.0,-4769.0,-4751.0,-4677.0
NO.177,-4522.0,-4716.0,-4932.0,-4724.0,-4728.0,-4718.0,-4732.0,-4714.0
NO.178,-3033.0,-3161.0,-3309.0,-3169.0,-3169.0,-3165.0,-3179.0,-3155.0
NO.179,-1844.0,-2168.0,-2518.0,-2140.0,-2182.0,-2208.0,-2186.0,-2168.0
NO.180,-2999.0,-3209.0,-3435.0,-3201.0,-3215.0,-3227.0,-3225.0,-3205.0
NO.181,-7832.0,-7998.0,-8180.0,-7988.0,-8006.0,-8016.0,-8010.0,-7998.0
NO.182,-4444.0,-4970.0,-5418.0,-4854.0,-4946.0,-5032.0,-4936.0,-4954.0
NO.183,-3694.0,-3786.0,-3884.0,-3770.0,-3788.0,-3806.0,-3794.0,-3782.0
NO.184,-4942.0,-4996.0,-5022.0,-5006.0,-4986.0,-4968.0,-4984.0,-4988.0
NO.185,-6498.0,-6606.0,-6740.0,-6608.0,-6616.0,-6620.0,-6626.0,-6604.0
NO.186,-4851.0,-4835.0,-4821.0,-4847.0,-4837.0,-4823.0,-4843.0,-4827.0
NO.187,-8390.0,-8464.0,-8532.0,-8468.0,-8464.0,-8454.0,-8466.0,-8458.0
NO.188,-8021.0,-8149.0,-8301.0,-8135.0,-8159.0,-8177.0,-8163.0,-8151.0
NO.189,-6670.0,-7138.0,-7572.0,-7154.0,-7122.0,-7104.0,-7136.0,-7120.0
NO.190,-8071.0,-8027.0,-7993.0,-8039.0,-8031.0,-8021.0,-8033.0,-8029.0
NO.191,-8862.0,-8942.0,-9042.0,-8932.0,-8950.0,-8964.0,-8952.0,-8944.0
NO.192,-8994.0,-8970.0,-8994.0,-8988.0,-8986.0,-8984.0,-8994.0,-8978.0
NO.193,-9667.0,-9609.0,-9565.0,-9635.0,-9611.0,-9595.0,-9609.0,-9617.0
NO.194,-7652.0,-7690.0,-7726.0,-7672.0,-7690.0,-7706.0,-7680.0,-7698.0
NO.195,-3718.0,-4084.0,-4542.0,-4058.0,-4130.0,-4156.0,-4124.0,-4106.0
NO.196,-4951.0,-5073.0,-5283.0,-5053.0,-5101.0,-5153.0,-5117.0,-5087.0
NO.197,-8605.0,-8569.0,-8587.0,-8595.0,-8583.0,-8583.0,-8599.0,-8575.0
NO.198,-8151.0,-8217.0,-8319.0,-8231.0,-8229.0,-8227.0,-8235.0,-8223.0
NO.199,-8518.0,-8564.0,-8604.0,-8546.0,-8562.0,-8578.0,-8558.0,-8564.0
NO.200,-8009.0,-7969.0,-7937.0,-7987.0,-7971.0,-7957.0,-7969.0,-7973.0
NO.201,-8490.0,-8492.0,-8534.0,-8504.0,-8508.0,-8504.0,-8514.0,-8496.0
NO.202,-7996.0,-7912.0,-7830.0,-7908.0,-7912.0,-7918.0,-7914.0,-7910.0
NO.203,-6981.0,-6969.0,-6981.0,-6979.0,-6977.0,-6975.0,-6981.0,-6973.0
NO.204,-8739.0,-8791.0,-8877.0,-8807.0,-8803.0,-8797.0,-8807.0,-8797.0
NO.205,-8109.0,-8087.0,-8077.0,-8095.0,-8091.0,-8087.0,-8091.0,-8089.0
NO.206,-8939.0,-8893.0,-8865.0,-8923.0,-8897.0,-8877.0,-8895.0,-8901.0
NO.207,-8024.0,-8052.0,-8132.0,-8072.0,-8068.0,-8068.0,-8072.0,-8066.0
NO.208,-8772.0,-8778.0,-8814.0,-8788.0,-8788.0,-8788.0,-8788.0,-8788.0
NO.209,-7160.0,-7090.0,-7046.0,-7110.0,-7098.0,-7088.0,-7100.0,-7096.0
NO.210,-5669.0,-5855.0,-6067.0,-5855.0,-5867.0,-5869.0,-5865.0,-5865.0
NO.211,-3588.0,-3700.0,-3884.0,-3692.0,-3726.0,-3754.0,-3734.0,-3714.0
NO.212,-9692.0,-9838.0,-9968.0,-9840.0,-9828.0,-9830.0,-9838.0,-9830.0
NO.213,-9412.0,-9536.0,-9672.0,-9526.0,-9538.0,-9556.0,-9552.0,-9528.0
NO.214,-8885.0,-9033.0,-9179.0,-9023.0,-9035.0,-9039.0,-9039.0,-9027.0
NO.215,-8084.0,-8122.0,-8144.0,-8130.0,-8116.0,-8104.0,-8116.0,-8116.0
NO.216,-8832.0,-8858.0,-8902.0,-8850.0,-8874.0,-8868.0,-8870.0,-8858.0
NO.217,-7925.0,-8015.0,-8095.0,-8019.0,-8017.0,-7999.0,-8015.0,-8009.0
NO.218,-7652.0,-7852.0,-8068.0,-7830.0,-7864.0,-7878.0,-7864.0,-7850.0
NO.219,-6802.0,-6766.0,-6722.0,-6776.0,-6764.0,-6750.0,-6768.0,-6758.0
NO.220,-7835.0,-7905.0,-7987.0,-7929.0,-7937.0,-7861.0,-7907.0,-7913.0
NO.221,-8671.0,-8827.0,-8985.0,-8835.0,-8843.0,-8805.0,-8825.0,-8831.0
NO.222,-8712.0,-8706.0,-8684.0,-8716.0,-8692.0,-8694.0,-8700.0,-8700.0
NO.223,-8060.0,-8046.0,-8050.0,-8074.0,-8052.0,-8030.0,-8050.0,-8054.0
NO.224,-8090.0,-8128.0,-8170.0,-8140.0,-8152.0,-8096.0,-8128.0,-8132.0
NO.225,-8800.0,-8750.0,-8700.0,-8762.0,-8744.0,-8744.0,-8752.0,-8746.0
NO.226,-8248.0,-8272.0,-8304.0,-8290.0,-8290.0,-8244.0,-8276.0,-8274.0
NO.227,-7131.0,-7131.0,-7125.0,-7135.0,-7141.0,-7111.0,-7125.0,-7133.0
NO.228,-8901.0,-8979.0,-9033.0,-8977.0,-8983.0,-8953.0,-8969.0,-8973.0
NO.229,-7938.0,-7932.0,-7914.0,-7944.0,-7940.0,-7900.0,-7926.0,-7930.0
NO.230,-8081.0,-8129.0,-8165.0,-8129.0,-8135.0,-8111.0,-8125.0,-8125.0
NO.231,-8466.0,-8522.0,-8578.0,-8516.0,-8542.0,-8508.0,-8526.0,-8520.0
NO.232,-7642.0,-7680.0,-7700.0,-7680.0,-7680.0,-7662.0,-7672.0,-7676.0
NO.233,-8080.0,-8064.0,-8034.0,-8068.0,-8070.0,-8040.0,-8052.0,-8066.0
NO.234,-8583.0,-8595.0,-8621.0,-8599.0,-8613.0,-8587.0,-8603.0,-8597.0
NO.235,-8177.0,-8271.0,-8355.0,-8271.0,-8297.0,-8235.0,-8269.0,-8269.0
NO.236,-8735.0,-8751.0,-8757.0,-8757.0,-8749.0,-8737.0,-8749.0,-8747.0
NO.237,-8097.0,-8173.0,-8223.0,-8161.0,-8171.0,-8161.0,-8159.0,-8169.0
NO.238,-8042.0,-8034.0,-8020.0,-8044.0,-8038.0,-8014.0,-8030.0,-8034.0
NO.239,-3814.0,-3948.0,-4040.0,-3880.0,-3964.0,-3958.0,-3936.0,-3932.0
NO.240,-4366.0,-4658.0,-4918.0,-4658.0,-4700.0,-4584.0,-4638.0,-4660.0
NO.241,-5118.0,-5244.0,-5366.0,-5234.0,-5278.0,-5216.0,-5246.0,-5242.0
NO.242,-6032.0,-6036.0,-6080.0,-6010.0,-6052.0,-6086.0,-6070.0,-6030.0
NO.243,-6125.0,-6243.0,-6375.0,-6299.0,-6313.0,-6131.0,-6237.0,-6261.0
NO.244,-5455.0,-5405.0,-5339.0,-5429.0,-5417.0,-5353.0,-5395.0,-5405.0
NO.245,-6539.0,-6553.0,-6573.0,-6567.0,-6579.0,-6519.0,-6559.0,-6553.0
NO.246,-6538.0,-6534.0,-6476.0,-6494.0,-6514.0,-6540.0,-6518.0,-6516.0
NO.247,-4827.0,-4837.0,-4815.0,-4855.0,-4855.0,-4769.0,-4823.0,-4831.0
NO.248,-3740.0,-3774.0,-3778.0,-3806.0,-3794.0,-3692.0,-3754.0,-3774.0
NO.249,-7942.0,-8034.0,-8144.0,-8062.0,-8056.0,-8002.0,-8046.0,-8036.0
NO.250,-8120.0,-8194.0,-8292.0,-8248.0,-8250.0,-8108.0,-8198.0,-8208.0
NO.251,-3558.0,-3526.0,-3490.0,-3556.0,-3552.0,-3466.0,-3522.0,-3528.0
NO.252,-5323.0,-5333.0,-5319.0,-5383.0,-5347.0,-5245.0,-5317.0,-5333.0
NO.253,-7382.0,-7576.0,-7796.0,-7646.0,-7620.0,-7488.0,-7582.0,-7592.0
NO.254,-7290.0,-7408.0,-7510.0,-7436.0,-7434.0,-7338.0,-7396.0,-7412.0
NO.255,-6891.0,-7159.0,-7411.0,-7211.0,-7227.0,-7023.0,-7133.0,-7177.0
NO.256,-3371.0,-3375.0,-3357.0,-3393.0,-3393.0,-3317.0,-3359.0,-3377.0
NO.257,-8758.0,-8734.0,-8738.0,-8764.0,-8754.0,-8712.0,-8756.0,-8732.0
NO.258,-3698.0,-3848.0,-4026.0,-3876.0,-3900.0,-3796.0,-3860.0,-3856.0
NO.259,-4544.0,-4990.0,-5468.0,-5038.0,-5084.0,-4880.0,-4994.0,-5012.0
NO.260,-3580.0,-3592.0,-3638.0,-3666.0,-3644.0,-3500.0,-3604.0,-3604.0
NO.261,-8375.0,-8371.0,-8385.0,-8401.0,-8387.0,-8343.0,-8379.0,-8373.0
NO.262,-8609.0,-8693.0,-8811.0,-8723.0,-8711.0,-8679.0,-8715.0,-8695.0
NO.263,-7873.0,-7861.0,-7859.0,-7847.0,-7871.0,-7875.0,-7875.0,-7853.0
NO.264,-5189.0,-5195.0,-5183.0,-5203.0,-5199.0,-5165.0,-5187.0,-5191.0
NO.265,-6903.0,-6889.0,-6863.0,-6903.0,-6907.0,-6845.0,-6885.0,-6883.0
NO.266,-6777.0,-6901.0,-7013.0,-6935.0,-6921.0,-6835.0,-6897.0,-6899.0
NO.267,-5787.0,-5989.0,-6161.0,-6031.0,-6025.0,-5881.0,-5977.0,-5985.0
NO.268,-5138.0,-5216.0,-5316.0,-5258.0,-5236.0,-5176.0,-5232.0,-5216.0
NO.269,-4972.0,-4974.0,-4956.0,-5034.0,-5006.0,-4862.0,-4960.0,-4976.0
NO.270,-7874.0,-8002.0,-8114.0,-8014.0,-8016.0,-7960.0,-7998.0,-7998.0
NO.271,-8099.0,-8233.0,-8389.0,-8209.0,-8233.0,-8279.0,-8261.0,-8221.0
NO.272,-1458.0,-1518.0,-1614.0,-1542.0,-1548.0,-1500.0,-1532.0,-1528.0
NO.273,-6948.0,-6692.0,-6444.0,-6726.0,-6736.0,-6622.0,-6690.0,-6700.0
NO.274,-3829.0,-3921.0,-4001.0,-3953.0,-3951.0,-3847.0,-3911.0,-3925.0
NO.275,-8750.0,-8638.0,-8618.0,-8706.0,-8690.0,-8610.0,-8678.0,-8660.0
NO.276,-8248.0,-8384.0,-8540.0,-8430.0,-8424.0,-8318.0,-8396.0,-8388.0
NO.277,-7862.0,-8040.0,-8212.0,-8064.0,-8080.0,-7970.0,-8034.0,-8042.0
NO.278,-6448.0,-6412.0,-6384.0,-6446.0,-6432.0,-6366.0,-6412.0,-6416.0
NO.279,-9304.0,-9298.0,-9348.0,-9356.0,-9326.0,-9268.0,-9326.0,-9308.0
NO.280,-9459.0,-9603.0,-9795.0,-9637.0,-9641.0,-9579.0,-9637.0,-9603.0
NO.281,-8573.0,-8631.0,-8653.0,-8587.0,-8611.0,-8659.0,-8631.0,-8609.0
NO.282,-8023.0,-7995.0,-7951.0,-7993.0,-8001.0,-7975.0,-7991.0,-7991.0
NO.283,-6476.0,-6672.0,-6842.0,-6676.0,-6678.0,-6636.0,-6660.0,-6668.0
NO.284,-8372.0,-8476.0,-8550.0,-8458.0,-8478.0,-8462.0,-8470.0,-8464.0
NO.285,-7576.0,-7786.0,-8026.0,-7834.0,-7820.0,-7734.0,-7798.0,-7796.0
NO.286,-9952.0,-9966.0,-10006.0,-10014.0,-9988.0,-9922.0,-9980.0,-9970.0
NO.287,-8902.0,-8814.0,-8722.0,-8794.0,-8830.0,-8814.0,-8824.0,-8804.0
NO.288,-6798.0,-6768.0,-6774.0,-6774.0,-6786.0,-6780.0,-6782.0,-6778.0
NO.289,-7445.0,-7455.0,-7481.0,-7453.0,-7459.0,-7469.0,-7465.0,-7455.0
NO.290,-6427.0,-6403.0,-6383.0,-6417.0,-6417.0,-6379.0,-6407.0,-6401.0
NO.291,-3806.0,-3976.0,-4170.0,-3992.0,-4026.0,-3934.0,-3990.0,-3980.0
NO.292,-4202.0,-4774.0,-5312.0,-4772.0,-4802.0,-4714.0,-4766.0,-4766.0
NO.293,-5322.0,-5762.0,-6260.0,-5778.0,-5826.0,-5740.0,-5796.0,-5766.0
NO.294,-5033.0,-5101.0,-5183.0,-5115.0,-5133.0,-5069.0,-5109.0,-5103.0
NO.295,-7822.0,-7900.0,-8020.0,-7926.0,-7934.0,-7882.0,-7920.0,-7908.0
NO.296,-8825.0,-8855.0,-8921.0,-8905.0,-8889.0,-8807.0,-8871.0,-8863.0
NO.297,-8616.0,-8664.0,-8764.0,-8704.0,-8696.0,-8644.0,-8694.0,-8670.0
NO.298,-9756.0,-9958.0,-10170.0,-9958.0,-9994.0,-9932.0,-9966.0,-9960.0
NO.299,-8860.0,-8922.0,-8990.0,-8962.0,-8930.0,-8880.0,-8924.0,-8924.0
NO.300,-9788.0,-9900.0,-10078.0,-9934.0,-9930.0,-9902.0,-9950.0,-9892.0
NO.301,-8855.0,-8923.0,-9019.0,-8939.0,-8945.0,-8913.0,-8937.0,-8927.0
NO.302,-8116.0,-8102.0,-8126.0,-8140.0,-8126.0,-8078.0,-8124.0,-8106.0
NO.303,-8905.0,-8935.0,-8965.0,-8949.0,-8937.0,-8919.0,-8939.0,-8931.0
NO.304,-7902.0,-7910.0,-7926.0,-7930.0,-7924.0,-7884.0,-7916.0,-7910.0
NO.305,-7674.0,-7928.0,-8152.0,-7954.0,-7918.0,-7882.0,-7928.0,-7906.0
NO.306,-7945.0,-8025.0,-8123.0,-8013.0,-8043.0,-8037.0,-8045.0,-8017.0
NO.307,-5930.0,-5724.0,-5474.0,-5674.0,-5708.0,-5746.0,-5708.0,-5710.0
NO.308,-5258.0,-5202.0,-5134.0,-5244.0,-5234.0,-5116.0,-5194.0,-5202.0
NO.309,-7048.0,-7000.0,-6952.0,-7018.0,-7008.0,-6974.0,-6998.0,-7002.0
NO.310,-8105.0,-7997.0,-7931.0,-8017.0,-8019.0,-7997.0,-8009.0,-8015.0
NO.311,-7493.0,-7369.0,-7281.0,-7367.0,-7389.0,-7387.0,-7395.0,-7367.0
NO.312,-7529.0,-7559.0,-7613.0,-7581.0,-7595.0,-7525.0,-7567.0,-7567.0
NO.313,-7635.0,-7639.0,-7653.0,-7661.0,-7653.0,-7613.0,-7645.0,-7641.0
NO.314,-7804.0,-7724.0,-7694.0,-7724.0,-7758.0,-7740.0,-7750.0,-7732.0
NO.315,-6660.0,-6600.0,-6572.0,-6686.0,-6644.0,-6502.0,-6626.0,-6594.0
NO.316,-6831.0,-6937.0,-7051.0,-6951.0,-6973.0,-6895.0,-6933.0,-6947.0
NO.317,-7935.0,-7967.0,-7991.0,-7981.0,-7977.0,-7935.0,-7975.0,-7955.0
NO.318,-6446.0,-6990.0,-7354.0,-6944.0,-6950.0,-6896.0,-6956.0,-6902.0
NO.319,-5316.0,-5372.0,-5428.0,-5386.0,-5406.0,-5324.0,-5366.0,-5378.0
NO.320,-6298.0,-6324.0,-6358.0,-6306.0,-6342.0,-6332.0,-6330.0,-6322.0
NO.321,-6836.0,-6816.0,-6868.0,-6820.0,-6866.0,-6834.0,-6844.0,-6840.0
NO.322,-3879.0,-4355.0,-4521.0,-4165.0,-4289.0,-4301.0,-4187.0,-4327.0
NO.323,-4002.0,-4010.0,-4032.0,-4008.0,-4048.0,-3988.0,-4010.0,-4022.0
NO.324,-4541.0,-4719.0,-4927.0,-4801.0,-4785.0,-4601.0,-4717.0,-4745.0
NO.325,-3808.0,-3772.0,-3730.0,-3808.0,-3806.0,-3696.0,-3762.0,-3780.0
NO.326,-4701.0,-4561.0,-4435.0,-4609.0,-4591.0,-4497.0,-4575.0,-4559.0
NO.327,-1569.0,-1545.0,-1553.0,-1569.0,-1587.0,-1511.0,-1555.0,-1557.0
NO.328,-1738.0,-1606.0,-1584.0,-1678.0,-1670.0,-1580.0,-1648.0,-1638.0
NO.329,-3712.0,-3584.0,-3754.0,-3686.0,-3726.0,-3638.0,-3686.0,-3682.0
NO.330,-2381.0,-2267.0,-2125.0,-2293.0,-2305.0,-2175.0,-2249.0,-2267.0
NO.331,-5169.0,-5201.0,-5259.0,-5207.0,-5243.0,-5179.0,-5197.0,-5225.0
NO.332,-6047.0,-5977.0,-6031.0,-6025.0,-6057.0,-5973.0,-6013.0,-6027.0
NO.333,-6509.0,-6413.0,-6401.0,-6461.0,-6461.0,-6401.0,-6449.0,-6435.0
NO.334,-7809.0,-7729.0,-7729.0,-7769.0,-7783.0,-7715.0,-7765.0,-7747.0
NO.335,-8512.0,-8472.0,-8516.0,-8506.0,-8504.0,-8490.0,-8514.0,-8488.0
NO.336,-7865.0,-7683.0,-7491.0,-7729.0,-7683.0,-7627.0,-7695.0,-7663.0
NO.337,-7017.0,-7055.0,-7109.0,-7049.0,-7069.0,-7063.0,-7063.0,-7057.0
NO.338,-7224.0,-7262.0,-7348.0,-7266.0,-7288.0,-7280.0,-7286.0,-7270.0
NO.339,-6597.0,-6587.0,-6579.0,-6593.0,-6609.0,-6561.0,-6593.0,-6585.0
NO.340,-7881.0,-7805.0,-7723.0,-7797.0,-7815.0,-7797.0,-7803.0,-7801.0
NO.341,-7131.0,-7069.0,-7085.0,-7077.0,-7097.0,-7111.0,-7109.0,-7081.0
NO.342,-5380.0,-5326.0,-5266.0,-5344.0,-5350.0,-5278.0,-5300.0,-5348.0
NO.343,-6345.0,-6319.0,-6303.0,-6283.0,-6339.0,-6345.0,-6337.0,-6309.0
NO.344,-5533.0,-5641.0,-5769.0,-5599.0,-5685.0,-5659.0,-5655.0,-5643.0
NO.345,-5913.0,-5955.0,-6049.0,-5953.0,-5997.0,-5967.0,-5989.0,-5959.0
NO.346,-4787.0,-4827.0,-4875.0,-4833.0,-4859.0,-4797.0,-4827.0,-4835.0
NO.347,-5206.0,-5356.0,-5566.0,-5316.0,-5398.0,-5414.0,-5384.0,-5372.0
NO.348,-5836.0,-5950.0,-6094.0,-5954.0,-5992.0,-5934.0,-5954.0,-5966.0
NO.349,-4606.0,-7888.0,-9810.0,-7654.0,-7382.0,-7268.0,-7596.0,-7228.0
NO.350,-3859.0,-8451.0,-11135.0,-8185.0,-7723.0,-7537.0,-8045.0,-7509.0
NO.351,-4995.0,-6853.0,-7941.0,-6779.0,-6571.0,-6439.0,-6699.0,-6465.0
NO.352,-4892.0,-4994.0,-5038.0,-5010.0,-5010.0,-4904.0,-4978.0,-4972.0
NO.353,-6848.0,-6890.0,-6954.0,-6868.0,-6920.0,-6904.0,-6900.0,-6898.0
NO.354,-6862.0,-6898.0,-6924.0,-6894.0,-6912.0,-6878.0,-6892.0,-6896.0
NO.355,-6798.0,-6912.0,-7024.0,-6876.0,-6920.0,-6938.0,-6914.0,-6910.0
NO.356,-7197.0,-7241.0,-7325.0,-7223.0,-7261.0,-7279.0,-7267.0,-7243.0
NO.357,-6643.0,-6735.0,-6813.0,-6689.0,-6741.0,-6761.0,-6733.0,-6727.0
NO.358,-7901.0,-8009.0,-8089.0,-7963.0,-8005.0,-8031.0,-7995.0,-8005.0
NO.359,-7709.0,-7817.0,-7955.0,-7815.0,-7817.0,-7849.0,-7831.0,-7825.0
NO.360,-7646.0,-7696.0,-7754.0,-7662.0,-7708.0,-7726.0,-7700.0,-7698.0
NO.361,-6887.0,-6977.0,-7083.0,-6933.0,-6995.0,-7019.0,-6985.0,-6981.0
NO.362,-7290.0,-7332.0,-7424.0,-7316.0,-7358.0,-7372.0,-7356.0,-7340.0
NO.363,-7762.0,-7806.0,-7818.0,-7772.0,-7800.0,-7814.0,-7794.0,-7796.0
NO.364,-8002.0,-8046.0,-8106.0,-8036.0,-8056.0,-8062.0,-8060.0,-8042.0
NO.365,-6891.0,-6941.0,-6985.0,-6921.0,-6943.0,-6953.0,-6939.0,-6939.0
NO.366,-7271.0,-7329.0,-7429.0,-7293.0,-7355.0,-7381.0,-7347.0,-7339.0
NO.367,-7538.0,-7640.0,-7788.0,-7600.0,-7668.0,-7698.0,-7666.0,-7646.0
NO.368,-6742.0,-6738.0,-6724.0,-6712.0,-6744.0,-6748.0,-6732.0,-6736.0
NO.369,-6477.0,-6679.0,-6847.0,-6627.0,-6673.0,-6703.0,-6671.0,-6663.0
NO.370,-6014.0,-6220.0,-6474.0,-6176.0,-6244.0,-6288.0,-6248.0,-6224.0
NO.371,-6191.0,-6253.0,-6285.0,-6207.0,-6257.0,-6265.0,-6253.0,-6233.0
NO.372,-6206.0,-6246.0,-6298.0,-6236.0,-6256.0,-6258.0,-6252.0,-6248.0
NO.373,-5103.0,-5147.0,-5191.0,-5149.0,-5151.0,-5141.0,-5153.0,-5141.0
NO.374,-3603.0,-3607.0,-3621.0,-3581.0,-3619.0,-3631.0,-3613.0,-3605.0
NO.375,-5352.0,-5408.0,-5464.0,-5364.0,-5422.0,-5438.0,-5410.0,-5408.0
NO.376,-5674.0,-5854.0,-6016.0,-5802.0,-5858.0,-5884.0,-5866.0,-5834.0
NO.377,-5072.0,-5148.0,-5190.0,-5120.0,-5138.0,-5152.0,-5146.0,-5128.0
NO.378,-6472.0,-6532.0,-6650.0,-6516.0,-6556.0,-6582.0,-6556.0,-6548.0
NO.379,-5868.0,-5784.0,-5660.0,-5776.0,-5778.0,-5758.0,-5786.0,-5756.0
NO.380,-5498.0,-5554.0,-5570.0,-5502.0,-5554.0,-5566.0,-5550.0,-5534.0
NO.381,-6784.0,-6800.0,-6830.0,-6792.0,-6808.0,-6814.0,-6812.0,-6800.0
NO.382,-3697.0,-3757.0,-3815.0,-3747.0,-3757.0,-3765.0,-3753.0,-3759.0
NO.383,-4984.0,-5574.0,-5972.0,-5508.0,-5506.0,-5516.0,-5538.0,-5480.0
NO.384,-5532.0,-5604.0,-5656.0,-5548.0,-5606.0,-5638.0,-5600.0,-5596.0
NO.385,-6411.0,-6429.0,-6481.0,-6407.0,-6451.0,-6463.0,-6447.0,-6439.0
NO.386,-5871.0,-5945.0,-5991.0,-5923.0,-5931.0,-5953.0,-5935.0,-5935.0
NO.387,-3968.0,-3856.0,-3688.0,-3848.0,-3838.0,-3826.0,-3846.0,-3828.0
NO.388,-4739.0,-4711.0,-4699.0,-4703.0,-4719.0,-4727.0,-4725.0,-4711.0
NO.389,-6449.0,-6533.0,-6587.0,-6495.0,-6531.0,-6543.0,-6525.0,-6523.0
NO.390,-6375.0,-6473.0,-6571.0,-6447.0,-6479.0,-6493.0,-6487.0,-6463.0
NO.391,-6546.0,-6638.0,-6726.0,-6588.0,-6646.0,-6676.0,-6638.0,-6638.0
NO.392,-7141.0,-7285.0,-7439.0,-7239.0,-7293.0,-7333.0,-7289.0,-7289.0
NO.393,-7043.0,-7047.0,-7033.0,-7009.0,-7045.0,-7069.0,-7045.0,-7039.0
NO.394,-7049.0,-7163.0,-7279.0,-7121.0,-7171.0,-7199.0,-7173.0,-7159.0
NO.395,-2918.0,-3394.0,-3788.0,-3370.0,-3342.0,-3388.0,-3382.0,-3350.0
NO.396,-2226.0,-2394.0,-2542.0,-2386.0,-2382.0,-2394.0,-2404.0,-2368.0
NO.397,-3403.0,-3619.0,-3871.0,-3547.0,-3637.0,-3709.0,-3637.0,-3627.0
NO.398,-4628.0,-4686.0,-4738.0,-4636.0,-4690.0,-4726.0,-4686.0,-4682.0
NO.399,-3375.0,-3629.0,-3859.0,-3549.0,-3631.0,-3683.0,-3631.0,-3611.0
NO.400,-4873.0,-4901.0,-4909.0,-4875.0,-4893.0,-4915.0,-4893.0,-4893.0
NO.401,-3864.0,-4144.0,-4242.0,-4040.0,-4094.0,-4116.0,-4106.0,-4062.0
NO.402,-4937.0,-5141.0,-5347.0,-5075.0,-5149.0,-5201.0,-5159.0,-5129.0
NO.403,-3678.0,-3732.0,-3764.0,-3698.0,-3726.0,-3750.0,-3726.0,-3724.0
NO.404,-5059.0,-5207.0,-5331.0,-5189.0,-5199.0,-5209.0,-5201.0,-5195.0
NO.405,-6999.0,-7313.0,-7555.0,-7261.0,-7289.0,-7317.0,-7303.0,-7273.0
NO.406,-6171.0,-6605.0,-6925.0,-6521.0,-6569.0,-6611.0,-6591.0,-6545.0
NO.407,-4803.0,-4955.0,-5043.0,-4915.0,-4935.0,-4951.0,-4937.0,-4929.0
NO.408,-6333.0,-6399.0,-6393.0,-6367.0,-6379.0,-6379.0,-6371.0,-6381.0
NO.409,-3351.0,-3583.0,-3763.0,-3571.0,-3557.0,-3569.0,-3589.0,-3543.0
NO.410,-1183.0,-1395.0,-1559.0,-1333.0,-1383.0,-1421.0,-1383.0,-1371.0
NO.411,-5838.0,-5920.0,-6072.0,-5886.0,-5946.0,-5998.0,-5936.0,-5954.0
NO.412,-5293.0,-5369.0,-5453.0,-5349.0,-5371.0,-5395.0,-5385.0,-5359.0
NO.413,-7003.0,-7133.0,-7257.0,-7113.0,-7133.0,-7147.0,-7137.0,-7127.0
NO.414,-6953.0,-7083.0,-7245.0,-7043.0,-7101.0,-7137.0,-7107.0,-7081.0
NO.415,-6605.0,-6675.0,-6699.0,-6631.0,-6661.0,-6687.0,-6657.0,-6663.0
NO.416,-7771.0,-7873.0,-7965.0,-7837.0,-7871.0,-7901.0,-7875.0,-7867.0
NO.417,-8675.0,-8849.0,-9033.0,-8797.0,-8857.0,-8903.0,-8859.0,-8849.0
NO.418,-4474.0,-4718.0,-4946.0,-4634.0,-4726.0,-4778.0,-4732.0,-4698.0
NO.419,-4705.0,-4719.0,-4659.0,-4639.0,-4713.0,-4731.0,-4689.0,-4703.0
NO.420,-3456.0,-3454.0,-3474.0,-3430.0,-3472.0,-3482.0,-3470.0,-3454.0
NO.421,-5143.0,-5127.0,-5099.0,-5125.0,-5123.0,-5121.0,-5123.0,-5123.0
NO.422,-8030.0,-8096.0,-8150.0,-8074.0,-8094.0,-8108.0,-8094.0,-8092.0
NO.423,-4914.0,-4944.0,-4964.0,-4918.0,-4952.0,-4952.0,-4968.0,-4916.0
NO.424,-2738.0,-2962.0,-3150.0,-2904.0,-2954.0,-2992.0,-2952.0,-2952.0
NO.425,-1114.0,-1116.0,-1152.0,-1100.0,-1140.0,-1142.0,-1134.0,-1124.0
NO.426,-2822.0,-2934.0,-3106.0,-2876.0,-2966.0,-3020.0,-2958.0,-2956.0
NO.427,-1108.0,-1128.0,-1174.0,-1108.0,-1142.0,-1160.0,-1150.0,-1126.0
NO.428,-3595.0,-3669.0,-3791.0,-3655.0,-3691.0,-3709.0,-3695.0,-3675.0
NO.429,-2281.0,-2295.0,-2297.0,-2269.0,-2297.0,-2307.0,-2291.0,-2291.0
NO.430,-1413.0,-1753.0,-2077.0,-1679.0,-1757.0,-1807.0,-1767.0,-1729.0
NO.431,-2307.0,-3907.0,-4901.0,-3825.0,-3671.0,-3619.0,-3799.0,-3587.0
NO.432,-2878.0,-3456.0,-3860.0,-3398.0,-3390.0,-3406.0,-3434.0,-3358.0
NO.433,-2048.0,-2152.0,-2254.0,-2126.0,-2158.0,-2170.0,-2160.0,-2142.0
NO.434,-3325.0,-3261.0,-3201.0,-3249.0,-3265.0,-3273.0,-3271.0,-3255.0
NO.435,-3099.0,-3137.0,-3191.0,-3113.0,-3145.0,-3169.0,-3141.0,-3143.0
NO.436,-2167.0,-2137.0,-2115.0,-2129.0,-2143.0,-2147.0,-2137.0,-2143.0
NO.437,-3984.0,-4022.0,-4022.0,-4012.0,-4004.0,-4012.0,-4010.0,-4010.0
NO.438,-2112.0,-2034.0,-1908.0,-2046.0,-2020.0,-1988.0,-2028.0,-2006.0
NO.439,-3976.0,-4206.0,-4368.0,-4160.0,-4186.0,-4204.0,-4196.0,-4172.0
NO.440,-4866.0,-4984.0,-5168.0,-4946.0,-5016.0,-5056.0,-5020.0,-4996.0
NO.441,-4973.0,-5019.0,-5037.0,-4997.0,-5013.0,-5019.0,-5013.0,-5005.0
NO.442,-6630.0,-6728.0,-6790.0,-6710.0,-6712.0,-6726.0,-6720.0,-6714.0
NO.443,-5297.0,-5475.0,-5639.0,-5439.0,-5473.0,-5499.0,-5473.0,-5469.0
NO.444,-4992.0,-5084.0,-5118.0,-5042.0,-5068.0,-5084.0,-5070.0,-5062.0
NO.445,-6289.0,-6457.0,-6549.0,-6413.0,-6427.0,-6455.0,-6431.0,-6435.0
NO.446,-1592.0,-1874.0,-2116.0,-1812.0,-1866.0,-1904.0,-1872.0,-1850.0
NO.447,-3387.0,-3571.0,-3867.0,-3523.0,-3617.0,-3685.0,-3623.0,-3597.0
NO.448,-4964.0,-5064.0,-5242.0,-5020.0,-5104.0,-5146.0,-5116.0,-5068.0
NO.449,-4993.0,-5297.0,-5705.0,-5293.0,-5331.0,-5371.0,-5365.0,-5299.0
NO.450,-3853.0,-3951.0,-4011.0,-3919.0,-3945.0,-3951.0,-3945.0,-3935.0
NO.451,-3226.0,-3578.0,-3914.0,-3520.0,-3572.0,-3626.0,-3582.0,-3564.0
NO.452,-3438.0,-3544.0,-3598.0,-3508.0,-3532.0,-3540.0,-3534.0,-3518.0
NO.453,-6660.0,-6754.0,-6858.0,-6748.0,-6756.0,-6768.0,-6762.0,-6754.0
NO.454,-1542.0,-1722.0,-1926.0,-1684.0,-1746.0,-1760.0,-1752.0,-1710.0
NO.455,-3307.0,-3355.0,-3373.0,-3339.0,-3347.0,-3349.0,-3349.0,-3341.0
NO.456,-3503.0,-3507.0,-3511.0,-3495.0,-3517.0,-3509.0,-3529.0,-3487.0
NO.457,-1944.0,-2212.0,-2594.0,-2144.0,-2268.0,-2338.0,-2282.0,-2226.0
NO.458,-3399.0,-3505.0,-3639.0,-3463.0,-3523.0,-3557.0,-3527.0,-3505.0
NO.459,-1173.0,-1473.0,-1841.0,-1413.0,-1499.0,-1575.0,-1509.0,-1487.0
NO.460,-613.0,-653.0,-667.0,-629.0,-649.0,-655.0,-645.0,-641.0
NO.461,-5302.0,-5210.0,-5076.0,-5196.0,-5202.0,-5190.0,-5210.0,-5186.0
NO.462,-6056.0,-5998.0,-6050.0,-5978.0,-6046.0,-6080.0,-6052.0,-6022.0
NO.463,-5255.0,-5015.0,-4775.0,-5071.0,-5021.0,-4953.0,-5047.0,-4987.0
NO.464,-3543.0,-3613.0,-3635.0,-3573.0,-3603.0,-3615.0,-3601.0,-3595.0
NO.465,-5277.0,-5287.0,-5303.0,-5255.0,-5297.0,-5315.0,-5293.0,-5285.0
NO.466,-6342.0,-6502.0,-6690.0,-6428.0,-6520.0,-6586.0,-6508.0,-6518.0
NO.467,-2104.0,-2166.0,-2098.0,-2160.0,-2120.0,-2088.0,-2128.0,-2110.0
NO.468,-807.0,-903.0,-965.0,-879.0,-899.0,-897.0,-897.0,-887.0
NO.469,-3995.0,-4011.0,-4041.0,-3973.0,-4027.0,-4047.0,-4017.0,-4017.0
NO.470,-4730.0,-4816.0,-4876.0,-4788.0,-4810.0,-4824.0,-4818.0,-4800.0
NO.471,-6716.0,-6792.0,-6862.0,-6770.0,-6794.0,-6806.0,-6798.0,-6784.0
NO.472,-3715.0,-3803.0,-3863.0,-3781.0,-3799.0,-3801.0,-3811.0,-3777.0
NO.473,-5004.0,-5106.0,-5164.0,-5062.0,-5094.0,-5118.0,-5094.0,-5090.0
NO.474,-6357.0,-6459.0,-6555.0,-6413.0,-6461.0,-6497.0,-6449.0,-6467.0
NO.475,-5742.0,-5994.0,-6160.0,-5964.0,-5960.0,-5972.0,-5962.0,-5966.0
NO.476,-5034.0,-5144.0,-5224.0,-5132.0,-5136.0,-5134.0,-5158.0,-5112.0
NO.477,-4898.0,-4916.0,-4908.0,-4904.0,-4920.0,-4898.0,-4908.0,-4908.0
NO.478,-4653.0,-4965.0,-5243.0,-4985.0,-5001.0,-4875.0,-4959.0,-4951.0
NO.479,-3214.0,-3382.0,-3552.0,-3436.0,-3414.0,-3298.0,-3380.0,-3388.0
NO.480,-7351.0,-7587.0,-7839.0,-7549.0,-7597.0,-7631.0,-7611.0,-7573.0
NO.481,-5336.0,-5602.0,-5812.0,-5626.0,-5576.0,-5548.0,-5600.0,-5562.0
NO.482,-5099.0,-5179.0,-5289.0,-5219.0,-5213.0,-5135.0,-5189.0,-5191.0
NO.483,-9535.0,-9505.0,-9651.0,-9583.0,-9583.0,-9525.0,-9573.0,-9557.0
NO.484,-6596.0,-6046.0,-5380.0,-6126.0,-5984.0,-5912.0,-6050.0,-5964.0
NO.485,-4438.0,-4148.0,-3762.0,-4152.0,-4096.0,-4100.0,-4164.0,-4068.0
NO.486,-7812.0,-7984.0,-8164.0,-7954.0,-8006.0,-8000.0,-7984.0,-7992.0
NO.487,-8960.0,-9112.0,-9274.0,-9106.0,-9132.0,-9108.0,-9114.0,-9118.0
NO.488,-8571.0,-8497.0,-8745.0,-8791.0,-8695.0,-8327.0,-8569.0,-8645.0
NO.489,-7694.0,-7848.0,-7990.0,-7850.0,-7868.0,-7814.0,-7842.0,-7846.0
NO.490,-9905.0,-10239.0,-10615.0,-10237.0,-10263.0,-10259.0,-10269.0,-10239.0
NO.491,-7216.0,-6520.0,-5746.0,-6704.0,-6506.0,-6272.0,-6550.0,-6440.0
NO.492,-6694.0,-7196.0,-7658.0,-7106.0,-7186.0,-7256.0,-7196.0,-7172.0
NO.493,-6000.0,-6530.0,-7034.0,-6484.0,-6550.0,-6530.0,-6546.0,-6500.0
NO.494,-6613.0,-6423.0,-6545.0,-6543.0,-6551.0,-6487.0,-6529.0,-6525.0
NO.495,-5338.0,-5628.0,-5944.0,-5614.0,-5668.0,-5628.0,-5656.0,-5618.0
NO.496,-5686.0,-5940.0,-6192.0,-5928.0,-5966.0,-5924.0,-5946.0,-5934.0
NO.497,-5022.0,-5274.0,-5514.0,-5254.0,-5304.0,-5252.0,-5268.0,-5274.0
NO.498,-6068.0,-6340.0,-6588.0,-6316.0,-6332.0,-6348.0,-6338.0,-6328.0
NO.499,-6781.0,-6707.0,-6825.0,-6743.0,-6801.0,-6769.0,-6787.0,-6759.0
NO.500,-4649.0,-4849.0,-5019.0,-4827.0,-4865.0,-4825.0,-4835.0,-4843.0
NO.501,-3181.0,-3009.0,-3087.0,-3129.0,-3117.0,-3031.0,-3109.0,-3079.0
NO.502,-3335.0,-3443.0,-3611.0,-3435.0,-3473.0,-3481.0,-3467.0,-3459.0
NO.503,-5497.0,-5623.0,-5757.0,-5729.0,-5617.0,-5531.0,-5623.0,-5629.0
NO.504,-1775.0,-2021.0,-2271.0,-1993.0,-2025.0,-2049.0,-2037.0,-2007.0
NO.505,-3831.0,-3853.0,-3929.0,-3795.0,-3865.0,-3953.0,-3901.0,-3843.0
NO.506,-5666.0,-6044.0,-6406.0,-5952.0,-6060.0,-6104.0,-6056.0,-6024.0
NO.507,-5980.0,-6266.0,-6566.0,-6244.0,-6292.0,-6276.0,-6286.0,-6258.0
NO.508,-4987.0,-5229.0,-5425.0,-5237.0,-5233.0,-5171.0,-5215.0,-5213.0
NO.509,-1597.0,-1963.0,-2343.0,-1949.0,-1987.0,-1967.0,-1989.0,-1949.0
NO.510,-1677.0,-1811.0,-1915.0,-1819.0,-1855.0,-1729.0,-1787.0,-1819.0
NO.511,-4377.0,-4581.0,-4861.0,-4623.0,-4655.0,-4541.0,-4601.0,-4615.0
NO.512,-4876.0,-4890.0,-5156.0,-4928.0,-4990.0,-5004.0,-4990.0,-4960.0
NO.513,-6747.0,-6997.0,-7179.0,-6949.0,-6991.0,-6983.0,-6945.0,-6999.0
NO.514,-7496.0,-6910.0,-6770.0,-7058.0,-7090.0,-7028.0,-7070.0,-7050.0
NO.515,-3687.0,-4093.0,-4489.0,-3991.0,-4109.0,-4169.0,-4123.0,-4059.0
NO.516,-6567.0,-6697.0,-6843.0,-6683.0,-6707.0,-6717.0,-6709.0,-6697.0
NO.517,-7885.0,-8025.0,-8165.0,-8005.0,-8039.0,-8031.0,-8017.0,-8037.0
NO.518,-5095.0,-4919.0,-4989.0,-5097.0,-5067.0,-4839.0,-5007.0,-4999.0
NO.519,-5971.0,-5225.0,-5061.0,-5453.0,-5471.0,-5333.0,-5437.0,-5407.0
NO.520,-4432.0,-4492.0,-4676.0,-4544.0,-4554.0,-4502.0,-4552.0,-4518.0
NO.521,-3957.0,-4121.0,-4317.0,-4071.0,-4149.0,-4175.0,-4141.0,-4123.0
NO.522,-6632.0,-6644.0,-6666.0,-6654.0,-6648.0,-6640.0,-6650.0,-6646.0
NO.523,-5825.0,-6015.0,-6291.0,-6005.0,-6067.0,-6059.0,-6055.0,-6035.0
NO.524,-5137.0,-5471.0,-5841.0,-5427.0,-5509.0,-5513.0,-5499.0,-5469.0
NO.525,-5119.0,-5267.0,-5425.0,-5257.0,-5301.0,-5253.0,-5267.0,-5275.0
NO.526,-5884.0,-6018.0,-6170.0,-6012.0,-6034.0,-6026.0,-6034.0,-6016.0
NO.527,-7596.0,-7256.0,-7324.0,-7386.0,-7406.0,-7384.0,-7406.0,-7380.0
NO.528,-5561.0,-5743.0,-5997.0,-5757.0,-5801.0,-5743.0,-5787.0,-5751.0
NO.529,-5006.0,-5110.0,-5220.0,-5126.0,-5132.0,-5078.0,-5112.0,-5112.0
NO.530,-5783.0,-5877.0,-5971.0,-5925.0,-5899.0,-5807.0,-5885.0,-5871.0
NO.531,-5343.0,-5385.0,-5389.0,-5415.0,-5393.0,-5309.0,-5373.0,-5373.0
NO.532,-5232.0,-5314.0,-5378.0,-5316.0,-5316.0,-5292.0,-5304.0,-5312.0
NO.533,-5956.0,-6004.0,-6102.0,-5932.0,-5984.0,-6146.0,-6056.0,-5984.0
NO.534,-5459.0,-5419.0,-5405.0,-5441.0,-5447.0,-5395.0,-5427.0,-5431.0
NO.535,-3399.0,-3525.0,-3611.0,-3515.0,-3535.0,-3485.0,-3509.0,-3511.0
NO.536,-2390.0,-2640.0,-2924.0,-2624.0,-2648.0,-2682.0,-2660.0,-2644.0
NO.537,-3372.0,-3410.0,-3540.0,-3434.0,-3452.0,-3436.0,-3446.0,-3436.0
NO.538,-2284.0,-2112.0,-2126.0,-2210.0,-2192.0,-2120.0,-2176.0,-2172.0
NO.539,-3905.0,-3875.0,-4011.0,-3933.0,-3967.0,-3891.0,-3929.0,-3933.0
NO.540,-2038.0,-1882.0,-1774.0,-1974.0,-1938.0,-1782.0,-1888.0,-1906.0
NO.541,-2906.0,-2902.0,-3012.0,-3068.0,-3006.0,-2746.0,-2938.0,-2944.0
NO.542,-1885.0,-2173.0,-2481.0,-2205.0,-2225.0,-2109.0,-2173.0,-2187.0
NO.543,-6194.0,-6306.0,-6402.0,-6308.0,-6308.0,-6286.0,-6298.0,-6298.0
NO.544,-6812.0,-6764.0,-6682.0,-6780.0,-6752.0,-6726.0,-6762.0,-6744.0
NO.545,-5340.0,-5522.0,-5662.0,-5520.0,-5528.0,-5476.0,-5504.0,-5514.0
NO.546,-8446.0,-8234.0,-8252.0,-8306.0,-8322.0,-8304.0,-8312.0,-8310.0
NO.547,-6061.0,-6179.0,-6119.0,-6117.0,-6103.0,-6139.0,-6121.0,-6117.0
NO.548,-5867.0,-5995.0,-6085.0,-6009.0,-5999.0,-5939.0,-5977.0,-5989.0
NO.549,-7474.0,-7640.0,-7798.0,-7624.0,-7634.0,-7654.0,-7648.0,-7626.0
NO.550,-7728.0,-7788.0,-7840.0,-7792.0,-7802.0,-7762.0,-7780.0,-7790.0
NO.551,-6974.0,-7068.0,-7112.0,-7056.0,-7056.0,-7042.0,-7046.0,-7056.0
NO.552,-7852.0,-7892.0,-7898.0,-7898.0,-7880.0,-7864.0,-7880.0,-7882.0
NO.553,-7441.0,-7497.0,-7549.0,-7485.0,-7505.0,-7497.0,-7501.0,-7489.0
NO.554,-8141.0,-8343.0,-8485.0,-8327.0,-8335.0,-8307.0,-8323.0,-8323.0
NO.555,-7572.0,-7702.0,-7754.0,-7674.0,-7688.0,-7666.0,-7682.0,-7672.0
NO.556,-7443.0,-7545.0,-7591.0,-7553.0,-7549.0,-7477.0,-7517.0,-7535.0
NO.557,-7917.0,-7975.0,-7989.0,-7983.0,-7979.0,-7919.0,-7963.0,-7957.0
NO.558,-7091.0,-7213.0,-7273.0,-7199.0,-7187.0,-7191.0,-7205.0,-7179.0
NO.559,-6640.0,-6686.0,-6692.0,-6702.0,-6682.0,-6634.0,-6662.0,-6680.0
NO.560,-1482.0,-1786.0,-2058.0,-1814.0,-1818.0,-1694.0,-1788.0,-1762.0
NO.561,-3106.0,-3074.0,-3072.0,-3066.0,-3086.0,-3100.0,-3096.0,-3068.0
NO.562,-2117.0,-2205.0,-2251.0,-2193.0,-2201.0,-2179.0,-2189.0,-2189.0
NO.563,-3313.0,-3473.0,-3631.0,-3493.0,-3511.0,-3413.0,-3471.0,-3473.0
NO.564,-1396.0,-1622.0,-1844.0,-1600.0,-1630.0,-1632.0,-1634.0,-1610.0
NO.565,-1865.0,-1881.0,-1895.0,-1879.0,-1885.0,-1877.0,-1879.0,-1881.0
NO.566,-3621.0,-3695.0,-3847.0,-3773.0,-3767.0,-3623.0,-3717.0,-3725.0
NO.567,-3580.0,-3642.0,-3658.0,-3666.0,-3660.0,-3554.0,-3608.0,-3644.0
NO.568,-1138.0,-1132.0,-1196.0,-1140.0,-1172.0,-1154.0,-1158.0,-1154.0
NO.569,-3258.0,-3322.0,-3358.0,-3352.0,-3358.0,-3228.0,-3294.0,-3332.0
NO.570,-3585.0,-3585.0,-3589.0,-3647.0,-3631.0,-3481.0,-3579.0,-3595.0
NO.571,-1900.0,-1822.0,-1742.0,-1862.0,-1834.0,-1768.0,-1822.0,-1820.0
NO.572,-3504.0,-3404.0,-3326.0,-3424.0,-3408.0,-3402.0,-3414.0,-3408.0
NO.573,-1150.0,-1152.0,-1176.0,-1130.0,-1174.0,-1174.0,-1160.0,-1160.0
NO.574,-3544.0,-3374.0,-3234.0,-3422.0,-3386.0,-3344.0,-3396.0,-3374.0
NO.575,-2527.0,-2271.0,-1987.0,-2301.0,-2275.0,-2209.0,-2269.0,-2255.0
NO.576,-3658.0,-3678.0,-3680.0,-3710.0,-3702.0,-3604.0,-3658.0,-3686.0
NO.577,-3479.0,-3737.0,-3977.0,-3675.0,-3767.0,-3751.0,-3733.0,-3733.0
NO.578,-4769.0,-4871.0,-5053.0,-4861.0,-4929.0,-4903.0,-4911.0,-4889.0
NO.579,-5566.0,-5468.0,-5284.0,-5470.0,-5478.0,-5370.0,-5430.0,-5448.0
NO.580,-2816.0,-3228.0,-3826.0,-3212.0,-3298.0,-3360.0,-3322.0,-3262.0
NO.581,-2818.0,-2888.0,-3066.0,-2970.0,-2950.0,-2852.0,-2934.0,-2916.0
NO.582,-2705.0,-2779.0,-2855.0,-2813.0,-2809.0,-2717.0,-2777.0,-2787.0
NO.583,-1376.0,-1146.0,-998.0,-1186.0,-1188.0,-1146.0,-1182.0,-1166.0
NO.584,-3166.0,-3292.0,-3472.0,-3362.0,-3366.0,-3202.0,-3304.0,-3322.0
NO.585,-2217.0,-2311.0,-2437.0,-2387.0,-2355.0,-2223.0,-2311.0,-2333.0
NO.586,-3393.0,-3405.0,-3421.0,-3469.0,-3457.0,-3293.0,-3391.0,-3423.0
NO.587,-5165.0,-5131.0,-5119.0,-5163.0,-5157.0,-5095.0,-5129.0,-5147.0
NO.588,-3296.0,-3358.0,-3442.0,-3418.0,-3406.0,-3272.0,-3360.0,-3372.0
NO.589,-1400.0,-1490.0,-1718.0,-1494.0,-1540.0,-1574.0,-1552.0,-1520.0
NO.590,-963.0,-927.0,-949.0,-937.0,-955.0,-947.0,-947.0,-947.0
NO.591,-3232.0,-3370.0,-3482.0,-3446.0,-3430.0,-3208.0,-3358.0,-3374.0
NO.592,-1886.0,-1596.0,-1328.0,-1648.0,-1614.0,-1548.0,-1604.0,-1602.0
NO.593,-4399.0,-4389.0,-4481.0,-4473.0,-4447.0,-4349.0,-4423.0,-4423.0
NO.594,-5576.0,-5626.0,-5710.0,-5626.0,-5646.0,-5640.0,-5640.0,-5638.0
NO.595,-4943.0,-4935.0,-4871.0,-4983.0,-4939.0,-4827.0,-4923.0,-4909.0
NO.596,-4259.0,-4281.0,-4185.0,-4297.0,-4273.0,-4155.0,-4217.0,-4267.0
NO.597,-6441.0,-6539.0,-6633.0,-6581.0,-6561.0,-6471.0,-6539.0,-6537.0
NO.598,-4896.0,-5012.0,-5086.0,-5024.0,-5020.0,-4950.0,-4982.0,-5014.0
NO.599,-4809.0,-4969.0,-5135.0,-4993.0,-4985.0,-4935.0,-4983.0,-4959.0
NO.600,-4966.0,-4920.0,-4900.0,-4984.0,-4972.0,-4830.0,-4922.0,-4936.0
NO.601,-3327.0,-3345.0,-3343.0,-3363.0,-3345.0,-3307.0,-3323.0,-3351.0
NO.602,-5495.0,-5645.0,-5791.0,-5675.0,-5667.0,-5589.0,-5637.0,-5651.0
NO.603,-3490.0,-3618.0,-3676.0,-3640.0,-3632.0,-3512.0,-3590.0,-3600.0
NO.604,-4122.0,-4092.0,-4034.0,-4120.0,-4124.0,-4004.0,-4072.0,-4096.0
NO.605,-4775.0,-4961.0,-5171.0,-5001.0,-5013.0,-4893.0,-4971.0,-4969.0
NO.606,-3624.0,-4004.0,-4150.0,-3866.0,-3912.0,-4000.0,-3946.0,-3906.0
NO.607,-5100.0,-5166.0,-5208.0,-5144.0,-5162.0,-5168.0,-5176.0,-5142.0
NO.608,-5728.0,-5866.0,-5984.0,-5914.0,-5886.0,-5778.0,-5852.0,-5870.0
NO.609,-2357.0,-3015.0,-3473.0,-2827.0,-2965.0,-3053.0,-2951.0,-2951.0
NO.610,-3522.0,-3672.0,-3794.0,-3640.0,-3692.0,-3656.0,-3662.0,-3666.0
NO.611,-5008.0,-5148.0,-5258.0,-5160.0,-5156.0,-5098.0,-5134.0,-5142.0
NO.612,-3638.0,-3710.0,-3768.0,-3772.0,-3740.0,-3604.0,-3708.0,-3706.0
NO.613,-3419.0,-3423.0,-3421.0,-3435.0,-3439.0,-3389.0,-3413.0,-3429.0
NO.614,-5888.0,-5894.0,-5896.0,-5948.0,-5932.0,-5798.0,-5884.0,-5904.0
NO.615,-5464.0,-5236.0,-4964.0,-5284.0,-5232.0,-5148.0,-5234.0,-5210.0
NO.616,-4869.0,-5039.0,-5153.0,-5075.0,-5039.0,-4947.0,-5011.0,-5031.0
NO.617,-5781.0,-5839.0,-5935.0,-5887.0,-5891.0,-5777.0,-5843.0,-5861.0
NO.618,-5579.0,-5523.0,-5523.0,-5581.0,-5561.0,-5483.0,-5551.0,-5533.0
NO.619,-5492.0,-5350.0,-5200.0,-5436.0,-5358.0,-5248.0,-5354.0,-5342.0
NO.620,-4922.0,-4954.0,-4962.0,-5030.0,-4998.0,-4810.0,-4944.0,-4946.0
NO.621,-6760.0,-6940.0,-7106.0,-6954.0,-6962.0,-6890.0,-6928.0,-6946.0
NO.622,-6695.0,-6661.0,-6615.0,-6679.0,-6689.0,-6603.0,-6659.0,-6655.0
NO.623,-5941.0,-5867.0,-5749.0,-5877.0,-5869.0,-5811.0,-5857.0,-5845.0
NO.624,-6501.0,-6583.0,-6613.0,-6617.0,-6581.0,-6499.0,-6549.0,-6583.0
NO.625,-8086.0,-8152.0,-8194.0,-8168.0,-8162.0,-8102.0,-8136.0,-8154.0
NO.626,-3860.0,-4048.0,-4106.0,-3996.0,-3990.0,-4028.0,-4012.0,-3992.0
NO.627,-6715.0,-6587.0,-6345.0,-6665.0,-6559.0,-6423.0,-6509.0,-6583.0
NO.628,-9281.0,-9155.0,-8989.0,-9381.0,-9219.0,-8825.0,-9069.0,-9209.0
NO.629,-7948.0,-7138.0,-6328.0,-7194.0,-7122.0,-7098.0,-7138.0,-7138.0
NO.630,-3621.0,-2281.0,-681.0,-2259.0,-2197.0,-2127.0,-2117.0,-2275.0
NO.631,-7561.0,-7273.0,-6989.0,-7279.0,-7279.0,-7265.0,-7265.0,-7279.0
NO.632,-3318.0,-2470.0,-1172.0,-2462.0,-2302.0,-2196.0,-2230.0,-2400.0
NO.633,-4661.0,-4095.0,-3349.0,-4225.0,-4049.0,-3831.0,-3953.0,-4109.0
NO.634,-4028.0,-3088.0,-1964.0,-3188.0,-3044.0,-2848.0,-2952.0,-3094.0
NO.635,-4274.0,-3678.0,-2920.0,-3826.0,-3660.0,-3386.0,-3554.0,-3688.0
NO.636,-5382.0,-4754.0,-3890.0,-4802.0,-4622.0,-4602.0,-4654.0,-4692.0
NO.637,-5374.0,-4754.0,-3912.0,-4804.0,-4650.0,-4586.0,-4632.0,-4720.0
NO.638,-4766.0,-4238.0,-3510.0,-4372.0,-4176.0,-3966.0,-4096.0,-4238.0
NO.639,-5435.0,-5161.0,-4747.0,-5263.0,-5091.0,-4989.0,-5071.0,-5151.0
NO.640,-7237.0,-7333.0,-7327.0,-7371.0,-7307.0,-7219.0,-7277.0,-7321.0
NO.641,-6246.0,-5826.0,-5144.0,-5856.0,-5674.0,-5686.0,-5704.0,-5762.0
NO.642,-4800.0,-4456.0,-3914.0,-4554.0,-4366.0,-4250.0,-4324.0,-4446.0
NO.643,-5615.0,-5581.0,-5487.0,-5635.0,-5571.0,-5477.0,-5549.0,-5571.0
NO.644,-8533.0,-8641.0,-8753.0,-8663.0,-8675.0,-8589.0,-8631.0,-8657.0
NO.645,-5152.0,-5046.0,-4712.0,-4984.0,-4940.0,-4986.0,-4962.0,-4972.0
NO.646,-5486.0,-5672.0,-5706.0,-5674.0,-5594.0,-5596.0,-5626.0,-5610.0
NO.647,-7629.0,-7717.0,-7741.0,-7717.0,-7705.0,-7665.0,-7703.0,-7689.0
NO.648,-6881.0,-6953.0,-7023.0,-7001.0,-6967.0,-6889.0,-6943.0,-6961.0
NO.649,-7542.0,-7582.0,-7658.0,-7604.0,-7608.0,-7570.0,-7588.0,-7600.0
NO.650,-6426.0,-6380.0,-6296.0,-6428.0,-6378.0,-6296.0,-6356.0,-6376.0
NO.651,-6289.0,-6035.0,-5815.0,-6077.0,-6059.0,-6003.0,-6039.0,-6055.0
NO.652,-5319.0,-5289.0,-5211.0,-5319.0,-5293.0,-5207.0,-5259.0,-5285.0
NO.653,-7996.0,-7938.0,-7834.0,-7944.0,-7920.0,-7904.0,-7914.0,-7930.0
NO.654,-9049.0,-8779.0,-8589.0,-8775.0,-8813.0,-8829.0,-8811.0,-8803.0
NO.655,-6383.0,-6125.0,-5877.0,-6171.0,-6125.0,-6089.0,-6131.0,-6125.0
NO.656,-6403.0,-6217.0,-6151.0,-6249.0,-6263.0,-6259.0,-6259.0,-6257.0
NO.657,-5456.0,-5296.0,-5114.0,-5306.0,-5284.0,-5276.0,-5284.0,-5290.0
NO.658,-4612.0,-4510.0,-4352.0,-4496.0,-4488.0,-4490.0,-4488.0,-4492.0
NO.659,-4183.0,-4043.0,-3925.0,-4043.0,-4053.0,-4055.0,-4057.0,-4043.0
NO.660,-5139.0,-5055.0,-4859.0,-5039.0,-5015.0,-4999.0,-5007.0,-5027.0
NO.661,-4993.0,-4825.0,-4605.0,-4827.0,-4803.0,-4793.0,-4807.0,-4805.0
NO.662,-5181.0,-4965.0,-4697.0,-5007.0,-4939.0,-4897.0,-4941.0,-4953.0
NO.663,-6132.0,-5940.0,-5738.0,-5958.0,-5934.0,-5918.0,-5924.0,-5948.0
NO.664,-6162.0,-5700.0,-5288.0,-5724.0,-5714.0,-5712.0,-5726.0,-5706.0
NO.665,-5490.0,-5340.0,-5154.0,-5398.0,-5320.0,-5266.0,-5316.0,-5336.0
NO.666,-5632.0,-5528.0,-5408.0,-5556.0,-5520.0,-5492.0,-5518.0,-5524.0
NO.667,-6222.0,-5950.0,-5724.0,-5982.0,-5964.0,-5950.0,-5970.0,-5962.0
NO.668,-6633.0,-6531.0,-6425.0,-6549.0,-6527.0,-6513.0,-6529.0,-6529.0
NO.669,-5350.0,-5224.0,-5044.0,-5230.0,-5198.0,-5190.0,-5198.0,-5212.0
NO.670,-3508.0,-3250.0,-2978.0,-3278.0,-3238.0,-3220.0,-3236.0,-3256.0
NO.671,-2385.0,-2301.0,-2223.0,-2327.0,-2301.0,-2281.0,-2303.0,-2299.0
NO.672,-3974.0,-3878.0,-3770.0,-3900.0,-3872.0,-3850.0,-3868.0,-3880.0
NO.673,-5661.0,-5543.0,-5527.0,-5595.0,-5573.0,-5563.0,-5573.0,-5583.0
NO.674,-5897.0,-5783.0,-5689.0,-5815.0,-5789.0,-5765.0,-5785.0,-5795.0
NO.675,-6389.0,-6445.0,-6557.0,-6437.0,-6463.0,-6491.0,-6457.0,-6469.0
NO.676,-6529.0,-6445.0,-6317.0,-6497.0,-6421.0,-6373.0,-6421.0,-6437.0
NO.677,-8087.0,-8065.0,-8057.0,-8089.0,-8069.0,-8051.0,-8069.0,-8069.0
NO.678,-7299.0,-7245.0,-7153.0,-7253.0,-7231.0,-7213.0,-7223.0,-7241.0
NO.679,-7858.0,-7750.0,-7662.0,-7760.0,-7760.0,-7750.0,-7754.0,-7760.0
NO.680,-7649.0,-7631.0,-7563.0,-7657.0,-7607.0,-7579.0,-7605.0,-7621.0
NO.681,-6891.0,-6785.0,-6751.0,-6795.0,-6813.0,-6819.0,-6803.0,-6815.0
NO.682,-6909.0,-6827.0,-6745.0,-6847.0,-6827.0,-6807.0,-6825.0,-6827.0
NO.683,-5730.0,-5734.0,-5680.0,-5702.0,-5714.0,-5728.0,-5704.0,-5724.0
NO.684,-6474.0,-6458.0,-6438.0,-6466.0,-6458.0,-6446.0,-6452.0,-6460.0
NO.685,-2208.0,-2182.0,-2044.0,-2198.0,-2136.0,-2100.0,-2122.0,-2162.0
NO.686,-3662.0,-3340.0,-3070.0,-3382.0,-3358.0,-3332.0,-3356.0,-3358.0
NO.687,-5050.0,-4858.0,-4740.0,-4890.0,-4886.0,-4872.0,-4886.0,-4880.0
NO.688,-7003.0,-6887.0,-6747.0,-6893.0,-6877.0,-6867.0,-6881.0,-6877.0
NO.689,-8052.0,-7972.0,-7966.0,-8004.0,-7998.0,-7988.0,-8000.0,-7996.0
NO.690,-7840.0,-7780.0,-7658.0,-7824.0,-7750.0,-7704.0,-7750.0,-7766.0
NO.691,-8502.0,-8244.0,-7982.0,-8256.0,-8244.0,-8228.0,-8234.0,-8252.0
NO.692,-8621.0,-8455.0,-8305.0,-8485.0,-8457.0,-8439.0,-8463.0,-8461.0
NO.693,-7685.0,-7741.0,-7829.0,-7771.0,-7755.0,-7729.0,-7757.0,-7747.0
NO.694,-6759.0,-6555.0,-6387.0,-6609.0,-6561.0,-6531.0,-6565.0,-6569.0
NO.695,-5920.0,-5836.0,-5766.0,-5842.0,-5840.0,-5840.0,-5844.0,-5836.0
NO.696,-6097.0,-6135.0,-6241.0,-6109.0,-6163.0,-6201.0,-6171.0,-6147.0
NO.697,-6421.0,-6407.0,-6369.0,-6423.0,-6395.0,-6379.0,-6387.0,-6407.0
NO.698,-7073.0,-6955.0,-6915.0,-6983.0,-6983.0,-6977.0,-6987.0,-6975.0
NO.699,-7280.0,-7192.0,-7140.0,-7210.0,-7202.0,-7200.0,-7208.0,-7198.0
NO.700,-8050.0,-7968.0,-7948.0,-7992.0,-7990.0,-7984.0,-7992.0,-7986.0
NO.701,-7770.0,-7670.0,-7534.0,-7700.0,-7652.0,-7622.0,-7654.0,-7660.0
NO.702,-8830.0,-8686.0,-8586.0,-8728.0,-8698.0,-8676.0,-8698.0,-8704.0
NO.703,-7903.0,-7925.0,-7933.0,-7953.0,-7919.0,-7889.0,-7929.0,-7909.0
NO.704,-7374.0,-7382.0,-7422.0,-7388.0,-7394.0,-7396.0,-7392.0,-7392.0
NO.705,-6540.0,-6470.0,-6392.0,-6490.0,-6466.0,-6446.0,-6462.0,-6470.0
NO.706,-4359.0,-4579.0,-4679.0,-4583.0,-4537.0,-4497.0,-4545.0,-4531.0
NO.707,-4110.0,-4180.0,-4162.0,-4208.0,-4142.0,-4102.0,-4168.0,-4128.0
NO.708,-5115.0,-5005.0,-4901.0,-5055.0,-5005.0,-4961.0,-5011.0,-5001.0
NO.709,-3753.0,-3631.0,-3489.0,-3677.0,-3623.0,-3573.0,-3595.0,-3655.0
NO.710,-5548.0,-5582.0,-5588.0,-5608.0,-5558.0,-5552.0,-5550.0,-5592.0
NO.711,-3487.0,-3179.0,-2867.0,-3213.0,-3171.0,-3149.0,-3203.0,-3147.0
NO.712,-1262.0,-1246.0,-1216.0,-1270.0,-1234.0,-1220.0,-1240.0,-1238.0
NO.713,-3762.0,-3684.0,-3586.0,-3694.0,-3666.0,-3672.0,-3686.0,-3666.0
NO.714,-5485.0,-5969.0,-6333.0,-5957.0,-5917.0,-5913.0,-5955.0,-5895.0
NO.715,-5002.0,-4992.0,-4946.0,-5014.0,-4980.0,-4946.0,-4976.0,-4984.0
NO.716,-5964.0,-5858.0,-5776.0,-5886.0,-5860.0,-5852.0,-5884.0,-5846.0
NO.717,-6606.0,-6640.0,-6686.0,-6642.0,-6640.0,-6650.0,-6644.0,-6644.0
NO.718,-7301.0,-7271.0,-7287.0,-7289.0,-7283.0,-7287.0,-7299.0,-7273.0
NO.719,-6898.0,-6978.0,-7116.0,-7016.0,-6996.0,-6980.0,-7010.0,-6984.0
NO.720,-7224.0,-7366.0,-7564.0,-7376.0,-7384.0,-7394.0,-7400.0,-7368.0
NO.721,-6603.0,-6597.0,-6627.0,-6637.0,-6603.0,-6587.0,-6615.0,-6603.0
NO.722,-5146.0,-5130.0,-5122.0,-5126.0,-5130.0,-5142.0,-5146.0,-5118.0
NO.723,-7784.0,-7780.0,-7784.0,-7778.0,-7782.0,-7788.0,-7788.0,-7776.0
NO.724,-6639.0,-6601.0,-6577.0,-6615.0,-6597.0,-6605.0,-6621.0,-6585.0
NO.725,-3054.0,-3334.0,-3348.0,-3334.0,-3224.0,-3178.0,-3250.0,-3226.0
NO.726,-5785.0,-6183.0,-6523.0,-6183.0,-6163.0,-6145.0,-6159.0,-6171.0
NO.727,-4299.0,-5627.0,-6431.0,-5585.0,-5419.0,-5353.0,-5509.0,-5377.0
NO.728,-4524.0,-4916.0,-5196.0,-4874.0,-4874.0,-4888.0,-4888.0,-4868.0
NO.729,-3941.0,-4049.0,-4063.0,-4055.0,-4001.0,-3997.0,-4027.0,-4001.0
NO.730,-6620.0,-6612.0,-6526.0,-6578.0,-6586.0,-6594.0,-6580.0,-6592.0
NO.731,-7351.0,-7201.0,-7099.0,-7203.0,-7223.0,-7225.0,-7217.0,-7219.0
NO.732,-6650.0,-6596.0,-6582.0,-6566.0,-6608.0,-6654.0,-6616.0,-6600.0
NO.733,-6864.0,-6850.0,-6852.0,-6840.0,-6854.0,-6872.0,-6856.0,-6856.0
NO.734,-7526.0,-7504.0,-7486.0,-7486.0,-7508.0,-7522.0,-7510.0,-7504.0
NO.735,-6628.0,-6526.0,-6418.0,-6518.0,-6520.0,-6534.0,-6524.0,-6524.0
NO.736,-8869.0,-8769.0,-8705.0,-8775.0,-8781.0,-8787.0,-8783.0,-8779.0
NO.737,-5246.0,-5306.0,-5170.0,-5306.0,-5232.0,-5184.0,-5244.0,-5234.0
NO.738,-5851.0,-5851.0,-5769.0,-5837.0,-5817.0,-5817.0,-5831.0,-5815.0
NO.739,-6102.0,-6192.0,-6290.0,-6210.0,-6192.0,-6182.0,-6196.0,-6192.0
NO.740,-6280.0,-6166.0,-6016.0,-6174.0,-6146.0,-6142.0,-6156.0,-6150.0
NO.741,-6430.0,-6340.0,-6294.0,-6348.0,-6352.0,-6364.0,-6362.0,-6348.0
NO.742,-8144.0,-7964.0,-7876.0,-7990.0,-7996.0,-7998.0,-7998.0,-7990.0
NO.743,-8153.0,-8133.0,-8047.0,-8147.0,-8101.0,-8085.0,-8111.0,-8109.0
NO.744,-7137.0,-10183.0,-12005.0,-10065.0,-9701.0,-9559.0,-9921.0,-9567.0
NO.745,-6541.0,-9283.0,-10913.0,-9139.0,-8855.0,-8743.0,-9037.0,-8737.0
NO.746,-6437.0,-6463.0,-6447.0,-6495.0,-6439.0,-6413.0,-6447.0,-6451.0
NO.747,-7947.0,-7999.0,-7967.0,-8001.0,-7965.0,-7947.0,-7973.0,-7965.0
NO.748,-7917.0,-8073.0,-8171.0,-8051.0,-8051.0,-8059.0,-8059.0,-8047.0
NO.749,-7160.0,-7092.0,-6886.0,-7106.0,-7036.0,-6996.0,-7038.0,-7052.0
NO.750,-7788.0,-7728.0,-7632.0,-7718.0,-7716.0,-7714.0,-7718.0,-7714.0
NO.751,-7026.0,-6892.0,-6768.0,-6914.0,-6890.0,-6882.0,-6894.0,-6896.0
NO.752,-6316.0,-6324.0,-6244.0,-6288.0,-6294.0,-6302.0,-6298.0,-6294.0
NO.753,-5087.0,-4893.0,-4663.0,-4903.0,-4877.0,-4863.0,-4873.0,-4887.0
NO.754,-7138.0,-7110.0,-7046.0,-7092.0,-7098.0,-7104.0,-7096.0,-7100.0
NO.755,-6950.0,-6930.0,-6930.0,-6926.0,-6934.0,-6950.0,-6960.0,-6912.0
NO.756,-7372.0,-7180.0,-7026.0,-7176.0,-7192.0,-7210.0,-7188.0,-7196.0
NO.757,-8402.0,-8170.0,-8012.0,-8184.0,-8200.0,-8200.0,-8190.0,-8204.0
NO.758,-8072.0,-8030.0,-8018.0,-8016.0,-8042.0,-8062.0,-8040.0,-8042.0
NO.759,-7242.0,-7100.0,-6902.0,-7096.0,-7074.0,-7074.0,-7088.0,-7072.0
NO.760,-862.0,-1174.0,-1330.0,-1148.0,-1112.0,-1106.0,-1134.0,-1104.0
NO.761,-896.0,-2372.0,-3142.0,-2264.0,-2096.0,-2050.0,-2198.0,-2038.0
NO.762,-5110.0,-5316.0,-5354.0,-5352.0,-5232.0,-5196.0,-5288.0,-5224.0
NO.763,-5374.0,-5648.0,-5668.0,-5616.0,-5544.0,-5530.0,-5598.0,-5520.0
NO.764,-4788.0,-5090.0,-5256.0,-5092.0,-5030.0,-5012.0,-5068.0,-5012.0
NO.765,-2768.0,-3720.0,-4278.0,-3642.0,-3576.0,-3548.0,-3606.0,-3562.0
NO.766,-1316.0,-1790.0,-1936.0,-1766.0,-1656.0,-1620.0,-1700.0,-1650.0
NO.767,-3986.0,-3840.0,-3576.0,-3844.0,-3790.0,-3768.0,-3792.0,-3804.0
NO.768,-4785.0,-4863.0,-4757.0,-4839.0,-4789.0,-4777.0,-4805.0,-4795.0
NO.769,-5444.0,-5366.0,-5176.0,-5344.0,-5324.0,-5318.0,-5344.0,-5312.0
NO.770,-4153.0,-4103.0,-3915.0,-4113.0,-4043.0,-4015.0,-4057.0,-4051.0
NO.771,-5089.0,-4921.0,-4595.0,-4921.0,-4851.0,-4833.0,-4867.0,-4863.0
NO.772,-6884.0,-6542.0,-6212.0,-6572.0,-6542.0,-6524.0,-6552.0,-6536.0
NO.773,-4776.0,-4728.0,-4518.0,-4692.0,-4666.0,-4664.0,-4674.0,-4670.0
NO.774,-6646.0,-6700.0,-6648.0,-6656.0,-6664.0,-6674.0,-6670.0,-6658.0
NO.775,-5078.0,-5152.0,-5062.0,-5150.0,-5084.0,-5058.0,-5102.0,-5088.0
NO.776,-10616.0,-10566.0,-10564.0,-10586.0,-10584.0,-10576.0,-10596.0,-10572.0
NO.777,-6191.0,-11879.0,-15069.0,-11623.0,-10905.0,-10611.0,-11333.0,-10627.0
NO.778,-5923.0,-10419.0,-12953.0,-10179.0,-9655.0,-9461.0,-9987.0,-9443.0
NO.779,-5132.0,-4948.0,-4736.0,-4966.0,-4938.0,-4912.0,-4924.0,-4952.0
NO.780,-7988.0,-7648.0,-7410.0,-7660.0,-7682.0,-7704.0,-7668.0,-7698.0
NO.781,-6428.0,-6402.0,-6404.0,-6382.0,-6414.0,-6438.0,-6404.0,-6420.0
NO.782,-5614.0,-5704.0,-5782.0,-5686.0,-5702.0,-5712.0,-5698.0,-5702.0
NO.783,-7957.0,-7859.0,-7759.0,-7857.0,-7859.0,-7859.0,-7863.0,-7855.0
NO.784,-7999.0,-8043.0,-8039.0,-8063.0,-8023.0,-7995.0,-8019.0,-8033.0
NO.785,-10008.0,-9922.0,-9890.0,-9972.0,-9948.0,-9900.0,-9944.0,-9936.0
NO.786,-9357.0,-9003.0,-8695.0,-9063.0,-9011.0,-8981.0,-9025.0,-9011.0
NO.787,-7964.0,-7908.0,-7796.0,-7906.0,-7882.0,-7880.0,-7882.0,-7896.0
NO.788,-8165.0,-8147.0,-8127.0,-8149.0,-8145.0,-8145.0,-8147.0,-8149.0
NO.789,-8676.0,-8466.0,-8308.0,-8502.0,-8486.0,-8462.0,-8480.0,-8488.0
NO.790,-7831.0,-7839.0,-7859.0,-7827.0,-7843.0,-7859.0,-7839.0,-7847.0
NO.791,-6966.0,-7160.0,-7318.0,-7124.0,-7146.0,-7174.0,-7152.0,-7144.0
NO.792,-4726.0,-4656.0,-4530.0,-4662.0,-4630.0,-4620.0,-4638.0,-4636.0
NO.793,-6282.0,-6112.0,-5990.0,-6108.0,-6130.0,-6146.0,-6122.0,-6134.0
NO.794,-5922.0,-5800.0,-5678.0,-5786.0,-5800.0,-5814.0,-5802.0,-5800.0
NO.795,-5812.0,-5562.0,-5254.0,-5564.0,-5538.0,-5526.0,-5526.0,-5560.0
NO.796,-7411.0,-7155.0,-6957.0,-7155.0,-7177.0,-7191.0,-7173.0,-7177.0
NO.797,-6779.0,-6673.0,-6599.0,-6643.0,-6687.0,-6721.0,-6683.0,-6685.0
NO.798,-8795.0,-8665.0,-8539.0,-8663.0,-8667.0,-8669.0,-8669.0,-8663.0
NO.799,-8769.0,-8579.0,-8425.0,-8593.0,-8595.0,-8585.0,-8595.0,-8587.0
NO.800,-7361.0,-7201.0,-7015.0,-7235.0,-7189.0,-7153.0,-7189.0,-7193.0
NO.801,-6932.0,-6866.0,-6796.0,-6852.0,-6858.0,-6884.0,-6866.0,-6864.0
NO.802,-6568.0,-6318.0,-6046.0,-6324.0,-6310.0,-6298.0,-6310.0,-6314.0
NO.803,-6580.0,-6244.0,-5974.0,-6266.0,-6262.0,-6270.0,-6276.0,-6256.0
NO.804,-6291.0,-6003.0,-5773.0,-6037.0,-6019.0,-6011.0,-6025.0,-6021.0
NO.805,-5459.0,-5309.0,-5085.0,-5321.0,-5277.0,-5255.0,-5275.0,-5291.0
NO.806,-7484.0,-7440.0,-7360.0,-7440.0,-7432.0,-7412.0,-7420.0,-7438.0
NO.807,-7470.0,-7246.0,-7046.0,-7262.0,-7254.0,-7246.0,-7262.0,-7248.0
NO.808,-6371.0,-6453.0,-6497.0,-6425.0,-6443.0,-6453.0,-6443.0,-6439.0
NO.809,-2592.0,-2338.0,-2114.0,-2328.0,-2344.0,-2372.0,-2342.0,-2348.0
NO.810,-4021.0,-3755.0,-3469.0,-3747.0,-3735.0,-3763.0,-3721.0,-3779.0
NO.811,-5140.0,-4812.0,-4646.0,-4860.0,-4872.0,-4866.0,-4872.0,-4866.0
NO.812,-3676.0,-3634.0,-3590.0,-3624.0,-3634.0,-3642.0,-3634.0,-3632.0
NO.813,-8313.0,-8181.0,-8047.0,-8195.0,-8179.0,-8167.0,-8185.0,-8175.0
NO.814,-8797.0,-8589.0,-8401.0,-8629.0,-8587.0,-8571.0,-8597.0,-8593.0
NO.815,-7341.0,-7467.0,-7685.0,-7521.0,-7503.0,-7469.0,-7503.0,-7495.0
NO.816,-5772.0,-6090.0,-6488.0,-6102.0,-6120.0,-6128.0,-6118.0,-6114.0
NO.817,-6629.0,-6443.0,-6193.0,-6453.0,-6417.0,-6395.0,-6419.0,-6423.0
NO.818,-6983.0,-6739.0,-6525.0,-6747.0,-6751.0,-6749.0,-6749.0,-6749.0
NO.819,-7342.0,-7308.0,-7352.0,-7318.0,-7338.0,-7346.0,-7334.0,-7336.0
NO.820,-3534.0,-3340.0,-3038.0,-3330.0,-3296.0,-3286.0,-3300.0,-3306.0
NO.821,-5689.0,-5295.0,-4961.0,-5327.0,-5313.0,-5305.0,-5313.0,-5319.0
NO.822,-6234.0,-5848.0,-5538.0,-5876.0,-5876.0,-5868.0,-5874.0,-5876.0
NO.823,-6828.0,-6694.0,-6618.0,-6714.0,-6714.0,-6712.0,-6714.0,-6712.0
NO.824,-7208.0,-7236.0,-7362.0,-7246.0,-7270.0,-7290.0,-7276.0,-7262.0
NO.825,-6554.0,-6466.0,-6420.0,-6508.0,-6476.0,-6456.0,-6486.0,-6468.0
NO.826,-7219.0,-7181.0,-7217.0,-7181.0,-7207.0,-7229.0,-7213.0,-7197.0
NO.827,-6747.0,-6605.0,-6529.0,-6611.0,-6629.0,-6641.0,-6617.0,-6639.0
NO.828,-6157.0,-6049.0,-6017.0,-6049.0,-6075.0,-6099.0,-6079.0,-6069.0
NO.829,-2843.0,-2773.0,-2601.0,-2769.0,-2737.0,-2711.0,-2727.0,-2749.0
NO.830,-3982.0,-3886.0,-3808.0,-3890.0,-3894.0,-3892.0,-3888.0,-3896.0
NO.831,-4969.0,-4701.0,-4537.0,-4693.0,-4731.0,-4783.0,-4733.0,-4739.0
NO.832,-1676.0,-1554.0,-1348.0,-1480.0,-1526.0,-1572.0,-1522.0,-1530.0
NO.833,-1870.0,-1606.0,-1320.0,-1554.0,-1596.0,-1646.0,-1596.0,-1602.0
NO.834,-2264.0,-1804.0,-1350.0,-1826.0,-1802.0,-1790.0,-1794.0,-1818.0
NO.835,-1761.0,-1623.0,-1321.0,-1549.0,-1559.0,-1597.0,-1545.0,-1593.0
NO.836,-5238.0,-4884.0,-4598.0,-4916.0,-4902.0,-4902.0,-4910.0,-4904.0
NO.837,-3437.0,-3193.0,-2849.0,-3205.0,-3149.0,-3125.0,-3155.0,-3161.0
NO.838,-5425.0,-5193.0,-4927.0,-5197.0,-5165.0,-5183.0,-5171.0,-5193.0
NO.839,-6698.0,-6418.0,-6260.0,-6478.0,-6456.0,-6442.0,-6464.0,-6454.0
NO.840,-4853.0,-4957.0,-5053.0,-4941.0,-4955.0,-4967.0,-4951.0,-4957.0
NO.841,-8005.0,-7481.0,-6985.0,-7523.0,-7487.0,-7461.0,-7489.0,-7491.0
NO.842,-3638.0,-3846.0,-3926.0,-3796.0,-3796.0,-3818.0,-3790.0,-3816.0
NO.843,-7804.0,-7702.0,-7670.0,-7712.0,-7728.0,-7736.0,-7726.0,-7728.0
NO.844,-6991.0,-7041.0,-7073.0,-7019.0,-7037.0,-7049.0,-7041.0,-7033.0
NO.845,-7095.0,-7125.0,-7151.0,-7085.0,-7121.0,-7165.0,-7127.0,-7119.0
NO.846,-9842.0,-9492.0,-9294.0,-9582.0,-9548.0,-9498.0,-9542.0,-9546.0
NO.847,-8958.0,-8824.0,-8788.0,-8848.0,-8862.0,-8860.0,-8860.0,-8858.0
NO.848,-7553.0,-7721.0,-7895.0,-7673.0,-7725.0,-7771.0,-7729.0,-7719.0
NO.849,-2926.0,-2804.0,-2588.0,-2806.0,-2762.0,-2750.0,-2770.0,-2774.0
NO.850,-7761.0,-7751.0,-7819.0,-7777.0,-7775.0,-7779.0,-7775.0,-7779.0
NO.851,-7236.0,-7194.0,-7206.0,-7212.0,-7214.0,-7210.0,-7218.0,-7204.0
NO.852,-6372.0,-6438.0,-6526.0,-6452.0,-6446.0,-6438.0,-6452.0,-6436.0
NO.853,-6000.0,-6030.0,-6050.0,-6014.0,-6028.0,-6038.0,-6034.0,-6020.0
NO.854,-2193.0,-2209.0,-2117.0,-2227.0,-2149.0,-2143.0,-2167.0,-2181.0
NO.855,-4722.0,-4522.0,-4418.0,-4498.0,-4558.0,-4606.0,-4562.0,-4550.0
NO.856,-3716.0,-3622.0,-3550.0,-3590.0,-3630.0,-3668.0,-3630.0,-3628.0
NO.857,-1290.0,-1186.0,-990.0,-1230.0,-1130.0,-1106.0,-1156.0,-1150.0
NO.858,-5917.0,-5719.0,-5557.0,-5699.0,-5729.0,-5765.0,-5727.0,-5733.0
NO.859,-4139.0,-4041.0,-3871.0,-4027.0,-4007.0,-4017.0,-4019.0,-4013.0
NO.860,-4508.0,-4336.0,-4110.0,-4330.0,-4304.0,-4320.0,-4320.0,-4314.0
NO.861,-4767.0,-4663.0,-4587.0,-4669.0,-4671.0,-4677.0,-4677.0,-4669.0
NO.862,-3831.0,-3687.0,-3527.0,-3715.0,-3679.0,-3651.0,-3683.0,-3679.0
NO.863,-2569.0,-2399.0,-2213.0,-2421.0,-2385.0,-2375.0,-2381.0,-2403.0
NO.864,-4419.0,-3925.0,-3351.0,-3947.0,-3887.0,-3861.0,-3903.0,-3893.0
NO.865,-5210.0,-4950.0,-4716.0,-4964.0,-4958.0,-4954.0,-4960.0,-4960.0
NO.866,-2178.0,-2178.0,-2032.0,-2152.0,-2118.0,-2118.0,-2118.0,-2138.0
NO.867,-4232.0,-3794.0,-3332.0,-3854.0,-3780.0,-3724.0,-3782.0,-3788.0
NO.868,-5026.0,-4762.0,-4518.0,-4772.0,-4766.0,-4768.0,-4774.0,-4764.0
NO.869,-3913.0,-3595.0,-3193.0,-3645.0,-3553.0,-3503.0,-3563.0,-3569.0
NO.870,-5622.0,-5256.0,-4906.0,-5294.0,-5258.0,-5232.0,-5256.0,-5268.0
NO.871,-6623.0,-6403.0,-6275.0,-6437.0,-6439.0,-6425.0,-6435.0,-6437.0
NO.872,-6844.0,-6644.0,-6502.0,-6676.0,-6658.0,-6656.0,-6668.0,-6660.0
NO.873,-7456.0,-7082.0,-6782.0,-7136.0,-7108.0,-7076.0,-7114.0,-7098.0
NO.874,-7235.0,-6767.0,-6277.0,-6743.0,-6749.0,-6787.0,-6761.0,-6757.0
NO.875,-7296.0,-7236.0,-7192.0,-7234.0,-7234.0,-7256.0,-7248.0,-7234.0
NO.876,-6106.0,-6164.0,-6096.0,-6154.0,-6110.0,-6102.0,-6122.0,-6120.0
NO.877,-6198.0,-6034.0,-5858.0,-6036.0,-6030.0,-6024.0,-6038.0,-6024.0
NO.878,-6662.0,-6516.0,-6388.0,-6522.0,-6520.0,-6524.0,-6526.0,-6520.0
NO.879,-5047.0,-4947.0,-4791.0,-4973.0,-4911.0,-4901.0,-4929.0,-4925.0
NO.880,-6306.0,-6010.0,-5710.0,-6046.0,-6006.0,-5974.0,-6014.0,-6004.0
NO.881,-6838.0,-6486.0,-6220.0,-6522.0,-6516.0,-6506.0,-6518.0,-6512.0
NO.882,-7885.0,-7817.0,-7697.0,-7807.0,-7791.0,-7801.0,-7807.0,-7789.0
NO.883,-7015.0,-6873.0,-6725.0,-6879.0,-6865.0,-6869.0,-6867.0,-6875.0
NO.884,-7066.0,-6692.0,-6322.0,-6744.0,-6684.0,-6652.0,-6710.0,-6676.0
NO.885,-8025.0,-7959.0,-7913.0,-7973.0,-7961.0,-7963.0,-7967.0,-7965.0
NO.886,-9129.0,-8871.0,-8641.0,-8901.0,-8883.0,-8857.0,-8891.0,-8871.0
NO.887,-3735.0,-3885.0,-3779.0,-3793.0,-3789.0,-3817.0,-3773.0,-3827.0
NO.888,-6158.0,-6012.0,-5912.0,-6038.0,-6024.0,-6020.0,-6018.0,-6038.0
NO.889,-6949.0,-6779.0,-6637.0,-6791.0,-6789.0,-6785.0,-6785.0,-6793.0
NO.890,-5460.0,-5210.0,-4962.0,-5242.0,-5198.0,-5192.0,-5204.0,-5218.0
NO.891,-7309.0,-7011.0,-6729.0,-7033.0,-7009.0,-7007.0,-7021.0,-7011.0
NO.892,-7406.0,-7156.0,-6954.0,-7174.0,-7174.0,-7168.0,-7166.0,-7178.0
NO.893,-8180.0,-8118.0,-8070.0,-8112.0,-8120.0,-8136.0,-8122.0,-8122.0
NO.894,-8363.0,-8221.0,-8143.0,-8241.0,-8243.0,-8243.0,-8245.0,-8239.0
NO.895,-7405.0,-7455.0,-7489.0,-7405.0,-7453.0,-7491.0,-7441.0,-7463.0
NO.896,-7684.0,-7584.0,-7460.0,-7576.0,-7572.0,-7580.0,-7572.0,-7578.0
NO.897,-6600.0,-6562.0,-6496.0,-6612.0,-6548.0,-6498.0,-6548.0,-6554.0
NO.898,-7661.0,-7509.0,-7415.0,-7539.0,-7555.0,-7491.0,-7519.0,-7539.0
NO.899,-7252.0,-7236.0,-7278.0,-7306.0,-7306.0,-7154.0,-7246.0,-7266.0
NO.900,-3225.0,-3211.0,-3095.0,-3251.0,-3183.0,-3097.0,-3169.0,-3181.0
NO.901,-2601.0,-2311.0,-2023.0,-2361.0,-2319.0,-2255.0,-2291.0,-2335.0
NO.902,-6344.0,-6068.0,-5650.0,-6182.0,-6074.0,-5806.0,-5972.0,-6070.0
NO.903,-6470.0,-6102.0,-5880.0,-6262.0,-6196.0,-5994.0,-6134.0,-6166.0
NO.904,-6492.0,-6152.0,-5894.0,-6226.0,-6194.0,-6118.0,-6180.0,-6178.0
NO.905,-7962.0,-7854.0,-7910.0,-7912.0,-7954.0,-7860.0,-7908.0,-7914.0
NO.906,-6774.0,-6624.0,-6534.0,-6672.0,-6674.0,-6586.0,-6634.0,-6654.0
NO.907,-8650.0,-8430.0,-8296.0,-8524.0,-8478.0,-8374.0,-8444.0,-8474.0
NO.908,-8924.0,-8600.0,-8406.0,-8674.0,-8650.0,-8606.0,-8654.0,-8634.0
NO.909,-8394.0,-8198.0,-8116.0,-8244.0,-8258.0,-8206.0,-8236.0,-8236.0
NO.910,-7568.0,-7564.0,-7572.0,-7586.0,-7588.0,-7530.0,-7564.0,-7572.0
NO.911,-7823.0,-7871.0,-7827.0,-7859.0,-7849.0,-7813.0,-7845.0,-7835.0
NO.912,-7283.0,-7019.0,-6703.0,-7021.0,-7001.0,-6983.0,-7009.0,-6995.0
NO.913,-7823.0,-7697.0,-7555.0,-7711.0,-7701.0,-7663.0,-7691.0,-7689.0
NO.914,-3764.0,-3626.0,-3386.0,-3696.0,-3610.0,-3470.0,-3574.0,-3608.0
NO.915,-5803.0,-5361.0,-4943.0,-5479.0,-5393.0,-5235.0,-5355.0,-5383.0
NO.916,-6570.0,-6546.0,-6530.0,-6596.0,-6604.0,-6446.0,-6528.0,-6570.0
NO.917,-7070.0,-6670.0,-6430.0,-6702.0,-6720.0,-6748.0,-6730.0,-6714.0
NO.918,-7434.0,-7212.0,-7118.0,-7232.0,-7270.0,-7262.0,-7262.0,-7246.0
NO.919,-7914.0,-7968.0,-7956.0,-8010.0,-7966.0,-7862.0,-7940.0,-7950.0
NO.920,-6620.0,-6438.0,-6348.0,-6544.0,-6512.0,-6350.0,-6464.0,-6474.0
NO.921,-3803.0,-3521.0,-3249.0,-3507.0,-3529.0,-3537.0,-3533.0,-3513.0
NO.922,-5011.0,-4877.0,-4755.0,-4977.0,-4957.0,-4709.0,-4861.0,-4901.0
NO.923,-3846.0,-3690.0,-3538.0,-3708.0,-3690.0,-3676.0,-3686.0,-3696.0
NO.924,-4984.0,-4774.0,-4592.0,-4802.0,-4798.0,-4750.0,-4774.0,-4796.0
NO.925,-4000.0,-3944.0,-3798.0,-3984.0,-3898.0,-3860.0,-3906.0,-3924.0
NO.926,-5507.0,-5369.0,-5207.0,-5387.0,-5367.0,-5329.0,-5363.0,-5357.0
NO.927,-6205.0,-5823.0,-5429.0,-5831.0,-5829.0,-5797.0,-5819.0,-5821.0
NO.928,-6799.0,-6605.0,-6379.0,-6607.0,-6613.0,-6563.0,-6591.0,-6599.0
NO.929,-5838.0,-5658.0,-5394.0,-5690.0,-5632.0,-5568.0,-5628.0,-5630.0
NO.930,-7543.0,-7517.0,-7553.0,-7631.0,-7583.0,-7399.0,-7517.0,-7561.0
NO.931,-7354.0,-7334.0,-7320.0,-7366.0,-7350.0,-7292.0,-7338.0,-7336.0
NO.932,-7704.0,-7684.0,-7630.0,-7714.0,-7688.0,-7616.0,-7674.0,-7672.0
NO.933,-7215.0,-7007.0,-6815.0,-7065.0,-7013.0,-6959.0,-7007.0,-7013.0
NO.934,-4663.0,-4863.0,-4779.0,-4821.0,-4781.0,-4703.0,-4757.0,-4777.0
