NO.0,-136.0,136.0,0.0,0.0,0.0,0.0
NO.1,-197.0,197.0,-55.0,55.0,-9.0,9.0
NO.2,203.0,-203.0,-133.0,133.0,21.0,-21.0
NO.3,-233.0,233.0,-9.0,9.0,-3.0,3.0
NO.4,-171.0,171.0,-7.0,7.0,3.0,-3.0
NO.5,0.0,0.0,36.0,-36.0,0.0,0.0
NO.6,232.0,-232.0,-116.0,116.0,0.0,0.0
NO.7,204.0,-204.0,-136.0,136.0,-12.0,12.0
NO.8,-154.0,154.0,-2.0,2.0,0.0,0.0
NO.9,-65.0,65.0,-65.0,65.0,-29.0,29.0
NO.10,-16.0,16.0,-12.0,12.0,4.0,-4.0
NO.11,-450.0,450.0,-26.0,26.0,-14.0,14.0
NO.12,-286.0,286.0,-114.0,114.0,0.0,0.0
NO.13,-353.0,353.0,-83.0,83.0,-11.0,11.0
NO.14,-112.0,112.0,-84.0,84.0,0.0,0.0
NO.15,-7.0,7.0,-1.0,1.0,-1.0,1.0
NO.16,136.0,-136.0,-96.0,96.0,0.0,0.0
NO.17,-4.0,4.0,-44.0,44.0,4.0,-4.0
NO.18,-392.0,392.0,0.0,0.0,0.0,0.0
NO.19,-188.0,188.0,-28.0,28.0,4.0,-4.0
NO.20,-60.0,60.0,-12.0,12.0,-4.0,4.0
NO.21,448.0,-448.0,-84.0,84.0,0.0,0.0
NO.22,-20.0,20.0,0.0,0.0,0.0,0.0
NO.23,-147.0,147.0,-7.0,7.0,-21.0,21.0
NO.24,321.0,-321.0,-115.0,115.0,-5.0,5.0
NO.25,0.0,0.0,-144.0,144.0,28.0,-28.0
NO.26,-215.0,215.0,-63.0,63.0,5.0,-5.0
NO.27,42.0,-42.0,-14.0,14.0,14.0,-14.0
NO.28,84.0,-84.0,0.0,0.0,0.0,0.0
NO.29,50.0,-50.0,-120.0,120.0,-6.0,6.0
NO.30,0.0,0.0,-56.0,56.0,0.0,0.0
NO.31,77.0,-77.0,-83.0,83.0,-9.0,9.0
NO.32,3.0,-3.0,-39.0,39.0,-1.0,1.0
NO.33,181.0,-181.0,-105.0,105.0,9.0,-9.0
NO.34,-217.0,217.0,47.0,-47.0,-9.0,9.0
NO.35,-113.0,113.0,-37.0,37.0,-1.0,1.0
NO.36,277.0,-277.0,-43.0,43.0,-5.0,5.0
NO.37,-281.0,281.0,-35.0,35.0,-9.0,9.0
NO.38,-54.0,54.0,0.0,0.0,0.0,0.0
NO.39,-348.0,348.0,30.0,-30.0,-10.0,10.0
NO.40,-108.0,108.0,-72.0,72.0,0.0,0.0
NO.41,224.0,-224.0,-56.0,56.0,-28.0,28.0
NO.42,63.0,-63.0,-63.0,63.0,7.0,-7.0
NO.43,-172.0,172.0,38.0,-38.0,0.0,0.0
NO.44,-133.0,133.0,19.0,-19.0,-19.0,19.0
NO.45,92.0,-92.0,-62.0,62.0,-14.0,14.0
NO.46,210.0,-210.0,-76.0,76.0,0.0,0.0
NO.47,-15.0,15.0,-21.0,21.0,-15.0,15.0
NO.48,-84.0,84.0,28.0,-28.0,0.0,0.0
NO.49,0.0,0.0,-112.0,112.0,0.0,0.0
NO.50,28.0,-28.0,-66.0,66.0,28.0,-28.0
NO.51,-188.0,188.0,-18.0,18.0,0.0,0.0
NO.52,45.0,-45.0,-71.0,71.0,-15.0,15.0
NO.53,470.0,-470.0,-128.0,128.0,-14.0,14.0
NO.54,-21.0,21.0,21.0,-21.0,-21.0,21.0
NO.55,-105.0,105.0,9.0,-9.0,-9.0,9.0
NO.56,168.0,-168.0,-82.0,82.0,-4.0,4.0
NO.57,-246.0,246.0,56.0,-56.0,0.0,0.0
NO.58,-336.0,336.0,32.0,-32.0,0.0,0.0
NO.59,-168.0,168.0,0.0,0.0,0.0,0.0
NO.60,0.0,0.0,0.0,0.0,0.0,0.0
NO.61,-148.0,148.0,56.0,-56.0,0.0,0.0
NO.62,112.0,-112.0,56.0,-56.0,0.0,0.0
NO.63,366.0,-366.0,-44.0,44.0,-4.0,4.0
NO.64,-145.0,145.0,-27.0,27.0,-29.0,29.0
NO.65,-481.0,481.0,11.0,-11.0,-23.0,23.0
NO.66,-258.0,258.0,28.0,-28.0,0.0,0.0
NO.67,-244.0,244.0,0.0,0.0,0.0,0.0
NO.68,-84.0,84.0,28.0,-28.0,0.0,0.0
NO.69,-154.0,154.0,42.0,-42.0,0.0,0.0
NO.70,78.0,-78.0,-96.0,96.0,0.0,0.0
NO.71,156.0,-156.0,2.0,-2.0,0.0,0.0
NO.72,210.0,-210.0,42.0,-42.0,-14.0,14.0
NO.73,-84.0,84.0,0.0,0.0,0.0,0.0
NO.74,10.0,-10.0,10.0,-10.0,-10.0,10.0
NO.75,354.0,-354.0,28.0,-28.0,0.0,0.0
NO.76,-14.0,14.0,42.0,-42.0,-14.0,14.0
NO.77,140.0,-140.0,-78.0,78.0,0.0,0.0
NO.78,64.0,-64.0,-18.0,18.0,0.0,0.0
NO.79,-40.0,40.0,40.0,-40.0,0.0,0.0
NO.80,115.0,-115.0,-53.0,53.0,-9.0,9.0
NO.81,-126.0,126.0,0.0,0.0,0.0,0.0
NO.82,14.0,-14.0,-56.0,56.0,-14.0,14.0
NO.83,-70.0,70.0,0.0,0.0,-14.0,14.0
NO.84,-182.0,182.0,-14.0,14.0,14.0,-14.0
NO.85,-16.0,16.0,-24.0,24.0,-2.0,2.0
NO.86,64.0,-64.0,-28.0,28.0,-10.0,10.0
NO.87,-98.0,98.0,4.0,-4.0,-18.0,18.0
NO.88,14.0,-14.0,-40.0,40.0,-6.0,6.0
NO.89,0.0,0.0,0.0,0.0,0.0,0.0
NO.90,112.0,-112.0,-38.0,38.0,0.0,0.0
NO.91,-259.0,259.0,-57.0,57.0,-29.0,29.0
NO.92,-315.0,315.0,-29.0,29.0,-9.0,9.0
NO.93,-352.0,352.0,8.0,-8.0,0.0,0.0
NO.94,-28.0,28.0,-16.0,16.0,-14.0,14.0
NO.95,0.0,0.0,-8.0,8.0,0.0,0.0
NO.96,-322.0,322.0,-14.0,14.0,-28.0,28.0
NO.97,-36.0,36.0,0.0,0.0,0.0,0.0
NO.98,-289.0,289.0,-29.0,29.0,-9.0,9.0
NO.99,224.0,-224.0,-84.0,84.0,-28.0,28.0
NO.100,36.0,-36.0,-26.0,26.0,-2.0,2.0
NO.101,-343.0,343.0,47.0,-47.0,9.0,-9.0
NO.102,-151.0,151.0,-1.0,1.0,-19.0,19.0
NO.103,98.0,-98.0,-98.0,98.0,-14.0,14.0
NO.104,53.0,-53.0,-7.0,7.0,-17.0,17.0
NO.105,68.0,-68.0,0.0,0.0,0.0,0.0
NO.106,-131.0,131.0,-19.0,19.0,5.0,-5.0
NO.107,-591.0,591.0,13.0,-13.0,-15.0,15.0
NO.108,-545.0,545.0,-37.0,37.0,-19.0,19.0
NO.109,-74.0,74.0,-100.0,100.0,-14.0,14.0
NO.110,-98.0,98.0,-14.0,14.0,-14.0,14.0
NO.111,-378.0,378.0,98.0,-98.0,14.0,-14.0
NO.112,-305.0,305.0,83.0,-83.0,5.0,-5.0
NO.113,161.0,-161.0,-47.0,47.0,-9.0,9.0
NO.114,-295.0,295.0,27.0,-27.0,-9.0,9.0
NO.115,-84.0,84.0,28.0,-28.0,0.0,0.0
NO.116,4.0,-4.0,-16.0,16.0,0.0,0.0
NO.117,-420.0,420.0,-28.0,28.0,0.0,0.0
NO.118,-14.0,14.0,42.0,-42.0,-14.0,14.0
NO.119,-114.0,114.0,6.0,-6.0,-2.0,2.0
NO.120,-271.0,271.0,27.0,-27.0,-31.0,31.0
NO.121,-77.0,77.0,-55.0,55.0,-19.0,19.0
NO.122,98.0,-98.0,-28.0,28.0,0.0,0.0
NO.123,0.0,0.0,0.0,0.0,0.0,0.0
NO.124,-126.0,126.0,-14.0,14.0,-14.0,14.0
NO.125,21.0,-21.0,-21.0,21.0,-7.0,7.0
NO.126,80.0,-80.0,-18.0,18.0,4.0,-4.0
NO.127,-84.0,84.0,8.0,-8.0,6.0,-6.0
NO.128,-257.0,257.0,-85.0,85.0,-29.0,29.0
NO.129,13.0,-13.0,-15.0,15.0,-15.0,15.0
NO.130,224.0,-224.0,-84.0,84.0,0.0,0.0
NO.131,0.0,0.0,-56.0,56.0,0.0,0.0
NO.132,-103.0,103.0,3.0,-3.0,-1.0,1.0
NO.133,-56.0,56.0,56.0,-56.0,0.0,0.0
NO.134,9.0,-9.0,9.0,-9.0,-9.0,9.0
NO.135,-47.0,47.0,11.0,-11.0,-9.0,9.0
NO.136,182.0,-182.0,-28.0,28.0,14.0,-14.0
NO.137,306.0,-306.0,-68.0,68.0,0.0,0.0
NO.138,147.0,-147.0,-87.0,87.0,-15.0,15.0
NO.139,14.0,-14.0,-14.0,14.0,14.0,-14.0
NO.140,-78.0,78.0,-42.0,42.0,-6.0,6.0
NO.141,138.0,-138.0,-58.0,58.0,0.0,0.0
NO.142,-14.0,14.0,-38.0,38.0,0.0,0.0
NO.143,-52.0,52.0,-16.0,16.0,-8.0,8.0
NO.144,108.0,-108.0,-18.0,18.0,0.0,0.0
NO.145,-86.0,86.0,28.0,-28.0,-10.0,10.0
NO.146,152.0,-152.0,-2.0,2.0,0.0,0.0
NO.147,476.0,-476.0,-56.0,56.0,-28.0,28.0
NO.148,36.0,-36.0,86.0,-86.0,6.0,-6.0
NO.149,-334.0,334.0,0.0,0.0,0.0,0.0
NO.150,-16.0,16.0,-18.0,18.0,0.0,0.0
NO.151,-119.0,119.0,95.0,-95.0,7.0,-7.0
NO.152,17.0,-17.0,-13.0,13.0,-5.0,5.0
NO.153,126.0,-126.0,-14.0,14.0,-14.0,14.0
NO.154,116.0,-116.0,-36.0,36.0,0.0,0.0
NO.155,620.0,-620.0,-42.0,42.0,14.0,-14.0
NO.156,154.0,-154.0,0.0,0.0,0.0,0.0
NO.157,445.0,-445.0,-37.0,37.0,-19.0,19.0
NO.158,-56.0,56.0,-28.0,28.0,0.0,0.0
NO.159,2.0,-2.0,56.0,-56.0,-12.0,12.0
NO.160,-83.0,83.0,45.0,-45.0,1.0,-1.0
NO.161,92.0,-92.0,-40.0,40.0,0.0,0.0
NO.162,-84.0,84.0,84.0,-84.0,0.0,0.0
NO.163,324.0,-324.0,0.0,0.0,0.0,0.0
NO.164,249.0,-249.0,-17.0,17.0,-3.0,3.0
NO.165,0.0,0.0,0.0,0.0,0.0,0.0
NO.166,89.0,-89.0,47.0,-47.0,1.0,-1.0
NO.167,-49.0,49.0,21.0,-21.0,7.0,-7.0
NO.168,0.0,0.0,0.0,0.0,0.0,0.0
NO.169,157.0,-157.0,-25.0,25.0,-5.0,5.0
NO.170,98.0,-98.0,14.0,-14.0,14.0,-14.0
NO.171,-32.0,32.0,40.0,-40.0,0.0,0.0
NO.172,328.0,-328.0,-78.0,78.0,0.0,0.0
NO.173,-28.0,28.0,14.0,-14.0,0.0,0.0
NO.174,14.0,-14.0,-14.0,14.0,14.0,-14.0
NO.175,6.0,-6.0,6.0,-6.0,0.0,0.0
NO.176,252.0,-252.0,-96.0,96.0,0.0,0.0
NO.177,239.0,-239.0,-47.0,47.0,9.0,-9.0
NO.178,98.0,-98.0,-42.0,42.0,0.0,0.0
NO.179,364.0,-364.0,56.0,-56.0,0.0,0.0
NO.180,244.0,-244.0,-38.0,38.0,0.0,0.0
NO.181,200.0,-200.0,0.0,0.0,0.0,0.0
NO.182,662.0,-662.0,-116.0,116.0,0.0,0.0
NO.183,140.0,-140.0,-20.0,20.0,0.0,0.0
NO.184,19.0,-19.0,57.0,-57.0,19.0,-19.0
NO.185,111.0,-111.0,-23.0,23.0,-7.0,7.0
NO.186,20.0,-20.0,0.0,0.0,0.0,0.0
NO.187,146.0,-146.0,88.0,-88.0,0.0,0.0
NO.188,252.0,-252.0,-4.0,4.0,-4.0,4.0
NO.189,372.0,-372.0,28.0,-28.0,0.0,0.0
NO.190,-139.0,139.0,11.0,-11.0,1.0,-1.0
NO.191,93.0,-93.0,-13.0,13.0,-1.0,1.0
NO.192,5.0,-5.0,1.0,-1.0,5.0,-5.0
NO.193,0.0,0.0,0.0,0.0,0.0,0.0
NO.194,152.0,-152.0,-18.0,18.0,0.0,0.0
NO.195,418.0,-418.0,-72.0,72.0,-14.0,14.0
NO.196,170.0,-170.0,-28.0,28.0,0.0,0.0
NO.197,43.0,-43.0,13.0,-13.0,-23.0,23.0
NO.198,218.0,-218.0,0.0,0.0,0.0,0.0
NO.199,62.0,-62.0,-58.0,58.0,0.0,0.0
NO.200,-73.0,73.0,23.0,-23.0,1.0,-1.0
NO.201,23.0,-23.0,57.0,-57.0,-29.0,29.0
NO.202,-40.0,40.0,-8.0,8.0,0.0,0.0
NO.203,0.0,0.0,0.0,0.0,0.0,0.0
NO.204,106.0,-106.0,-12.0,12.0,0.0,0.0
NO.205,0.0,0.0,0.0,0.0,0.0,0.0
NO.206,0.0,0.0,174.0,-174.0,0.0,0.0
NO.207,60.0,-60.0,20.0,-20.0,0.0,0.0
NO.208,0.0,0.0,0.0,0.0,0.0,0.0
NO.209,0.0,0.0,0.0,0.0,0.0,0.0
NO.210,336.0,-336.0,56.0,-56.0,0.0,0.0
NO.211,55.0,-55.0,-5.0,5.0,5.0,-5.0
NO.212,81.0,-81.0,-27.0,27.0,-9.0,9.0
NO.213,411.0,-411.0,-57.0,57.0,-37.0,37.0
NO.214,220.0,-220.0,34.0,-34.0,-4.0,4.0
NO.215,-90.0,90.0,0.0,0.0,0.0,0.0
NO.216,12.0,-12.0,2.0,-2.0,-4.0,4.0
NO.217,128.0,-128.0,-2.0,2.0,-4.0,4.0
NO.218,141.0,-141.0,-37.0,37.0,-13.0,13.0
NO.219,0.0,0.0,0.0,0.0,0.0,0.0
NO.220,21.0,-21.0,107.0,-107.0,13.0,-13.0
NO.221,272.0,-272.0,88.0,-88.0,2.0,-2.0
NO.222,14.0,-14.0,-18.0,18.0,14.0,-14.0
NO.223,-71.0,71.0,43.0,-43.0,-15.0,15.0
NO.224,60.0,-60.0,54.0,-54.0,-2.0,2.0
NO.225,-252.0,252.0,-28.0,28.0,0.0,0.0
NO.226,72.0,-72.0,82.0,-82.0,0.0,0.0
NO.227,42.0,-42.0,-14.0,14.0,14.0,-14.0
NO.228,126.0,-126.0,72.0,-72.0,6.0,-6.0
NO.229,21.0,-21.0,49.0,-49.0,7.0,-7.0
NO.230,99.0,-99.0,27.0,-27.0,-3.0,3.0
NO.231,319.0,-319.0,93.0,-93.0,7.0,-7.0
NO.232,9.0,-9.0,63.0,-63.0,9.0,-9.0
NO.233,-32.0,32.0,78.0,-78.0,4.0,-4.0
NO.234,143.0,-143.0,21.0,-21.0,-7.0,7.0
NO.235,192.0,-192.0,76.0,-76.0,0.0,0.0
NO.236,0.0,0.0,0.0,0.0,0.0,0.0
NO.237,192.0,-192.0,-24.0,24.0,0.0,0.0
NO.238,80.0,-80.0,0.0,0.0,0.0,0.0
NO.239,154.0,-154.0,60.0,-60.0,0.0,0.0
NO.240,327.0,-327.0,143.0,-143.0,5.0,-5.0
NO.241,230.0,-230.0,98.0,-98.0,4.0,-4.0
NO.242,168.0,-168.0,-56.0,56.0,-28.0,28.0
NO.243,127.0,-127.0,245.0,-245.0,15.0,-15.0
NO.244,-182.0,182.0,42.0,-42.0,14.0,-14.0
NO.245,48.0,-48.0,112.0,-112.0,0.0,0.0
NO.246,8.0,-8.0,-24.0,24.0,0.0,0.0
NO.247,-16.0,16.0,188.0,-188.0,14.0,-14.0
NO.248,-42.0,42.0,126.0,-126.0,14.0,-14.0
NO.249,185.0,-185.0,101.0,-101.0,5.0,-5.0
NO.250,146.0,-146.0,286.0,-286.0,28.0,-28.0
NO.251,14.0,-14.0,98.0,-98.0,14.0,-14.0
NO.252,-54.0,54.0,118.0,-118.0,0.0,0.0
NO.253,306.0,-306.0,188.0,-188.0,0.0,0.0
NO.254,70.0,-70.0,210.0,-210.0,14.0,-14.0
NO.255,462.0,-462.0,346.0,-346.0,24.0,-24.0
NO.256,19.0,-19.0,133.0,-133.0,19.0,-19.0
NO.257,-5.0,5.0,171.0,-171.0,1.0,-1.0
NO.258,256.0,-256.0,132.0,-132.0,8.0,-8.0
NO.259,459.0,-459.0,263.0,-263.0,21.0,-21.0
NO.260,42.0,-42.0,182.0,-182.0,14.0,-14.0
NO.261,-180.0,180.0,30.0,-30.0,0.0,0.0
NO.262,166.0,-166.0,72.0,-72.0,0.0,0.0
NO.263,-60.0,60.0,-10.0,10.0,0.0,0.0
NO.264,10.0,-10.0,90.0,-90.0,10.0,-10.0
NO.265,0.0,0.0,0.0,0.0,0.0,0.0
NO.266,142.0,-142.0,88.0,-88.0,6.0,-6.0
NO.267,155.0,-155.0,189.0,-189.0,15.0,-15.0
NO.268,59.0,-59.0,43.0,-43.0,-1.0,1.0
NO.269,14.0,-14.0,98.0,-98.0,14.0,-14.0
NO.270,172.0,-172.0,40.0,-40.0,0.0,0.0
NO.271,156.0,-156.0,20.0,-20.0,0.0,0.0
NO.272,28.0,-28.0,20.0,-20.0,0.0,0.0
NO.273,-377.0,377.0,221.0,-221.0,-11.0,11.0
NO.274,168.0,-168.0,0.0,0.0,0.0,0.0
NO.275,-277.0,277.0,163.0,-163.0,-29.0,29.0
NO.276,356.0,-356.0,162.0,-162.0,-28.0,28.0
NO.277,288.0,-288.0,168.0,-168.0,0.0,0.0
NO.278,21.0,-21.0,105.0,-105.0,-7.0,7.0
NO.279,10.0,-10.0,58.0,-58.0,-18.0,18.0
NO.280,329.0,-329.0,133.0,-133.0,-35.0,35.0
NO.281,126.0,-126.0,18.0,-18.0,-14.0,14.0
NO.282,-138.0,138.0,22.0,-22.0,0.0,0.0
NO.283,126.0,-126.0,72.0,-72.0,0.0,0.0
NO.284,226.0,-226.0,-22.0,22.0,0.0,0.0
NO.285,162.0,-162.0,126.0,-126.0,-14.0,14.0
NO.286,-56.0,56.0,152.0,-152.0,0.0,0.0
NO.287,-41.0,41.0,-9.0,9.0,-11.0,11.0
NO.288,-45.0,45.0,19.0,-19.0,-3.0,3.0
NO.289,-112.0,112.0,0.0,0.0,0.0,0.0
NO.290,28.0,-28.0,84.0,-84.0,0.0,0.0
NO.291,160.0,-160.0,48.0,-48.0,-6.0,6.0
NO.292,690.0,-690.0,144.0,-144.0,0.0,0.0
NO.293,516.0,-516.0,116.0,-116.0,0.0,0.0
NO.294,-3.0,3.0,117.0,-117.0,9.0,-9.0
NO.295,68.0,-68.0,96.0,-96.0,2.0,-2.0
NO.296,50.0,-50.0,212.0,-212.0,0.0,0.0
NO.297,277.0,-277.0,183.0,-183.0,1.0,-1.0
NO.298,214.0,-214.0,66.0,-66.0,2.0,-2.0
NO.299,110.0,-110.0,144.0,-144.0,6.0,-6.0
NO.300,204.0,-204.0,56.0,-56.0,-18.0,18.0
NO.301,164.0,-164.0,102.0,-102.0,4.0,-4.0
NO.302,9.0,-9.0,77.0,-77.0,-1.0,1.0
NO.303,-36.0,36.0,60.0,-60.0,-2.0,2.0
NO.304,-31.0,31.0,83.0,-83.0,9.0,-9.0
NO.305,230.0,-230.0,98.0,-98.0,0.0,0.0
NO.306,238.0,-238.0,70.0,-70.0,0.0,0.0
NO.307,-308.0,308.0,-76.0,76.0,0.0,0.0
NO.308,-69.0,69.0,211.0,-211.0,19.0,-19.0
NO.309,-168.0,168.0,56.0,-56.0,18.0,-18.0
NO.310,-364.0,364.0,28.0,-28.0,0.0,0.0
NO.311,-231.0,231.0,35.0,-35.0,-7.0,7.0
NO.312,-14.0,14.0,182.0,-182.0,-14.0,14.0
NO.313,-7.0,7.0,133.0,-133.0,7.0,-7.0
NO.314,-208.0,208.0,32.0,-32.0,0.0,0.0
NO.315,-100.0,100.0,194.0,-194.0,12.0,-12.0
NO.316,14.0,-14.0,42.0,-42.0,14.0,-14.0
NO.317,13.0,-13.0,67.0,-67.0,-19.0,19.0
NO.318,722.0,-722.0,70.0,-70.0,-20.0,20.0
NO.319,15.0,-15.0,105.0,-105.0,15.0,-15.0
NO.320,0.0,0.0,84.0,-84.0,0.0,0.0
NO.321,-76.0,76.0,40.0,-40.0,0.0,0.0
NO.322,300.0,-300.0,-184.0,184.0,14.0,-14.0
NO.323,18.0,-18.0,8.0,-8.0,8.0,-8.0
NO.324,46.0,-46.0,278.0,-278.0,28.0,-28.0
NO.325,-126.0,126.0,210.0,-210.0,14.0,-14.0
NO.326,-223.0,223.0,207.0,-207.0,3.0,-3.0
NO.327,25.0,-25.0,49.0,-49.0,-1.0,1.0
NO.328,-16.0,16.0,26.0,-26.0,0.0,0.0
NO.329,-53.0,53.0,71.0,-71.0,1.0,-1.0
NO.330,-252.0,252.0,0.0,0.0,0.0,0.0
NO.331,44.0,-44.0,46.0,-46.0,14.0,-14.0
NO.332,-112.0,112.0,168.0,-168.0,0.0,0.0
NO.333,-130.0,130.0,140.0,-140.0,-8.0,8.0
NO.334,-154.0,154.0,42.0,-42.0,0.0,0.0
NO.335,-129.0,129.0,43.0,-43.0,-15.0,15.0
NO.336,-219.0,219.0,81.0,-81.0,-9.0,9.0
NO.337,9.0,-9.0,-103.0,103.0,9.0,-9.0
NO.338,23.0,-23.0,75.0,-75.0,-11.0,11.0
NO.339,-3.0,3.0,117.0,-117.0,1.0,-1.0
NO.340,-113.0,113.0,99.0,-99.0,15.0,-15.0
NO.341,-22.0,22.0,-94.0,94.0,-16.0,16.0
NO.342,-69.0,69.0,161.0,-161.0,43.0,-43.0
NO.343,-42.0,42.0,42.0,-42.0,-14.0,14.0
NO.344,126.0,-126.0,-14.0,14.0,14.0,-14.0
NO.345,-4.0,4.0,-14.0,14.0,-34.0,34.0
NO.346,72.0,-72.0,88.0,-88.0,0.0,0.0
NO.347,160.0,-160.0,-2.0,2.0,10.0,-10.0
NO.348,224.0,-224.0,38.0,-38.0,0.0,0.0
NO.349,1727.0,-1727.0,99.0,-99.0,-141.0,141.0
NO.350,2080.0,-2080.0,156.0,-156.0,-212.0,212.0
NO.351,1467.0,-1467.0,183.0,-183.0,-99.0,99.0
NO.352,86.0,-86.0,162.0,-162.0,-10.0,10.0
NO.353,15.0,-15.0,-23.0,23.0,7.0,-7.0
NO.354,9.0,-9.0,63.0,-63.0,9.0,-9.0
NO.355,109.0,-109.0,-31.0,31.0,7.0,-7.0
NO.356,104.0,-104.0,-40.0,40.0,-6.0,6.0
NO.357,0.0,0.0,-36.0,36.0,0.0,0.0
NO.358,155.0,-155.0,-59.0,59.0,15.0,-15.0
NO.359,294.0,-294.0,-14.0,14.0,14.0,-14.0
NO.360,96.0,-96.0,-40.0,40.0,-6.0,6.0
NO.361,28.0,-28.0,-40.0,40.0,6.0,-6.0
NO.362,229.0,-229.0,-63.0,63.0,-15.0,15.0
NO.363,72.0,-72.0,-30.0,30.0,10.0,-10.0
NO.364,41.0,-41.0,-15.0,15.0,-9.0,9.0
NO.365,-12.0,12.0,4.0,-4.0,14.0,-14.0
NO.366,168.0,-168.0,0.0,0.0,0.0,0.0
NO.367,171.0,-171.0,-45.0,45.0,-11.0,11.0
NO.368,0.0,0.0,0.0,0.0,0.0,0.0
NO.369,266.0,-266.0,-56.0,56.0,0.0,0.0
NO.370,294.0,-294.0,-56.0,56.0,0.0,0.0
NO.371,114.0,-114.0,-38.0,38.0,-18.0,18.0
NO.372,42.0,-42.0,14.0,-14.0,14.0,-14.0
NO.373,44.0,-44.0,-8.0,8.0,-14.0,14.0
NO.374,-20.0,20.0,10.0,-10.0,0.0,0.0
NO.375,90.0,-90.0,-22.0,22.0,-4.0,4.0
NO.376,392.0,-392.0,-84.0,84.0,-28.0,28.0
NO.377,19.0,-19.0,-3.0,3.0,-3.0,3.0
NO.378,130.0,-130.0,-56.0,56.0,0.0,0.0
NO.379,-192.0,192.0,38.0,-38.0,0.0,0.0
NO.380,-61.0,61.0,1.0,-1.0,-11.0,11.0
NO.381,20.0,-20.0,2.0,-2.0,-12.0,12.0
NO.382,-10.0,10.0,-10.0,10.0,10.0,-10.0
NO.383,786.0,-786.0,-30.0,30.0,-38.0,38.0
NO.384,-54.0,54.0,-36.0,36.0,0.0,0.0
NO.385,3.0,-3.0,-49.0,49.0,-5.0,5.0
NO.386,112.0,-112.0,-84.0,84.0,0.0,0.0
NO.387,-276.0,276.0,46.0,-46.0,12.0,-12.0
NO.388,-75.0,75.0,-19.0,19.0,-17.0,17.0
NO.389,126.0,-126.0,-42.0,42.0,-14.0,14.0
NO.390,125.0,-125.0,-27.0,27.0,-23.0,23.0
NO.391,54.0,-54.0,-18.0,18.0,0.0,0.0
NO.392,406.0,-406.0,-94.0,94.0,0.0,0.0
NO.393,-222.0,222.0,-58.0,58.0,0.0,0.0
NO.394,189.0,-189.0,-77.0,77.0,21.0,-21.0
NO.395,392.0,-392.0,0.0,0.0,0.0,0.0
NO.396,266.0,-266.0,-46.0,46.0,0.0,0.0
NO.397,157.0,-157.0,-65.0,65.0,-9.0,9.0
NO.398,43.0,-43.0,-23.0,23.0,-11.0,11.0
NO.399,142.0,-142.0,-54.0,54.0,-14.0,14.0
NO.400,86.0,-86.0,-88.0,88.0,0.0,0.0
NO.401,313.0,-313.0,1.0,-1.0,-29.0,29.0
NO.402,172.0,-172.0,-62.0,62.0,-22.0,22.0
NO.403,70.0,-70.0,-10.0,10.0,10.0,-10.0
NO.404,102.0,-102.0,-44.0,44.0,14.0,-14.0
NO.405,632.0,-632.0,-98.0,98.0,-14.0,14.0
NO.406,536.0,-536.0,-56.0,56.0,-18.0,18.0
NO.407,116.0,-116.0,-58.0,58.0,0.0,0.0
NO.408,0.0,0.0,28.0,-28.0,0.0,0.0
NO.409,280.0,-280.0,-54.0,54.0,-16.0,16.0
NO.410,48.0,-48.0,0.0,0.0,0.0,0.0
NO.411,214.0,-214.0,-122.0,122.0,28.0,-28.0
NO.412,129.0,-129.0,-51.0,51.0,-23.0,23.0
NO.413,392.0,-392.0,0.0,0.0,0.0,0.0
NO.414,328.0,-328.0,-102.0,102.0,-12.0,12.0
NO.415,0.0,0.0,0.0,0.0,14.0,-14.0
NO.416,101.0,-101.0,-49.0,49.0,-15.0,15.0
NO.417,273.0,-273.0,-93.0,93.0,-21.0,21.0
NO.418,280.0,-280.0,-100.0,100.0,-32.0,32.0
NO.419,-45.0,45.0,15.0,-15.0,-15.0,15.0
NO.420,18.0,-18.0,-34.0,34.0,0.0,0.0
NO.421,21.0,-21.0,-1.0,1.0,-19.0,19.0
NO.422,11.0,-11.0,9.0,-9.0,-9.0,9.0
NO.423,87.0,-87.0,-29.0,29.0,-29.0,29.0
NO.424,332.0,-332.0,-66.0,66.0,-10.0,10.0
NO.425,-12.0,12.0,6.0,-6.0,-2.0,2.0
NO.426,146.0,-146.0,-56.0,56.0,0.0,0.0
NO.427,20.0,-20.0,-8.0,8.0,-2.0,2.0
NO.428,79.0,-79.0,-21.0,21.0,-7.0,7.0
NO.429,56.0,-56.0,-56.0,56.0,28.0,-28.0
NO.430,245.0,-245.0,-35.0,35.0,-7.0,7.0
NO.431,1425.0,-1425.0,57.0,-57.0,-113.0,113.0
NO.432,552.0,-552.0,-18.0,18.0,-38.0,38.0
NO.433,99.0,-99.0,-27.0,27.0,-9.0,9.0
NO.434,-45.0,45.0,-17.0,17.0,-11.0,11.0
NO.435,14.0,-14.0,-14.0,14.0,14.0,-14.0
NO.436,-84.0,84.0,0.0,0.0,0.0,0.0
NO.437,-54.0,54.0,-20.0,20.0,0.0,0.0
NO.438,-144.0,144.0,0.0,0.0,8.0,-8.0
NO.439,369.0,-369.0,-19.0,19.0,-19.0,19.0
NO.440,237.0,-237.0,-45.0,45.0,-15.0,15.0
NO.441,0.0,0.0,0.0,0.0,0.0,0.0
NO.442,42.0,-42.0,-14.0,14.0,14.0,-14.0
NO.443,265.0,-265.0,-27.0,27.0,-3.0,3.0
NO.444,155.0,-155.0,-15.0,15.0,-15.0,15.0
NO.445,98.0,-98.0,-42.0,42.0,-14.0,14.0
NO.446,114.0,-114.0,-16.0,16.0,-6.0,6.0
NO.447,140.0,-140.0,-56.0,56.0,-28.0,28.0
NO.448,101.0,-101.0,-57.0,57.0,-9.0,9.0
NO.449,563.0,-563.0,-59.0,59.0,-29.0,29.0
NO.450,154.0,-154.0,-14.0,14.0,-14.0,14.0
NO.451,402.0,-402.0,-44.0,44.0,-6.0,6.0
NO.452,62.0,-62.0,-28.0,28.0,6.0,-6.0
NO.453,126.0,-126.0,-70.0,70.0,14.0,-14.0
NO.454,42.0,-42.0,-12.0,12.0,-6.0,6.0
NO.455,0.0,0.0,0.0,0.0,0.0,0.0
NO.456,35.0,-35.0,-25.0,25.0,-25.0,25.0
NO.457,132.0,-132.0,-68.0,68.0,-4.0,4.0
NO.458,66.0,-66.0,-36.0,36.0,-10.0,10.0
NO.459,54.0,-54.0,-18.0,18.0,0.0,0.0
NO.460,0.0,0.0,0.0,0.0,0.0,0.0
NO.461,-145.0,145.0,-9.0,9.0,9.0,-9.0
NO.462,-70.0,70.0,-98.0,98.0,-14.0,14.0
NO.463,-163.0,163.0,63.0,-63.0,-35.0,35.0
NO.464,59.0,-59.0,1.0,-1.0,-7.0,7.0
NO.465,0.0,0.0,0.0,0.0,0.0,0.0
NO.466,185.0,-185.0,-73.0,73.0,-1.0,1.0
NO.467,-35.0,35.0,35.0,-35.0,21.0,-21.0
NO.468,48.0,-48.0,6.0,-6.0,0.0,0.0
NO.469,-55.0,55.0,-59.0,59.0,29.0,-29.0
NO.470,69.0,-69.0,-37.0,37.0,-7.0,7.0
NO.471,147.0,-147.0,-45.0,45.0,-11.0,11.0
NO.472,24.0,-24.0,-8.0,8.0,-32.0,32.0
NO.473,57.0,-57.0,-19.0,19.0,-19.0,19.0
NO.474,98.0,-98.0,-14.0,14.0,-14.0,14.0
NO.475,251.0,-251.0,29.0,-29.0,1.0,-1.0
NO.476,186.0,-186.0,-6.0,6.0,-42.0,42.0
NO.477,30.0,-30.0,50.0,-50.0,-10.0,10.0
NO.478,355.0,-355.0,163.0,-163.0,3.0,-3.0
NO.479,212.0,-212.0,120.0,-120.0,-6.0,6.0
NO.480,308.0,-308.0,-84.0,84.0,-28.0,28.0
NO.481,363.0,-363.0,37.0,-37.0,-17.0,17.0
NO.482,4.0,-4.0,154.0,-154.0,0.0,0.0
NO.483,157.0,-157.0,139.0,-139.0,-21.0,21.0
NO.484,-669.0,669.0,103.0,-103.0,-43.0,43.0
NO.485,-304.0,304.0,-68.0,68.0,-42.0,42.0
NO.486,106.0,-106.0,100.0,-100.0,10.0,-10.0
NO.487,456.0,-456.0,28.0,-28.0,0.0,0.0
NO.488,166.0,-166.0,506.0,-506.0,22.0,-22.0
NO.489,280.0,-280.0,140.0,-140.0,0.0,0.0
NO.490,347.0,-347.0,15.0,-15.0,-21.0,21.0
NO.491,-921.0,921.0,303.0,-303.0,-71.0,71.0
NO.492,549.0,-549.0,-85.0,85.0,-9.0,9.0
NO.493,630.0,-630.0,14.0,-14.0,-14.0,14.0
NO.494,129.0,-129.0,147.0,-147.0,-1.0,1.0
NO.495,512.0,-512.0,0.0,0.0,0.0,0.0
NO.496,322.0,-322.0,14.0,-14.0,14.0,-14.0
NO.497,172.0,-172.0,60.0,-60.0,0.0,0.0
NO.498,300.0,-300.0,-54.0,54.0,0.0,0.0
NO.499,219.0,-219.0,-25.0,25.0,-25.0,25.0
NO.500,332.0,-332.0,88.0,-88.0,0.0,0.0
NO.501,160.0,-160.0,92.0,-92.0,-34.0,34.0
NO.502,192.0,-192.0,-24.0,24.0,-8.0,8.0
NO.503,-66.0,66.0,158.0,-158.0,28.0,-28.0
NO.504,180.0,-180.0,-28.0,28.0,-4.0,4.0
NO.505,32.0,-32.0,-152.0,152.0,-38.0,38.0
NO.506,511.0,-511.0,-105.0,105.0,-21.0,21.0
NO.507,330.0,-330.0,2.0,-2.0,-28.0,28.0
NO.508,252.0,-252.0,94.0,-94.0,0.0,0.0
NO.509,236.0,-236.0,0.0,0.0,-18.0,18.0
NO.510,-28.0,28.0,28.0,-28.0,28.0,-28.0
NO.511,201.0,-201.0,111.0,-111.0,29.0,-29.0
NO.512,300.0,-300.0,22.0,-22.0,-4.0,4.0
NO.513,294.0,-294.0,42.0,-42.0,42.0,-42.0
NO.514,-122.0,122.0,64.0,-64.0,-28.0,28.0
NO.515,377.0,-377.0,-67.0,67.0,-29.0,29.0
NO.516,42.0,-42.0,14.0,-14.0,-14.0,14.0
NO.517,130.0,-130.0,-14.0,14.0,44.0,-44.0
NO.518,-44.0,44.0,228.0,-228.0,0.0,0.0
NO.519,-357.0,357.0,187.0,-187.0,-15.0,15.0
NO.520,52.0,-52.0,86.0,-86.0,6.0,-6.0
NO.521,348.0,-348.0,-58.0,58.0,0.0,0.0
NO.522,-10.0,10.0,-14.0,14.0,0.0,0.0
NO.523,322.0,-322.0,-42.0,42.0,-14.0,14.0
NO.524,568.0,-568.0,-28.0,28.0,0.0,0.0
NO.525,136.0,-136.0,40.0,-40.0,0.0,0.0
NO.526,269.0,-269.0,51.0,-51.0,-9.0,9.0
NO.527,110.0,-110.0,24.0,-24.0,0.0,0.0
NO.528,219.0,-219.0,85.0,-85.0,-9.0,9.0
NO.529,51.0,-51.0,39.0,-39.0,-5.0,5.0
NO.530,128.0,-128.0,150.0,-150.0,0.0,0.0
NO.531,-10.0,10.0,72.0,-72.0,-4.0,4.0
NO.532,-14.0,14.0,52.0,-52.0,6.0,-6.0
NO.533,104.0,-104.0,-200.0,200.0,-16.0,16.0
NO.534,-23.0,23.0,55.0,-55.0,11.0,-11.0
NO.535,164.0,-164.0,52.0,-52.0,6.0,-6.0
NO.536,378.0,-378.0,-56.0,56.0,0.0,0.0
NO.537,45.0,-45.0,11.0,-11.0,1.0,-1.0
NO.538,-29.0,29.0,19.0,-19.0,-1.0,1.0
NO.539,33.0,-33.0,59.0,-59.0,7.0,-7.0
NO.540,-70.0,70.0,28.0,-28.0,0.0,0.0
NO.541,-84.0,84.0,108.0,-108.0,-28.0,28.0
NO.542,265.0,-265.0,-5.0,5.0,-3.0,3.0
NO.543,224.0,-224.0,28.0,-28.0,0.0,0.0
NO.544,-144.0,144.0,0.0,0.0,-24.0,24.0
NO.545,222.0,-222.0,16.0,-16.0,6.0,-6.0
NO.546,-29.0,29.0,-9.0,9.0,3.0,-3.0
NO.547,-28.0,28.0,-84.0,84.0,0.0,0.0
NO.548,180.0,-180.0,108.0,-108.0,-4.0,4.0
NO.549,287.0,-287.0,-77.0,77.0,-17.0,17.0
NO.550,66.0,-66.0,-8.0,8.0,-8.0,8.0
NO.551,194.0,-194.0,-28.0,28.0,-10.0,10.0
NO.552,-15.0,15.0,15.0,-15.0,15.0,-15.0
NO.553,26.0,-26.0,14.0,-14.0,-4.0,4.0
NO.554,284.0,-284.0,86.0,-86.0,0.0,0.0
NO.555,78.0,-78.0,-2.0,2.0,-2.0,2.0
NO.556,38.0,-38.0,148.0,-148.0,0.0,0.0
NO.557,-74.0,74.0,74.0,-74.0,-16.0,16.0
NO.558,185.0,-185.0,-73.0,73.0,-19.0,19.0
NO.559,72.0,-72.0,72.0,-72.0,18.0,-18.0
NO.560,274.0,-274.0,60.0,-60.0,-6.0,6.0
NO.561,0.0,0.0,0.0,0.0,0.0,0.0
NO.562,242.0,-242.0,36.0,-36.0,0.0,0.0
NO.563,24.0,-24.0,152.0,-152.0,0.0,0.0
NO.564,88.0,-88.0,-16.0,16.0,0.0,0.0
NO.565,-18.0,18.0,6.0,-6.0,-6.0,6.0
NO.566,60.0,-60.0,148.0,-148.0,0.0,0.0
NO.567,-28.0,28.0,28.0,-28.0,0.0,0.0
NO.568,12.0,-12.0,8.0,-8.0,0.0,0.0
NO.569,-4.0,4.0,188.0,-188.0,12.0,-12.0
NO.570,2.0,-2.0,154.0,-154.0,6.0,-6.0
NO.571,-90.0,90.0,22.0,-22.0,2.0,-2.0
NO.572,-49.0,49.0,7.0,-7.0,7.0,-7.0
NO.573,-10.0,10.0,-2.0,2.0,4.0,-4.0
NO.574,-11.0,11.0,29.0,-29.0,-1.0,1.0
NO.575,-248.0,248.0,64.0,-64.0,0.0,0.0
NO.576,-56.0,56.0,196.0,-196.0,28.0,-28.0
NO.577,283.0,-283.0,41.0,-41.0,3.0,-3.0
NO.578,106.0,-106.0,48.0,-48.0,-48.0,48.0
NO.579,-237.0,237.0,217.0,-217.0,43.0,-43.0
NO.580,404.0,-404.0,-86.0,86.0,-8.0,8.0
NO.581,168.0,-168.0,-14.0,14.0,-14.0,14.0
NO.582,56.0,-56.0,154.0,-154.0,14.0,-14.0
NO.583,-57.0,57.0,31.0,-31.0,-3.0,3.0
NO.584,125.0,-125.0,179.0,-179.0,-5.0,5.0
NO.585,168.0,-168.0,96.0,-96.0,16.0,-16.0
NO.586,0.0,0.0,210.0,-210.0,28.0,-28.0
NO.587,-51.0,51.0,-7.0,7.0,9.0,-9.0
NO.588,46.0,-46.0,140.0,-140.0,10.0,-10.0
NO.589,8.0,-8.0,-16.0,16.0,4.0,-4.0
NO.590,1.0,-1.0,-1.0,1.0,-1.0,1.0
NO.591,144.0,-144.0,168.0,-168.0,0.0,0.0
NO.592,-138.0,138.0,18.0,-18.0,2.0,-2.0
NO.593,-7.0,7.0,77.0,-77.0,-7.0,7.0
NO.594,-106.0,106.0,0.0,0.0,0.0,0.0
NO.595,-105.0,105.0,195.0,-195.0,-21.0,21.0
NO.596,-105.0,105.0,177.0,-177.0,27.0,-27.0
NO.597,48.0,-48.0,126.0,-126.0,-2.0,2.0
NO.598,36.0,-36.0,138.0,-138.0,22.0,-22.0
NO.599,233.0,-233.0,69.0,-69.0,-9.0,9.0
NO.600,-6.0,6.0,154.0,-154.0,20.0,-20.0
NO.601,14.0,-14.0,98.0,-98.0,28.0,-28.0
NO.602,172.0,-172.0,36.0,-36.0,0.0,0.0
NO.603,7.0,-7.0,49.0,-49.0,1.0,-1.0
NO.604,-102.0,102.0,182.0,-182.0,10.0,-10.0
NO.605,199.0,-199.0,211.0,-211.0,7.0,-7.0
NO.606,454.0,-454.0,20.0,-20.0,0.0,0.0
NO.607,-35.0,35.0,-49.0,49.0,-7.0,7.0
NO.608,196.0,-196.0,28.0,-28.0,0.0,0.0
NO.609,626.0,-626.0,-114.0,114.0,0.0,0.0
NO.610,111.0,-111.0,23.0,-23.0,7.0,-7.0
NO.611,16.0,-16.0,14.0,-14.0,-2.0,2.0
NO.612,35.0,-35.0,95.0,-95.0,-15.0,15.0
NO.613,-23.0,23.0,65.0,-65.0,17.0,-17.0
NO.614,-92.0,92.0,150.0,-150.0,0.0,0.0
NO.615,-271.0,271.0,125.0,-125.0,-3.0,3.0
NO.616,147.0,-147.0,193.0,-193.0,19.0,-19.0
NO.617,182.0,-182.0,126.0,-126.0,0.0,0.0
NO.618,42.0,-42.0,70.0,-70.0,-14.0,14.0
NO.619,-274.0,274.0,128.0,-128.0,-14.0,14.0
NO.620,-46.0,46.0,218.0,-218.0,14.0,-14.0
NO.621,201.0,-201.0,131.0,-131.0,19.0,-19.0
NO.622,9.0,-9.0,99.0,-99.0,9.0,-9.0
NO.623,-87.0,87.0,141.0,-141.0,-9.0,9.0
NO.624,19.0,-19.0,223.0,-223.0,37.0,-37.0
NO.625,35.0,-35.0,65.0,-65.0,5.0,-5.0
NO.626,227.0,-227.0,19.0,-19.0,-1.0,1.0
NO.627,-442.0,442.0,266.0,-266.0,42.0,-42.0
NO.628,-181.0,181.0,695.0,-695.0,99.0,-99.0
NO.629,-1008.0,1008.0,28.0,-28.0,0.0,0.0
NO.630,-1296.0,1296.0,86.0,-86.0,60.0,-60.0
NO.631,-540.0,540.0,0.0,0.0,0.0,0.0
NO.632,-1367.0,1367.0,155.0,-155.0,85.0,-85.0
NO.633,-1034.0,1034.0,248.0,-248.0,74.0,-74.0
NO.634,-1409.0,1409.0,255.0,-255.0,85.0,-85.0
NO.635,-995.0,995.0,347.0,-347.0,81.0,-81.0
NO.636,-1023.0,1023.0,17.0,-17.0,-1.0,1.0
NO.637,-1174.0,1174.0,84.0,-84.0,28.0,-28.0
NO.638,-1020.0,1020.0,262.0,-262.0,78.0,-78.0
NO.639,-550.0,550.0,140.0,-140.0,28.0,-28.0
NO.640,56.0,-56.0,154.0,-154.0,42.0,-42.0
NO.641,-976.0,976.0,10.0,-10.0,42.0,-42.0
NO.642,-713.0,713.0,101.0,-101.0,63.0,-63.0
NO.643,-329.0,329.0,65.0,-65.0,9.0,-9.0
NO.644,60.0,-60.0,84.0,-84.0,4.0,-4.0
NO.645,-155.0,155.0,-15.0,15.0,-15.0,15.0
NO.646,56.0,-56.0,-4.0,4.0,0.0,0.0
NO.647,46.0,-46.0,40.0,-40.0,0.0,0.0
NO.648,119.0,-119.0,77.0,-77.0,-7.0,7.0
NO.649,-28.0,28.0,168.0,-168.0,28.0,-28.0
NO.650,-79.0,79.0,133.0,-133.0,3.0,-3.0
NO.651,-480.0,480.0,136.0,-136.0,14.0,-14.0
NO.652,-17.0,17.0,141.0,-141.0,19.0,-19.0
NO.653,-188.0,188.0,72.0,-72.0,14.0,-14.0
NO.654,-546.0,546.0,28.0,-28.0,28.0,-28.0
NO.655,-424.0,424.0,10.0,-10.0,10.0,-10.0
NO.656,-356.0,356.0,0.0,0.0,0.0,0.0
NO.657,-252.0,252.0,20.0,-20.0,10.0,-10.0
NO.658,-68.0,68.0,-20.0,20.0,-22.0,22.0
NO.659,-138.0,138.0,10.0,-10.0,0.0,0.0
NO.660,-91.0,91.0,37.0,-37.0,19.0,-19.0
NO.661,-145.0,145.0,-17.0,17.0,5.0,-5.0
NO.662,-208.0,208.0,32.0,-32.0,10.0,-10.0
NO.663,-392.0,392.0,56.0,-56.0,0.0,0.0
NO.664,-577.0,577.0,7.0,-7.0,-9.0,9.0
NO.665,-175.0,175.0,47.0,-47.0,47.0,-47.0
NO.666,-133.0,133.0,35.0,-35.0,35.0,-35.0
NO.667,-482.0,482.0,22.0,-22.0,4.0,-4.0
NO.668,-63.0,63.0,7.0,-7.0,-7.0,7.0
NO.669,-126.0,126.0,14.0,-14.0,14.0,-14.0
NO.670,-200.0,200.0,34.0,-34.0,8.0,-8.0
NO.671,-140.0,140.0,32.0,-32.0,14.0,-14.0
NO.672,-161.0,161.0,41.0,-41.0,5.0,-5.0
NO.673,-63.0,63.0,21.0,-21.0,21.0,-21.0
NO.674,-406.0,406.0,42.0,-42.0,14.0,-14.0
NO.675,18.0,-18.0,0.0,0.0,0.0,0.0
NO.676,-14.0,14.0,14.0,-14.0,14.0,-14.0
NO.677,28.0,-28.0,0.0,0.0,0.0,0.0
NO.678,-280.0,280.0,56.0,-56.0,0.0,0.0
NO.679,-126.0,126.0,6.0,-6.0,2.0,-2.0
NO.680,-28.0,28.0,84.0,-84.0,-28.0,28.0
NO.681,-51.0,51.0,-15.0,15.0,9.0,-9.0
NO.682,-77.0,77.0,21.0,-21.0,7.0,-7.0
NO.683,23.0,-23.0,-55.0,55.0,19.0,-19.0
NO.684,-28.0,28.0,14.0,-14.0,0.0,0.0
NO.685,-112.0,112.0,84.0,-84.0,28.0,-28.0
NO.686,-340.0,340.0,62.0,-62.0,14.0,-14.0
NO.687,-229.0,229.0,21.0,-21.0,15.0,-15.0
NO.688,-154.0,154.0,14.0,-14.0,-14.0,14.0
NO.689,-38.0,38.0,8.0,-8.0,2.0,-2.0
NO.690,-129.0,129.0,123.0,-123.0,-9.0,9.0
NO.691,-419.0,419.0,-19.0,19.0,19.0,-19.0
NO.692,-420.0,420.0,58.0,-58.0,0.0,0.0
NO.693,133.0,-133.0,21.0,-21.0,-7.0,7.0
NO.694,-278.0,278.0,84.0,-84.0,6.0,-6.0
NO.695,-154.0,154.0,-42.0,42.0,-14.0,14.0
NO.696,155.0,-155.0,-127.0,127.0,5.0,-5.0
NO.697,0.0,0.0,0.0,0.0,0.0,0.0
NO.698,-39.0,39.0,-19.0,19.0,-7.0,7.0
NO.699,-196.0,196.0,-28.0,28.0,0.0,0.0
NO.700,-20.0,20.0,4.0,-4.0,0.0,0.0
NO.701,-28.0,28.0,42.0,-42.0,0.0,0.0
NO.702,-345.0,345.0,87.0,-87.0,29.0,-29.0
NO.703,-3.0,3.0,37.0,-37.0,-19.0,19.0
NO.704,42.0,-42.0,-14.0,14.0,0.0,0.0
NO.705,-6.0,6.0,50.0,-50.0,6.0,-6.0
NO.706,210.0,-210.0,70.0,-70.0,-14.0,14.0
NO.707,67.0,-67.0,73.0,-73.0,-15.0,15.0
NO.708,-155.0,155.0,51.0,-51.0,3.0,-3.0
NO.709,-259.0,259.0,85.0,-85.0,29.0,-29.0
NO.710,-110.0,110.0,46.0,-46.0,30.0,-30.0
NO.711,-317.0,317.0,47.0,-47.0,-19.0,19.0
NO.712,-27.0,27.0,9.0,-9.0,9.0,-9.0
NO.713,-88.0,88.0,0.0,0.0,0.0,0.0
NO.714,580.0,-580.0,16.0,-16.0,-36.0,36.0
NO.715,-31.0,31.0,23.0,-23.0,5.0,-5.0
NO.716,-101.0,101.0,-37.0,37.0,-5.0,5.0
NO.717,64.0,-64.0,-16.0,16.0,0.0,0.0
NO.718,224.0,-224.0,-38.0,38.0,0.0,0.0
NO.719,190.0,-190.0,0.0,0.0,0.0,0.0
NO.720,350.0,-350.0,-14.0,14.0,-14.0,14.0
NO.721,-28.0,28.0,12.0,-12.0,-4.0,4.0
NO.722,-7.0,7.0,-15.0,15.0,-5.0,5.0
NO.723,-2.0,2.0,6.0,-6.0,4.0,-4.0
NO.724,-28.0,28.0,0.0,0.0,0.0,0.0
NO.725,443.0,-443.0,35.0,-35.0,-57.0,57.0
NO.726,378.0,-378.0,14.0,-14.0,14.0,-14.0
NO.727,1416.0,-1416.0,114.0,-114.0,-70.0,70.0
NO.728,381.0,-381.0,15.0,-15.0,15.0,-15.0
NO.729,334.0,-334.0,-8.0,8.0,-10.0,10.0
NO.730,44.0,-44.0,10.0,-10.0,10.0,-10.0
NO.731,-322.0,322.0,-42.0,42.0,0.0,0.0
NO.732,-133.0,133.0,-55.0,55.0,11.0,-11.0
NO.733,35.0,-35.0,-81.0,81.0,-11.0,11.0
NO.734,-96.0,96.0,-32.0,32.0,0.0,0.0
NO.735,-130.0,130.0,-20.0,20.0,0.0,0.0
NO.736,-193.0,193.0,23.0,-23.0,21.0,-21.0
NO.737,-20.0,20.0,56.0,-56.0,0.0,0.0
NO.738,-28.0,28.0,-28.0,28.0,0.0,0.0
NO.739,84.0,-84.0,56.0,-56.0,0.0,0.0
NO.740,-98.0,98.0,-14.0,14.0,-14.0,14.0
NO.741,-38.0,38.0,6.0,-6.0,4.0,-4.0
NO.742,-146.0,146.0,-32.0,32.0,0.0,0.0
NO.743,-30.0,30.0,0.0,0.0,30.0,-30.0
NO.744,741.0,-741.0,121.0,-121.0,-63.0,63.0
NO.745,1169.0,-1169.0,97.0,-97.0,-97.0,97.0
NO.746,44.0,-44.0,28.0,-28.0,-10.0,10.0
NO.747,190.0,-190.0,-12.0,12.0,-12.0,12.0
NO.748,298.0,-298.0,22.0,-22.0,-22.0,22.0
NO.749,-238.0,238.0,98.0,-98.0,14.0,-14.0
NO.750,-86.0,86.0,2.0,-2.0,2.0,-2.0
NO.751,-210.0,210.0,42.0,-42.0,14.0,-14.0
NO.752,-28.0,28.0,4.0,-4.0,-4.0,4.0
NO.753,-352.0,352.0,-2.0,2.0,0.0,0.0
NO.754,-164.0,164.0,-36.0,36.0,-12.0,12.0
NO.755,-70.0,70.0,-42.0,42.0,-42.0,42.0
NO.756,-294.0,294.0,-42.0,42.0,14.0,-14.0
NO.757,-446.0,446.0,-10.0,10.0,0.0,0.0
NO.758,-27.0,27.0,-23.0,23.0,-11.0,11.0
NO.759,-308.0,308.0,56.0,-56.0,28.0,-28.0
NO.760,267.0,-267.0,15.0,-15.0,-13.0,13.0
NO.761,987.0,-987.0,67.0,-67.0,-71.0,71.0
NO.762,171.0,-171.0,57.0,-57.0,-29.0,29.0
NO.763,465.0,-465.0,-45.0,45.0,-43.0,43.0
NO.764,375.0,-375.0,23.0,-23.0,-21.0,21.0
NO.765,1192.0,-1192.0,10.0,-10.0,-34.0,34.0
NO.766,456.0,-456.0,56.0,-56.0,-28.0,28.0
NO.767,-283.0,283.0,45.0,-45.0,1.0,-1.0
NO.768,80.0,-80.0,2.0,-2.0,-14.0,14.0
NO.769,-98.0,98.0,0.0,0.0,0.0,0.0
NO.770,-32.0,32.0,76.0,-76.0,20.0,-20.0
NO.771,-259.0,259.0,57.0,-57.0,-1.0,1.0
NO.772,-391.0,391.0,55.0,-55.0,-19.0,19.0
NO.773,-49.0,49.0,-9.0,9.0,-25.0,25.0
NO.774,217.0,-217.0,-77.0,77.0,-7.0,7.0
NO.775,61.0,-61.0,17.0,-17.0,-19.0,19.0
NO.776,-9.0,9.0,9.0,-9.0,-9.0,9.0
NO.777,474.0,-474.0,116.0,-116.0,-84.0,84.0
NO.778,1457.0,-1457.0,41.0,-41.0,-157.0,157.0
NO.779,-29.0,29.0,9.0,-9.0,9.0,-9.0
NO.780,-336.0,336.0,-56.0,56.0,0.0,0.0
NO.781,-126.0,126.0,-28.0,28.0,10.0,-10.0
NO.782,0.0,0.0,0.0,0.0,0.0,0.0
NO.783,-62.0,62.0,-14.0,14.0,-2.0,2.0
NO.784,75.0,-75.0,45.0,-45.0,-15.0,15.0
NO.785,-64.0,64.0,0.0,0.0,8.0,-8.0
NO.786,-592.0,592.0,96.0,-96.0,8.0,-8.0
NO.787,-69.0,69.0,11.0,-11.0,-9.0,9.0
NO.788,83.0,-83.0,-1.0,1.0,23.0,-23.0
NO.789,-412.0,412.0,6.0,-6.0,6.0,-6.0
NO.790,54.0,-54.0,-18.0,18.0,0.0,0.0
NO.791,327.0,-327.0,-47.0,47.0,-9.0,9.0
NO.792,-168.0,168.0,22.0,-22.0,-10.0,10.0
NO.793,-315.0,315.0,-7.0,7.0,35.0,-35.0
NO.794,-315.0,315.0,-21.0,21.0,7.0,-7.0
NO.795,-396.0,396.0,56.0,-56.0,18.0,-18.0
NO.796,-274.0,274.0,-36.0,36.0,0.0,0.0
NO.797,0.0,0.0,-44.0,44.0,0.0,0.0
NO.798,-287.0,287.0,27.0,-27.0,11.0,-11.0
NO.799,-491.0,491.0,19.0,-19.0,19.0,-19.0
NO.800,-364.0,364.0,56.0,-56.0,0.0,0.0
NO.801,0.0,0.0,-56.0,56.0,0.0,0.0
NO.802,-378.0,378.0,-42.0,42.0,14.0,-14.0
NO.803,-448.0,448.0,0.0,0.0,0.0,0.0
NO.804,-298.0,298.0,18.0,-18.0,0.0,0.0
NO.805,-169.0,169.0,27.0,-27.0,-1.0,1.0
NO.806,-28.0,28.0,0.0,0.0,0.0,0.0
NO.807,-396.0,396.0,0.0,0.0,-18.0,18.0
NO.808,80.0,-80.0,8.0,-8.0,0.0,0.0
NO.809,-266.0,266.0,-14.0,14.0,-14.0,14.0
NO.810,-219.0,219.0,-41.0,41.0,15.0,-15.0
NO.811,-328.0,328.0,-18.0,18.0,32.0,-32.0
NO.812,-60.0,60.0,4.0,-4.0,4.0,-4.0
NO.813,-229.0,229.0,59.0,-59.0,-29.0,29.0
NO.814,-435.0,435.0,57.0,-57.0,-1.0,1.0
NO.815,134.0,-134.0,58.0,-58.0,-28.0,28.0
NO.816,462.0,-462.0,0.0,0.0,14.0,-14.0
NO.817,-123.0,123.0,29.0,-29.0,-9.0,9.0
NO.818,-68.0,68.0,-60.0,60.0,-4.0,4.0
NO.819,43.0,-43.0,-45.0,45.0,15.0,-15.0
NO.820,-56.0,56.0,-12.0,12.0,0.0,0.0
NO.821,-422.0,422.0,-8.0,8.0,8.0,-8.0
NO.822,-420.0,420.0,-28.0,28.0,-10.0,10.0
NO.823,0.0,0.0,0.0,0.0,0.0,0.0
NO.824,280.0,-280.0,-28.0,28.0,-28.0,28.0
NO.825,-140.0,140.0,28.0,-28.0,28.0,-28.0
NO.826,-99.0,99.0,-9.0,9.0,-9.0,9.0
NO.827,28.0,-28.0,28.0,-28.0,28.0,-28.0
NO.828,-116.0,116.0,-12.0,12.0,12.0,-12.0
NO.829,-75.0,75.0,19.0,-19.0,19.0,-19.0
NO.830,-102.0,102.0,-10.0,10.0,8.0,-8.0
NO.831,-233.0,233.0,-113.0,113.0,29.0,-29.0
NO.832,-203.0,203.0,-35.0,35.0,7.0,-7.0
NO.833,-280.0,280.0,-68.0,68.0,0.0,0.0
NO.834,-281.0,281.0,-13.0,13.0,11.0,-11.0
NO.835,-202.0,202.0,-32.0,32.0,14.0,-14.0
NO.836,-316.0,316.0,12.0,-12.0,12.0,-12.0
NO.837,-217.0,217.0,35.0,-35.0,-7.0,7.0
NO.838,-186.0,186.0,-16.0,16.0,14.0,-14.0
NO.839,-322.0,322.0,14.0,-14.0,0.0,0.0
NO.840,114.0,-114.0,-56.0,56.0,0.0,0.0
NO.841,-842.0,842.0,42.0,-42.0,0.0,0.0
NO.842,174.0,-174.0,-30.0,30.0,0.0,0.0
NO.843,-217.0,217.0,-7.0,7.0,7.0,-7.0
NO.844,73.0,-73.0,-17.0,17.0,19.0,-19.0
NO.845,-196.0,196.0,-56.0,56.0,0.0,0.0
NO.846,-575.0,575.0,77.0,-77.0,21.0,-21.0
NO.847,-252.0,252.0,2.0,-2.0,0.0,0.0
NO.848,183.0,-183.0,-57.0,57.0,-11.0,11.0
NO.849,-84.0,84.0,-56.0,56.0,0.0,0.0
NO.850,28.0,-28.0,14.0,-14.0,14.0,-14.0
NO.851,-182.0,182.0,14.0,-14.0,-14.0,14.0
NO.852,36.0,-36.0,18.0,-18.0,0.0,0.0
NO.853,-42.0,42.0,-42.0,42.0,-14.0,14.0
NO.854,48.0,-48.0,28.0,-28.0,10.0,-10.0
NO.855,-251.0,251.0,-55.0,55.0,19.0,-19.0
NO.856,-20.0,20.0,-28.0,28.0,0.0,0.0
NO.857,0.0,0.0,0.0,0.0,0.0,0.0
NO.858,-304.0,304.0,-56.0,56.0,0.0,0.0
NO.859,-49.0,49.0,-9.0,9.0,9.0,-9.0
NO.860,-116.0,116.0,-58.0,58.0,0.0,0.0
NO.861,-293.0,293.0,-11.0,11.0,5.0,-5.0
NO.862,-129.0,129.0,45.0,-45.0,7.0,-7.0
NO.863,-490.0,490.0,98.0,-98.0,14.0,-14.0
NO.864,-475.0,475.0,43.0,-43.0,-15.0,15.0
NO.865,-172.0,172.0,-12.0,12.0,12.0,-12.0
NO.866,21.0,-21.0,7.0,-7.0,21.0,-21.0
NO.867,-431.0,431.0,61.0,-61.0,9.0,-9.0
NO.868,-303.0,303.0,-7.0,7.0,3.0,-3.0
NO.869,-239.0,239.0,29.0,-29.0,-9.0,9.0
NO.870,-288.0,288.0,38.0,-38.0,0.0,0.0
NO.871,-306.0,306.0,22.0,-22.0,14.0,-14.0
NO.872,-154.0,154.0,0.0,0.0,0.0,0.0
NO.873,-462.0,462.0,14.0,-14.0,-14.0,14.0
NO.874,-599.0,599.0,-57.0,57.0,-1.0,1.0
NO.875,0.0,0.0,-28.0,28.0,0.0,0.0
NO.876,84.0,-84.0,0.0,0.0,-28.0,28.0
NO.877,-350.0,350.0,-14.0,14.0,-14.0,14.0
NO.878,-84.0,84.0,4.0,-4.0,4.0,-4.0
NO.879,-192.0,192.0,14.0,-14.0,14.0,-14.0
NO.880,-470.0,470.0,46.0,-46.0,0.0,0.0
NO.881,-392.0,392.0,28.0,-28.0,14.0,-14.0
NO.882,106.0,-106.0,-14.0,14.0,-14.0,14.0
NO.883,-140.0,140.0,-28.0,28.0,0.0,0.0
NO.884,-630.0,630.0,70.0,-70.0,-14.0,14.0
NO.885,-10.0,10.0,10.0,-10.0,10.0,-10.0
NO.886,-419.0,419.0,-3.0,3.0,-5.0,5.0
NO.887,272.0,-272.0,-36.0,36.0,36.0,-36.0
NO.888,-275.0,275.0,49.0,-49.0,9.0,-9.0
NO.889,-80.0,80.0,10.0,-10.0,0.0,0.0
NO.890,-128.0,128.0,-16.0,16.0,14.0,-14.0
NO.891,-476.0,476.0,8.0,-8.0,-10.0,10.0
NO.892,-385.0,385.0,-7.0,7.0,21.0,-21.0
NO.893,30.0,-30.0,-30.0,30.0,0.0,0.0
NO.894,-279.0,279.0,-25.0,25.0,-5.0,5.0
NO.895,210.0,-210.0,-42.0,42.0,14.0,-14.0
NO.896,-126.0,126.0,-42.0,42.0,-14.0,14.0
NO.897,-14.0,14.0,126.0,-126.0,-14.0,14.0
NO.898,-269.0,269.0,47.0,-47.0,23.0,-23.0
NO.899,-154.0,154.0,378.0,-378.0,14.0,-14.0
NO.900,-14.0,14.0,98.0,-98.0,-14.0,14.0
NO.901,-224.0,224.0,56.0,-56.0,28.0,-28.0
NO.902,-532.0,532.0,372.0,-372.0,30.0,-30.0
NO.903,-581.0,581.0,301.0,-301.0,15.0,-15.0
NO.904,-476.0,476.0,112.0,-112.0,0.0,0.0
NO.905,-241.0,241.0,209.0,-209.0,1.0,-1.0
NO.906,-174.0,174.0,80.0,-80.0,10.0,-10.0
NO.907,-232.0,232.0,118.0,-118.0,0.0,0.0
NO.908,-430.0,430.0,94.0,-94.0,0.0,0.0
NO.909,-253.0,253.0,65.0,-65.0,-9.0,9.0
NO.910,55.0,-55.0,135.0,-135.0,7.0,-7.0
NO.911,201.0,-201.0,59.0,-59.0,-29.0,29.0
NO.912,-424.0,424.0,4.0,-4.0,-4.0,4.0
NO.913,-54.0,54.0,54.0,-54.0,0.0,0.0
NO.914,-209.0,209.0,175.0,-175.0,21.0,-21.0
NO.915,-520.0,520.0,194.0,-194.0,6.0,-6.0
NO.916,-112.0,112.0,140.0,-140.0,0.0,0.0
NO.917,-373.0,373.0,-95.0,95.0,-1.0,1.0
NO.918,-320.0,320.0,40.0,-40.0,-8.0,8.0
NO.919,217.0,-217.0,127.0,-127.0,-15.0,15.0
NO.920,-177.0,177.0,209.0,-209.0,21.0,-21.0
NO.921,-232.0,232.0,-24.0,24.0,-4.0,4.0
NO.922,-296.0,296.0,370.0,-370.0,28.0,-28.0
NO.923,-131.0,131.0,25.0,-25.0,13.0,-13.0
NO.924,-310.0,310.0,38.0,-38.0,24.0,-24.0
NO.925,-62.0,62.0,58.0,-58.0,0.0,0.0
NO.926,-29.0,29.0,9.0,-9.0,9.0,-9.0
NO.927,-466.0,466.0,42.0,-42.0,16.0,-16.0
NO.928,-266.0,266.0,114.0,-114.0,0.0,0.0
NO.929,-350.0,350.0,126.0,-126.0,14.0,-14.0
NO.930,-88.0,88.0,264.0,-264.0,16.0,-16.0
NO.931,-119.0,119.0,203.0,-203.0,-7.0,7.0
NO.932,44.0,-44.0,72.0,-72.0,0.0,0.0
NO.933,-280.0,280.0,112.0,-112.0,28.0,-28.0
NO.934,251.0,-251.0,-57.0,57.0,-29.0,29.0
