NO.1,65.0,64.0,65.0,65.0,65.0,64.0
NO.2,54.0,46.0,54.0,54.0,54.0,46.0
NO.3,45.0,44.0,45.0,45.0,45.0,44.0
NO.4,45.0,45.0,45.0,45.0,45.0,45.0
NO.5,48.0,46.0,48.0,48.0,48.0,46.0
NO.6,58.0,55.0,58.0,58.0,58.0,55.0
NO.7,50.0,49.0,50.0,50.0,50.0,49.0
NO.8,61.0,61.0,61.0,61.0,61.0,61.0
NO.9,61.0,53.0,61.0,61.0,61.0,53.0
NO.10,58.0,61.0,58.0,58.0,58.0,61.0
NO.11,41.0,37.0,41.0,41.0,41.0,37.0
NO.12,53.0,56.0,53.0,53.0,53.0,56.0
NO.13,62.0,61.0,62.0,62.0,62.0,61.0
NO.14,62.0,60.0,62.0,62.0,62.0,60.0
NO.15,54.0,55.0,54.0,54.0,54.0,55.0
NO.16,47.0,47.0,47.0,47.0,47.0,47.0
NO.17,47.0,49.0,47.0,47.0,47.0,49.0
NO.18,58.0,57.0,58.0,58.0,58.0,57.0
NO.19,48.0,50.0,48.0,48.0,48.0,50.0
NO.20,47.0,50.0,47.0,47.0,47.0,50.0
NO.21,49.0,52.0,49.0,49.0,49.0,52.0
NO.22,46.0,51.0,46.0,46.0,46.0,51.0
NO.23,54.0,52.0,54.0,54.0,54.0,52.0
NO.24,52.0,55.0,52.0,52.0,52.0,55.0
NO.25,52.0,51.0,52.0,52.0,52.0,51.0
NO.26,57.0,60.0,57.0,57.0,57.0,60.0
NO.27,56.0,53.0,56.0,56.0,56.0,53.0
NO.28,50.0,50.0,50.0,50.0,50.0,50.0
NO.29,54.0,56.0,54.0,54.0,54.0,56.0
NO.30,49.0,48.0,49.0,49.0,49.0,48.0
NO.31,54.0,56.0,54.0,54.0,54.0,56.0
NO.32,54.0,54.0,54.0,54.0,54.0,54.0
NO.33,54.0,56.0,54.0,54.0,54.0,56.0
NO.34,54.0,55.0,54.0,54.0,54.0,55.0
NO.35,44.0,41.0,44.0,44.0,44.0,41.0
NO.36,55.0,53.0,55.0,55.0,55.0,53.0
NO.37,39.0,45.0,39.0,39.0,39.0,45.0
NO.38,54.0,55.0,54.0,54.0,54.0,55.0
NO.39,41.0,45.0,41.0,41.0,41.0,45.0
NO.40,52.0,52.0,52.0,52.0,52.0,52.0
NO.41,48.0,45.0,48.0,48.0,48.0,45.0
NO.42,53.0,52.0,53.0,53.0,53.0,52.0
NO.43,53.0,52.0,53.0,53.0,53.0,52.0
NO.44,49.0,48.0,49.0,49.0,49.0,48.0
NO.45,58.0,52.0,58.0,58.0,58.0,52.0
NO.46,52.0,52.0,52.0,52.0,52.0,52.0
NO.47,52.0,50.0,52.0,52.0,52.0,50.0
NO.48,47.0,48.0,47.0,47.0,47.0,48.0
NO.49,42.0,46.0,42.0,42.0,42.0,46.0
NO.50,50.0,51.0,50.0,50.0,50.0,51.0
NO.51,59.0,57.0,59.0,59.0,59.0,57.0
NO.52,62.0,62.0,62.0,62.0,62.0,62.0
NO.53,57.0,51.0,57.0,57.0,57.0,51.0
NO.54,47.0,49.0,47.0,47.0,47.0,49.0
NO.55,51.0,50.0,51.0,51.0,51.0,50.0
NO.56,59.0,58.0,59.0,59.0,59.0,58.0
NO.57,49.0,49.0,49.0,49.0,49.0,49.0
NO.58,64.0,65.0,64.0,64.0,64.0,65.0
NO.59,50.0,53.0,50.0,50.0,50.0,53.0
NO.60,57.0,56.0,57.0,57.0,57.0,56.0
NO.61,51.0,50.0,51.0,51.0,51.0,50.0
NO.62,51.0,47.0,51.0,51.0,51.0,47.0
NO.63,51.0,51.0,51.0,51.0,51.0,51.0
NO.64,46.0,42.0,46.0,46.0,46.0,42.0
NO.65,56.0,58.0,56.0,56.0,56.0,58.0
NO.66,44.0,42.0,44.0,44.0,44.0,42.0
NO.67,60.0,58.0,60.0,60.0,60.0,58.0
NO.68,53.0,50.0,53.0,53.0,53.0,50.0
NO.69,52.0,47.0,52.0,52.0,52.0,47.0
NO.70,60.0,59.0,60.0,60.0,60.0,59.0
NO.71,56.0,58.0,56.0,56.0,56.0,58.0
NO.72,51.0,54.0,51.0,51.0,51.0,54.0
NO.73,54.0,48.0,54.0,54.0,54.0,48.0
NO.74,62.0,62.0,62.0,62.0,62.0,62.0
NO.75,53.0,53.0,53.0,53.0,53.0,53.0
NO.76,43.0,49.0,43.0,43.0,43.0,49.0
NO.77,49.0,48.0,49.0,49.0,49.0,48.0
NO.78,54.0,54.0,54.0,54.0,54.0,54.0
NO.79,58.0,55.0,58.0,58.0,58.0,55.0
NO.80,61.0,60.0,61.0,61.0,61.0,60.0
NO.81,56.0,55.0,56.0,56.0,56.0,55.0
NO.82,56.0,56.0,56.0,56.0,56.0,56.0
NO.83,57.0,56.0,57.0,57.0,57.0,56.0
NO.84,53.0,51.0,53.0,53.0,53.0,51.0
NO.85,54.0,55.0,54.0,54.0,54.0,55.0
NO.86,53.0,52.0,53.0,53.0,53.0,52.0
NO.87,57.0,57.0,57.0,57.0,57.0,57.0
NO.88,56.0,57.0,56.0,56.0,56.0,57.0
NO.89,54.0,57.0,54.0,54.0,54.0,57.0
NO.90,47.0,47.0,47.0,47.0,47.0,47.0
NO.91,54.0,51.0,54.0,54.0,54.0,51.0
NO.92,53.0,51.0,53.0,53.0,53.0,51.0
NO.93,59.0,58.0,59.0,59.0,59.0,58.0
NO.94,43.0,53.0,43.0,43.0,43.0,53.0
NO.95,55.0,52.0,55.0,55.0,55.0,52.0
NO.96,46.0,49.0,46.0,46.0,46.0,49.0
NO.97,49.0,53.0,49.0,49.0,49.0,53.0
NO.98,52.0,51.0,52.0,52.0,52.0,51.0
NO.99,54.0,52.0,54.0,54.0,54.0,52.0
NO.100,52.0,47.0,52.0,52.0,52.0,47.0
NO.101,57.0,51.0,57.0,57.0,57.0,51.0
NO.102,58.0,58.0,58.0,58.0,58.0,58.0
NO.103,55.0,55.0,55.0,55.0,55.0,55.0
NO.104,49.0,51.0,49.0,49.0,49.0,51.0
NO.105,56.0,55.0,56.0,56.0,56.0,55.0
NO.106,47.0,53.0,47.0,47.0,47.0,53.0
NO.107,55.0,56.0,55.0,55.0,55.0,56.0
NO.108,54.0,49.0,54.0,54.0,54.0,49.0
NO.109,50.0,51.0,50.0,50.0,50.0,51.0
NO.110,51.0,51.0,51.0,51.0,51.0,51.0
NO.111,57.0,57.0,57.0,57.0,57.0,57.0
NO.112,48.0,49.0,48.0,48.0,48.0,49.0
NO.113,54.0,53.0,54.0,54.0,54.0,53.0
NO.114,48.0,47.0,48.0,48.0,48.0,47.0
NO.115,48.0,50.0,48.0,48.0,48.0,50.0
NO.116,50.0,52.0,50.0,50.0,50.0,52.0
NO.117,60.0,57.0,60.0,60.0,60.0,57.0
NO.118,54.0,50.0,54.0,54.0,54.0,50.0
NO.119,51.0,52.0,51.0,51.0,51.0,52.0
NO.120,52.0,53.0,52.0,52.0,52.0,53.0
NO.121,49.0,48.0,49.0,49.0,49.0,48.0
NO.122,51.0,50.0,51.0,51.0,51.0,50.0
NO.123,52.0,44.0,52.0,52.0,52.0,44.0
NO.124,51.0,51.0,51.0,51.0,51.0,51.0
NO.125,49.0,45.0,49.0,49.0,49.0,45.0
NO.126,51.0,48.0,51.0,51.0,51.0,48.0
NO.127,61.0,62.0,61.0,61.0,61.0,62.0
NO.128,51.0,51.0,51.0,51.0,51.0,51.0
NO.129,60.0,57.0,60.0,60.0,60.0,57.0
NO.130,49.0,49.0,49.0,49.0,49.0,49.0
NO.131,53.0,54.0,53.0,53.0,53.0,54.0
NO.132,52.0,51.0,52.0,52.0,52.0,51.0
NO.133,55.0,54.0,55.0,55.0,55.0,54.0
NO.134,58.0,58.0,58.0,58.0,58.0,58.0
NO.135,49.0,49.0,49.0,49.0,49.0,49.0
NO.136,47.0,51.0,47.0,47.0,47.0,51.0
NO.137,49.0,51.0,49.0,49.0,49.0,51.0
NO.138,66.0,66.0,66.0,66.0,66.0,66.0
NO.139,51.0,49.0,51.0,51.0,51.0,49.0
NO.140,51.0,48.0,51.0,51.0,51.0,48.0
NO.141,55.0,52.0,55.0,55.0,55.0,52.0
NO.142,52.0,50.0,52.0,52.0,52.0,50.0
NO.143,44.0,42.0,44.0,44.0,44.0,42.0
NO.144,47.0,51.0,47.0,47.0,47.0,51.0
NO.145,45.0,51.0,45.0,45.0,45.0,51.0
NO.146,58.0,55.0,58.0,58.0,58.0,55.0
NO.147,52.0,49.0,52.0,52.0,52.0,49.0
NO.148,58.0,58.0,58.0,58.0,58.0,58.0
NO.149,55.0,58.0,55.0,55.0,55.0,58.0
NO.150,47.0,51.0,47.0,47.0,47.0,51.0
NO.151,62.0,59.0,62.0,62.0,62.0,59.0
NO.152,50.0,50.0,50.0,50.0,50.0,50.0
NO.153,52.0,51.0,52.0,52.0,52.0,51.0
NO.154,47.0,50.0,47.0,47.0,47.0,50.0
NO.155,55.0,54.0,55.0,55.0,55.0,54.0
NO.156,51.0,51.0,51.0,51.0,51.0,51.0
NO.157,59.0,57.0,59.0,59.0,59.0,57.0
NO.158,60.0,58.0,60.0,60.0,60.0,58.0
NO.159,56.0,57.0,56.0,56.0,56.0,57.0
NO.160,58.0,58.0,58.0,58.0,58.0,58.0
NO.161,59.0,59.0,59.0,59.0,59.0,59.0
NO.162,50.0,47.0,50.0,50.0,50.0,47.0
NO.163,54.0,51.0,54.0,54.0,54.0,51.0
NO.164,53.0,52.0,53.0,53.0,53.0,52.0
NO.165,53.0,55.0,53.0,53.0,53.0,55.0
NO.166,55.0,51.0,55.0,55.0,55.0,51.0
NO.167,48.0,46.0,48.0,48.0,48.0,46.0
NO.168,53.0,53.0,53.0,53.0,53.0,53.0
NO.169,45.0,52.0,45.0,45.0,45.0,52.0
NO.170,54.0,53.0,54.0,54.0,54.0,53.0
NO.171,53.0,45.0,53.0,53.0,53.0,45.0
NO.172,51.0,50.0,51.0,51.0,51.0,50.0
NO.173,51.0,46.0,51.0,51.0,51.0,46.0
NO.174,58.0,50.0,58.0,58.0,58.0,50.0
NO.175,46.0,48.0,46.0,46.0,46.0,48.0
NO.176,57.0,58.0,57.0,57.0,57.0,58.0
NO.177,57.0,55.0,57.0,57.0,57.0,55.0
NO.178,55.0,54.0,55.0,55.0,55.0,54.0
NO.179,53.0,48.0,53.0,53.0,53.0,48.0
NO.180,57.0,53.0,57.0,57.0,57.0,53.0
NO.181,52.0,52.0,52.0,52.0,52.0,52.0
NO.182,54.0,48.0,54.0,54.0,54.0,48.0
NO.183,55.0,53.0,55.0,55.0,55.0,53.0
NO.184,59.0,54.0,59.0,59.0,59.0,54.0
NO.185,58.0,56.0,58.0,58.0,58.0,56.0
NO.186,54.0,55.0,54.0,54.0,54.0,55.0
NO.187,53.0,51.0,53.0,53.0,53.0,51.0
NO.188,64.0,65.0,64.0,64.0,64.0,65.0
NO.189,58.0,58.0,58.0,58.0,58.0,58.0
NO.190,54.0,50.0,54.0,54.0,54.0,50.0
NO.191,63.0,63.0,63.0,63.0,63.0,63.0
NO.192,64.0,62.0,64.0,64.0,64.0,62.0
NO.193,55.0,55.0,55.0,55.0,55.0,55.0
NO.194,64.0,62.0,64.0,64.0,64.0,62.0
NO.195,60.0,60.0,60.0,60.0,60.0,60.0
NO.196,67.0,67.0,67.0,67.0,67.0,67.0
NO.197,54.0,54.0,54.0,54.0,54.0,54.0
NO.198,58.0,55.0,58.0,58.0,58.0,55.0
NO.199,49.0,53.0,49.0,49.0,49.0,53.0
NO.200,58.0,60.0,58.0,58.0,58.0,60.0
NO.201,46.0,46.0,46.0,46.0,46.0,46.0
NO.202,58.0,57.0,58.0,58.0,58.0,57.0
NO.203,57.0,55.0,57.0,57.0,57.0,55.0
NO.204,48.0,53.0,48.0,48.0,48.0,53.0
NO.205,60.0,60.0,60.0,60.0,60.0,60.0
NO.206,55.0,52.0,55.0,55.0,55.0,52.0
NO.207,50.0,51.0,50.0,50.0,50.0,51.0
NO.208,63.0,64.0,63.0,63.0,63.0,64.0
NO.209,51.0,47.0,51.0,51.0,51.0,47.0
NO.210,49.0,50.0,49.0,49.0,49.0,50.0
NO.211,51.0,51.0,51.0,51.0,51.0,51.0
NO.212,53.0,55.0,53.0,53.0,53.0,55.0
NO.213,53.0,51.0,53.0,53.0,53.0,51.0
NO.214,58.0,58.0,58.0,58.0,58.0,58.0
NO.215,57.0,53.0,57.0,57.0,57.0,53.0
NO.216,53.0,47.0,53.0,53.0,53.0,47.0
NO.217,61.0,60.0,61.0,61.0,61.0,60.0
NO.218,53.0,54.0,53.0,53.0,53.0,54.0
NO.219,48.0,46.0,48.0,48.0,48.0,46.0
NO.220,56.0,59.0,56.0,56.0,56.0,59.0
NO.221,58.0,59.0,58.0,58.0,58.0,59.0
NO.222,56.0,56.0,56.0,56.0,56.0,56.0
NO.223,54.0,56.0,54.0,54.0,54.0,56.0
NO.224,57.0,55.0,57.0,57.0,57.0,55.0
NO.225,56.0,55.0,56.0,56.0,56.0,55.0
NO.226,61.0,54.0,61.0,61.0,61.0,54.0
NO.227,57.0,58.0,57.0,57.0,57.0,58.0
NO.228,59.0,59.0,59.0,59.0,59.0,59.0
NO.229,59.0,55.0,59.0,59.0,59.0,55.0
NO.230,58.0,57.0,58.0,58.0,58.0,57.0
NO.231,59.0,60.0,59.0,59.0,59.0,60.0
NO.232,59.0,60.0,59.0,59.0,59.0,60.0
NO.233,56.0,49.0,56.0,56.0,56.0,49.0
NO.234,59.0,59.0,59.0,59.0,59.0,59.0
NO.235,60.0,55.0,60.0,60.0,60.0,55.0
NO.236,56.0,53.0,56.0,56.0,56.0,53.0
NO.237,64.0,64.0,64.0,64.0,64.0,64.0
NO.238,50.0,51.0,50.0,50.0,50.0,51.0
NO.239,51.0,52.0,51.0,51.0,51.0,52.0
NO.240,52.0,53.0,52.0,52.0,52.0,53.0
NO.241,49.0,52.0,49.0,49.0,49.0,52.0
NO.242,63.0,63.0,63.0,63.0,63.0,63.0
NO.243,47.0,50.0,47.0,47.0,47.0,50.0
NO.244,49.0,52.0,49.0,49.0,49.0,52.0
NO.245,59.0,62.0,59.0,59.0,59.0,62.0
NO.246,59.0,59.0,59.0,59.0,59.0,59.0
NO.247,50.0,52.0,50.0,50.0,50.0,52.0
NO.248,59.0,60.0,59.0,59.0,59.0,60.0
NO.249,57.0,58.0,57.0,57.0,57.0,58.0
NO.250,55.0,52.0,55.0,55.0,55.0,52.0
NO.251,58.0,60.0,58.0,58.0,58.0,60.0
NO.252,45.0,48.0,45.0,45.0,45.0,48.0
NO.253,59.0,56.0,59.0,59.0,59.0,56.0
NO.254,66.0,65.0,66.0,66.0,66.0,65.0
NO.255,46.0,44.0,46.0,46.0,46.0,44.0
NO.256,55.0,54.0,55.0,55.0,55.0,54.0
NO.257,53.0,48.0,53.0,53.0,53.0,48.0
NO.258,64.0,63.0,64.0,64.0,64.0,63.0
NO.259,47.0,44.0,47.0,47.0,47.0,44.0
NO.260,56.0,54.0,56.0,56.0,56.0,54.0
NO.261,63.0,62.0,63.0,63.0,63.0,62.0
NO.262,52.0,47.0,52.0,52.0,52.0,47.0
NO.263,50.0,49.0,50.0,50.0,50.0,49.0
NO.264,53.0,53.0,53.0,53.0,53.0,53.0
NO.265,58.0,54.0,58.0,58.0,58.0,54.0
NO.266,57.0,51.0,57.0,57.0,57.0,51.0
NO.267,61.0,59.0,61.0,61.0,61.0,59.0
NO.268,53.0,51.0,53.0,53.0,53.0,51.0
NO.269,55.0,57.0,55.0,55.0,55.0,57.0
NO.270,56.0,59.0,56.0,56.0,56.0,59.0
NO.271,48.0,47.0,48.0,48.0,48.0,47.0
NO.272,51.0,53.0,51.0,51.0,51.0,53.0
NO.273,55.0,56.0,55.0,55.0,55.0,56.0
NO.274,62.0,63.0,62.0,62.0,62.0,63.0
NO.275,50.0,46.0,50.0,50.0,50.0,46.0
NO.276,60.0,58.0,60.0,60.0,60.0,58.0
NO.277,56.0,58.0,56.0,56.0,56.0,58.0
NO.278,52.0,50.0,52.0,52.0,52.0,50.0
NO.279,49.0,52.0,49.0,49.0,49.0,52.0
NO.280,51.0,50.0,51.0,51.0,51.0,50.0
NO.281,64.0,63.0,64.0,64.0,64.0,63.0
NO.282,57.0,55.0,57.0,57.0,57.0,55.0
NO.283,57.0,55.0,57.0,57.0,57.0,55.0
NO.284,55.0,55.0,55.0,55.0,55.0,55.0
NO.285,64.0,62.0,64.0,64.0,64.0,62.0
NO.286,48.0,50.0,48.0,48.0,48.0,50.0
NO.287,58.0,58.0,58.0,58.0,58.0,58.0
NO.288,66.0,66.0,66.0,66.0,66.0,66.0
NO.289,51.0,46.0,51.0,51.0,51.0,46.0
NO.290,53.0,51.0,53.0,53.0,53.0,51.0
NO.291,60.0,59.0,60.0,60.0,60.0,59.0
NO.292,56.0,58.0,56.0,56.0,56.0,58.0
NO.293,59.0,59.0,59.0,59.0,59.0,59.0
NO.294,59.0,59.0,59.0,59.0,59.0,59.0
NO.295,60.0,62.0,60.0,60.0,60.0,62.0
NO.296,57.0,57.0,57.0,57.0,57.0,57.0
NO.297,52.0,48.0,52.0,52.0,52.0,48.0
NO.298,46.0,47.0,46.0,46.0,46.0,47.0
NO.299,48.0,48.0,48.0,48.0,48.0,48.0
NO.300,57.0,54.0,57.0,57.0,57.0,54.0
NO.301,49.0,49.0,49.0,49.0,49.0,49.0
NO.302,52.0,50.0,52.0,52.0,52.0,50.0
NO.303,44.0,42.0,44.0,44.0,44.0,42.0
NO.304,54.0,58.0,54.0,54.0,54.0,58.0
NO.305,52.0,55.0,52.0,52.0,52.0,55.0
NO.306,55.0,56.0,55.0,55.0,55.0,56.0
NO.307,52.0,49.0,52.0,52.0,52.0,49.0
NO.308,53.0,56.0,53.0,53.0,53.0,56.0
NO.309,59.0,60.0,59.0,59.0,59.0,60.0
NO.310,55.0,58.0,55.0,55.0,55.0,58.0
NO.311,53.0,52.0,53.0,53.0,53.0,52.0
NO.312,55.0,57.0,55.0,55.0,55.0,57.0
NO.313,47.0,48.0,47.0,47.0,47.0,48.0
NO.314,56.0,56.0,56.0,56.0,56.0,56.0
NO.315,56.0,56.0,56.0,56.0,56.0,56.0
NO.316,57.0,50.0,57.0,57.0,57.0,50.0
NO.317,52.0,45.0,52.0,52.0,52.0,45.0
NO.318,61.0,61.0,61.0,61.0,61.0,61.0
NO.319,57.0,58.0,57.0,57.0,57.0,58.0
NO.320,52.0,54.0,52.0,52.0,52.0,54.0
NO.321,48.0,45.0,48.0,48.0,48.0,45.0
NO.322,53.0,53.0,53.0,53.0,53.0,53.0
NO.323,58.0,59.0,58.0,58.0,58.0,59.0
NO.324,54.0,52.0,54.0,54.0,54.0,52.0
NO.325,52.0,52.0,52.0,52.0,52.0,52.0
NO.326,59.0,61.0,59.0,59.0,59.0,61.0
NO.327,52.0,54.0,52.0,52.0,52.0,54.0
NO.328,47.0,46.0,47.0,47.0,47.0,46.0
NO.329,44.0,42.0,44.0,44.0,44.0,42.0
NO.330,51.0,52.0,51.0,51.0,51.0,52.0
NO.331,52.0,49.0,52.0,52.0,52.0,49.0
NO.332,64.0,59.0,64.0,64.0,64.0,59.0
NO.333,53.0,52.0,53.0,53.0,53.0,52.0
NO.334,48.0,48.0,48.0,48.0,48.0,48.0
NO.335,64.0,65.0,64.0,64.0,64.0,65.0
NO.336,52.0,52.0,52.0,52.0,52.0,52.0
NO.337,58.0,58.0,58.0,58.0,58.0,58.0
NO.338,53.0,54.0,53.0,53.0,53.0,54.0
NO.339,48.0,50.0,48.0,48.0,48.0,50.0
NO.340,49.0,51.0,49.0,49.0,49.0,51.0
NO.341,44.0,42.0,44.0,44.0,44.0,42.0
NO.342,46.0,46.0,46.0,46.0,46.0,46.0
NO.343,54.0,57.0,54.0,54.0,54.0,57.0
NO.344,50.0,47.0,50.0,50.0,50.0,47.0
NO.345,49.0,47.0,49.0,49.0,49.0,47.0
NO.346,52.0,51.0,52.0,52.0,52.0,51.0
NO.347,57.0,55.0,57.0,57.0,57.0,55.0
NO.348,52.0,50.0,52.0,52.0,52.0,50.0
NO.349,50.0,49.0,50.0,50.0,50.0,49.0
NO.350,51.0,53.0,51.0,51.0,51.0,53.0
NO.351,45.0,47.0,45.0,45.0,45.0,47.0
NO.352,57.0,58.0,57.0,57.0,57.0,58.0
NO.353,59.0,57.0,59.0,59.0,59.0,57.0
NO.354,49.0,48.0,49.0,49.0,49.0,48.0
NO.355,52.0,60.0,52.0,52.0,52.0,60.0
NO.356,58.0,59.0,58.0,58.0,58.0,59.0
NO.357,42.0,43.0,42.0,42.0,42.0,43.0
NO.358,53.0,55.0,53.0,53.0,53.0,55.0
NO.359,52.0,51.0,52.0,52.0,52.0,51.0
NO.360,47.0,47.0,47.0,47.0,47.0,47.0
NO.361,55.0,54.0,55.0,55.0,55.0,54.0
NO.362,53.0,56.0,53.0,53.0,53.0,56.0
NO.363,45.0,41.0,45.0,45.0,45.0,41.0
NO.364,46.0,47.0,46.0,46.0,46.0,47.0
NO.365,44.0,41.0,44.0,44.0,44.0,41.0
NO.366,63.0,59.0,63.0,63.0,63.0,59.0
NO.367,52.0,48.0,52.0,52.0,52.0,48.0
NO.368,46.0,48.0,46.0,46.0,46.0,48.0
NO.369,63.0,64.0,63.0,63.0,63.0,64.0
NO.370,54.0,57.0,54.0,54.0,54.0,57.0
NO.371,55.0,55.0,55.0,55.0,55.0,55.0
NO.372,60.0,61.0,60.0,60.0,60.0,61.0
NO.373,49.0,50.0,49.0,49.0,49.0,50.0
NO.374,52.0,54.0,52.0,52.0,52.0,54.0
NO.375,42.0,51.0,42.0,42.0,42.0,51.0
NO.376,56.0,57.0,56.0,56.0,56.0,57.0
NO.377,49.0,50.0,49.0,49.0,49.0,50.0
NO.378,53.0,54.0,53.0,53.0,53.0,54.0
NO.379,53.0,52.0,53.0,53.0,53.0,52.0
NO.380,44.0,47.0,44.0,44.0,44.0,47.0
NO.381,64.0,61.0,64.0,64.0,64.0,61.0
NO.382,53.0,48.0,53.0,53.0,53.0,48.0
NO.383,50.0,49.0,50.0,50.0,50.0,49.0
NO.384,52.0,53.0,52.0,52.0,52.0,53.0
NO.385,49.0,52.0,49.0,49.0,49.0,52.0
NO.386,53.0,55.0,53.0,53.0,53.0,55.0
NO.387,50.0,54.0,50.0,50.0,50.0,54.0
NO.388,48.0,45.0,48.0,48.0,48.0,45.0
NO.389,58.0,58.0,58.0,58.0,58.0,58.0
NO.390,43.0,42.0,43.0,43.0,43.0,42.0
NO.391,63.0,62.0,63.0,63.0,63.0,62.0
NO.392,56.0,51.0,56.0,56.0,56.0,51.0
NO.393,50.0,53.0,50.0,50.0,50.0,53.0
NO.394,54.0,57.0,54.0,54.0,54.0,57.0
NO.395,53.0,50.0,53.0,53.0,53.0,50.0
NO.396,56.0,60.0,56.0,56.0,56.0,60.0
NO.397,51.0,52.0,51.0,51.0,51.0,52.0
NO.398,50.0,41.0,50.0,50.0,50.0,41.0
NO.399,60.0,56.0,60.0,60.0,60.0,56.0
NO.400,51.0,49.0,51.0,51.0,51.0,49.0
NO.401,46.0,48.0,46.0,46.0,46.0,48.0
NO.402,65.0,65.0,65.0,65.0,65.0,65.0
NO.403,45.0,47.0,45.0,45.0,45.0,47.0
NO.404,54.0,54.0,54.0,54.0,54.0,54.0
NO.405,43.0,40.0,43.0,43.0,43.0,40.0
NO.406,65.0,65.0,65.0,65.0,65.0,65.0
NO.407,43.0,41.0,43.0,43.0,43.0,41.0
NO.408,60.0,56.0,60.0,60.0,60.0,56.0
NO.409,55.0,54.0,55.0,55.0,55.0,54.0
NO.410,55.0,55.0,55.0,55.0,55.0,55.0
NO.411,51.0,52.0,51.0,51.0,51.0,52.0
NO.412,55.0,58.0,55.0,55.0,55.0,58.0
NO.413,55.0,59.0,55.0,55.0,55.0,59.0
NO.414,53.0,56.0,53.0,53.0,53.0,56.0
NO.415,49.0,47.0,49.0,49.0,49.0,47.0
NO.416,56.0,55.0,56.0,56.0,56.0,55.0
NO.417,51.0,56.0,51.0,51.0,51.0,56.0
NO.418,48.0,54.0,48.0,48.0,48.0,54.0
NO.419,59.0,60.0,59.0,59.0,59.0,60.0
NO.420,53.0,49.0,53.0,53.0,53.0,49.0
NO.421,53.0,58.0,53.0,53.0,53.0,58.0
NO.422,51.0,57.0,51.0,51.0,51.0,57.0
NO.423,49.0,54.0,49.0,49.0,49.0,54.0
NO.424,51.0,52.0,51.0,51.0,51.0,52.0
NO.425,42.0,44.0,42.0,42.0,42.0,44.0
NO.426,56.0,53.0,56.0,56.0,56.0,53.0
NO.427,51.0,53.0,51.0,51.0,51.0,53.0
NO.428,60.0,58.0,60.0,60.0,60.0,58.0
NO.429,51.0,47.0,51.0,51.0,51.0,47.0
NO.430,59.0,58.0,59.0,59.0,59.0,58.0
NO.431,56.0,53.0,56.0,56.0,56.0,53.0
NO.432,50.0,48.0,50.0,50.0,50.0,48.0
NO.433,57.0,57.0,57.0,57.0,57.0,57.0
NO.434,53.0,52.0,53.0,53.0,53.0,52.0
NO.435,46.0,47.0,46.0,46.0,46.0,47.0
NO.436,64.0,63.0,64.0,64.0,64.0,63.0
NO.437,49.0,50.0,49.0,49.0,49.0,50.0
NO.438,52.0,53.0,52.0,52.0,52.0,53.0
NO.439,51.0,52.0,51.0,51.0,51.0,52.0
NO.440,59.0,57.0,59.0,59.0,59.0,57.0
NO.441,47.0,54.0,47.0,47.0,47.0,54.0
NO.442,49.0,50.0,49.0,49.0,49.0,50.0
NO.443,67.0,67.0,67.0,67.0,67.0,67.0
NO.444,45.0,43.0,45.0,45.0,45.0,43.0
NO.445,54.0,54.0,54.0,54.0,54.0,54.0
NO.446,57.0,55.0,57.0,57.0,57.0,55.0
NO.447,59.0,56.0,59.0,59.0,59.0,56.0
NO.448,47.0,52.0,47.0,47.0,47.0,52.0
NO.449,53.0,58.0,53.0,53.0,53.0,58.0
NO.450,59.0,59.0,59.0,59.0,59.0,59.0
NO.451,46.0,45.0,46.0,46.0,46.0,45.0
NO.452,46.0,47.0,46.0,46.0,46.0,47.0
NO.453,47.0,51.0,47.0,47.0,47.0,51.0
NO.454,47.0,46.0,47.0,47.0,47.0,46.0
NO.455,47.0,49.0,47.0,47.0,47.0,49.0
NO.456,64.0,66.0,64.0,64.0,64.0,66.0
NO.457,54.0,57.0,54.0,54.0,54.0,57.0
NO.458,56.0,55.0,56.0,56.0,56.0,55.0
NO.459,59.0,62.0,59.0,59.0,59.0,62.0
NO.460,55.0,56.0,55.0,55.0,55.0,56.0
NO.461,55.0,52.0,55.0,55.0,55.0,52.0
NO.462,44.0,43.0,44.0,44.0,44.0,43.0
NO.463,41.0,46.0,41.0,41.0,41.0,46.0
NO.464,51.0,56.0,51.0,51.0,51.0,56.0
NO.465,50.0,50.0,50.0,50.0,50.0,50.0
NO.466,55.0,58.0,55.0,55.0,55.0,58.0
NO.467,54.0,54.0,54.0,54.0,54.0,54.0
NO.468,43.0,45.0,43.0,43.0,43.0,45.0
NO.469,57.0,55.0,57.0,57.0,57.0,55.0
NO.470,57.0,56.0,57.0,57.0,57.0,56.0
NO.471,60.0,59.0,60.0,60.0,60.0,59.0
NO.472,60.0,60.0,60.0,60.0,60.0,60.0
NO.473,50.0,54.0,50.0,50.0,50.0,54.0
NO.474,49.0,49.0,49.0,49.0,49.0,49.0
NO.475,53.0,57.0,53.0,53.0,53.0,57.0
NO.476,45.0,52.0,45.0,45.0,45.0,52.0
NO.477,49.0,54.0,49.0,49.0,49.0,54.0
NO.478,45.0,50.0,45.0,45.0,45.0,50.0
NO.479,55.0,55.0,55.0,55.0,55.0,55.0
NO.480,52.0,50.0,52.0,52.0,52.0,50.0
NO.481,59.0,61.0,59.0,59.0,59.0,61.0
NO.482,50.0,52.0,50.0,50.0,50.0,52.0
NO.483,49.0,57.0,49.0,49.0,49.0,57.0
NO.484,52.0,57.0,52.0,52.0,52.0,57.0
NO.485,44.0,43.0,44.0,44.0,44.0,43.0
NO.486,51.0,54.0,51.0,51.0,51.0,54.0
NO.487,56.0,60.0,56.0,56.0,56.0,60.0
NO.488,51.0,54.0,51.0,51.0,51.0,54.0
NO.489,50.0,53.0,50.0,50.0,50.0,53.0
NO.490,54.0,54.0,54.0,54.0,54.0,54.0
NO.491,53.0,54.0,53.0,53.0,53.0,54.0
NO.492,47.0,49.0,47.0,47.0,47.0,49.0
NO.493,70.0,70.0,70.0,70.0,70.0,70.0
NO.494,52.0,53.0,52.0,52.0,52.0,53.0
NO.495,48.0,49.0,48.0,48.0,48.0,49.0
NO.496,42.0,46.0,42.0,42.0,42.0,46.0
NO.497,57.0,56.0,57.0,57.0,57.0,56.0
NO.498,49.0,51.0,49.0,49.0,49.0,51.0
NO.499,42.0,47.0,42.0,42.0,42.0,47.0
NO.500,59.0,58.0,59.0,59.0,59.0,58.0
NO.501,55.0,55.0,55.0,55.0,55.0,55.0
NO.502,48.0,53.0,48.0,48.0,48.0,53.0
NO.503,52.0,56.0,52.0,52.0,52.0,56.0
NO.504,57.0,56.0,57.0,57.0,57.0,56.0
NO.505,50.0,49.0,50.0,50.0,50.0,49.0
NO.506,51.0,52.0,51.0,51.0,51.0,52.0
NO.507,71.0,71.0,71.0,71.0,71.0,71.0
NO.508,51.0,53.0,51.0,51.0,51.0,53.0
NO.509,55.0,56.0,55.0,55.0,55.0,56.0
NO.510,59.0,57.0,59.0,59.0,59.0,57.0
NO.511,51.0,49.0,51.0,51.0,51.0,49.0
NO.512,58.0,61.0,58.0,58.0,58.0,61.0
NO.513,56.0,56.0,56.0,56.0,56.0,56.0
NO.514,52.0,56.0,52.0,52.0,52.0,56.0
NO.515,45.0,45.0,45.0,45.0,45.0,45.0
NO.516,52.0,55.0,52.0,52.0,52.0,55.0
NO.517,50.0,46.0,50.0,50.0,50.0,46.0
NO.518,52.0,53.0,52.0,52.0,52.0,53.0
NO.519,53.0,55.0,53.0,53.0,53.0,55.0
NO.520,48.0,44.0,48.0,48.0,48.0,44.0
NO.521,62.0,66.0,62.0,62.0,62.0,66.0
NO.522,51.0,51.0,51.0,51.0,51.0,51.0
NO.523,44.0,49.0,44.0,44.0,44.0,49.0
NO.524,50.0,51.0,50.0,50.0,50.0,51.0
NO.525,58.0,60.0,58.0,58.0,58.0,60.0
NO.526,58.0,57.0,58.0,58.0,58.0,57.0
NO.527,49.0,47.0,49.0,49.0,49.0,47.0
NO.528,54.0,55.0,54.0,54.0,54.0,55.0
NO.529,52.0,54.0,52.0,52.0,52.0,54.0
NO.530,59.0,58.0,59.0,59.0,59.0,58.0
NO.531,54.0,59.0,54.0,54.0,54.0,59.0
NO.532,43.0,44.0,43.0,43.0,43.0,44.0
NO.533,53.0,56.0,53.0,53.0,53.0,56.0
NO.534,48.0,49.0,48.0,48.0,48.0,49.0
NO.535,54.0,53.0,54.0,54.0,54.0,53.0
NO.536,63.0,66.0,63.0,63.0,63.0,66.0
NO.537,55.0,56.0,55.0,55.0,55.0,56.0
NO.538,49.0,48.0,49.0,49.0,49.0,48.0
NO.539,52.0,51.0,52.0,52.0,52.0,51.0
NO.540,58.0,59.0,58.0,58.0,58.0,59.0
NO.541,48.0,52.0,48.0,48.0,48.0,52.0
NO.542,60.0,58.0,60.0,60.0,60.0,58.0
NO.543,56.0,55.0,56.0,56.0,56.0,55.0
NO.544,45.0,49.0,45.0,45.0,45.0,49.0
NO.545,50.0,57.0,50.0,50.0,50.0,57.0
NO.546,54.0,54.0,54.0,54.0,54.0,54.0
NO.547,50.0,49.0,50.0,50.0,50.0,49.0
NO.548,56.0,58.0,56.0,56.0,56.0,58.0
NO.549,54.0,59.0,54.0,54.0,54.0,59.0
NO.550,46.0,53.0,46.0,46.0,46.0,53.0
NO.551,54.0,54.0,54.0,54.0,54.0,54.0
NO.552,58.0,60.0,58.0,58.0,58.0,60.0
NO.553,53.0,53.0,53.0,53.0,53.0,53.0
NO.554,43.0,44.0,43.0,43.0,43.0,44.0
NO.555,55.0,52.0,55.0,55.0,55.0,52.0
NO.556,49.0,44.0,49.0,49.0,49.0,44.0
NO.557,49.0,55.0,49.0,49.0,49.0,55.0
NO.558,50.0,53.0,50.0,50.0,50.0,53.0
NO.559,46.0,47.0,46.0,46.0,46.0,47.0
NO.560,50.0,56.0,50.0,50.0,50.0,56.0
NO.561,55.0,54.0,55.0,55.0,55.0,54.0
NO.562,55.0,57.0,55.0,55.0,55.0,57.0
NO.563,53.0,54.0,53.0,53.0,53.0,54.0
NO.564,55.0,57.0,55.0,55.0,55.0,57.0
NO.565,58.0,60.0,58.0,58.0,58.0,60.0
NO.566,52.0,48.0,52.0,52.0,52.0,48.0
NO.567,49.0,50.0,49.0,49.0,49.0,50.0
NO.568,49.0,53.0,49.0,49.0,49.0,53.0
NO.569,39.0,45.0,39.0,39.0,39.0,45.0
NO.570,59.0,57.0,59.0,59.0,59.0,57.0
NO.571,59.0,56.0,59.0,59.0,59.0,56.0
NO.572,55.0,52.0,55.0,55.0,55.0,52.0
NO.573,41.0,43.0,41.0,41.0,41.0,43.0
NO.574,54.0,58.0,54.0,54.0,54.0,58.0
NO.575,56.0,54.0,56.0,56.0,56.0,54.0
NO.576,54.0,54.0,54.0,54.0,54.0,54.0
NO.577,45.0,43.0,45.0,45.0,45.0,43.0
NO.578,46.0,45.0,46.0,46.0,46.0,45.0
NO.579,60.0,57.0,60.0,60.0,60.0,57.0
NO.580,50.0,52.0,50.0,50.0,50.0,52.0
NO.581,52.0,53.0,52.0,52.0,52.0,53.0
NO.582,60.0,61.0,60.0,60.0,60.0,61.0
NO.583,50.0,55.0,50.0,50.0,50.0,55.0
NO.584,51.0,51.0,51.0,51.0,51.0,51.0
NO.585,61.0,62.0,61.0,61.0,61.0,62.0
NO.586,62.0,61.0,62.0,62.0,62.0,61.0
NO.587,49.0,51.0,49.0,49.0,49.0,51.0
NO.588,52.0,56.0,52.0,52.0,52.0,56.0
NO.589,52.0,53.0,52.0,52.0,52.0,53.0
NO.590,57.0,58.0,57.0,57.0,57.0,58.0
NO.591,52.0,56.0,52.0,52.0,52.0,56.0
NO.592,57.0,56.0,57.0,57.0,57.0,56.0
NO.593,61.0,61.0,61.0,61.0,61.0,61.0
NO.594,54.0,54.0,54.0,54.0,54.0,54.0
NO.595,48.0,51.0,48.0,48.0,48.0,51.0
NO.596,52.0,57.0,52.0,52.0,52.0,57.0
NO.597,59.0,59.0,59.0,59.0,59.0,59.0
NO.598,52.0,57.0,52.0,52.0,52.0,57.0
NO.599,44.0,52.0,44.0,44.0,44.0,52.0
NO.600,50.0,56.0,50.0,50.0,50.0,56.0
NO.601,50.0,56.0,50.0,50.0,50.0,56.0
NO.602,50.0,56.0,50.0,50.0,50.0,56.0
NO.603,49.0,50.0,49.0,49.0,49.0,50.0
NO.604,55.0,52.0,55.0,55.0,55.0,52.0
NO.605,53.0,54.0,53.0,53.0,53.0,54.0
NO.606,57.0,57.0,57.0,57.0,57.0,57.0
NO.607,59.0,59.0,59.0,59.0,59.0,59.0
NO.608,43.0,45.0,43.0,43.0,43.0,45.0
NO.609,47.0,49.0,47.0,47.0,47.0,49.0
NO.610,55.0,58.0,55.0,55.0,55.0,58.0
NO.611,51.0,50.0,51.0,51.0,51.0,50.0
NO.612,42.0,50.0,42.0,42.0,42.0,50.0
NO.613,51.0,50.0,51.0,51.0,51.0,50.0
NO.614,58.0,61.0,58.0,58.0,58.0,61.0
NO.615,62.0,61.0,62.0,62.0,62.0,61.0
NO.616,57.0,57.0,57.0,57.0,57.0,57.0
NO.617,52.0,56.0,52.0,52.0,52.0,56.0
NO.618,56.0,52.0,56.0,56.0,56.0,52.0
NO.619,57.0,57.0,57.0,57.0,57.0,57.0
NO.620,47.0,49.0,47.0,47.0,47.0,49.0
NO.621,48.0,50.0,48.0,48.0,48.0,50.0
NO.622,52.0,50.0,52.0,52.0,52.0,50.0
NO.623,50.0,54.0,50.0,50.0,50.0,54.0
NO.624,53.0,53.0,53.0,53.0,53.0,53.0
NO.625,56.0,58.0,56.0,56.0,56.0,58.0
NO.626,58.0,53.0,58.0,58.0,58.0,53.0
NO.627,56.0,54.0,56.0,56.0,56.0,54.0
NO.628,43.0,45.0,43.0,43.0,43.0,45.0
NO.629,45.0,51.0,45.0,45.0,45.0,51.0
NO.630,52.0,57.0,52.0,52.0,52.0,57.0
NO.631,54.0,56.0,54.0,54.0,54.0,56.0
NO.632,58.0,57.0,58.0,58.0,58.0,57.0
NO.633,61.0,59.0,61.0,61.0,61.0,59.0
NO.634,40.0,47.0,40.0,40.0,40.0,47.0
NO.635,49.0,50.0,49.0,49.0,49.0,50.0
NO.636,56.0,57.0,56.0,56.0,56.0,57.0
NO.637,53.0,57.0,53.0,53.0,53.0,57.0
NO.638,52.0,48.0,52.0,52.0,52.0,48.0
NO.639,56.0,53.0,56.0,56.0,56.0,53.0
NO.640,47.0,52.0,47.0,47.0,47.0,52.0
NO.641,46.0,52.0,46.0,46.0,46.0,52.0
NO.642,53.0,52.0,53.0,53.0,53.0,52.0
NO.643,50.0,50.0,50.0,50.0,50.0,50.0
NO.644,45.0,51.0,45.0,45.0,45.0,51.0
NO.645,63.0,63.0,63.0,63.0,63.0,63.0
NO.646,46.0,46.0,46.0,46.0,46.0,46.0
NO.647,62.0,62.0,62.0,62.0,62.0,62.0
NO.648,50.0,52.0,50.0,50.0,50.0,52.0
NO.649,52.0,49.0,52.0,52.0,52.0,49.0
NO.650,67.0,65.0,67.0,67.0,67.0,65.0
NO.651,51.0,54.0,51.0,51.0,51.0,54.0
NO.652,55.0,55.0,55.0,55.0,55.0,55.0
NO.653,51.0,50.0,51.0,51.0,51.0,50.0
NO.654,56.0,55.0,56.0,56.0,56.0,55.0
NO.655,59.0,58.0,59.0,59.0,59.0,58.0
NO.656,48.0,49.0,48.0,48.0,48.0,49.0
NO.657,56.0,57.0,56.0,56.0,56.0,57.0
NO.658,50.0,56.0,50.0,50.0,50.0,56.0
NO.659,46.0,54.0,46.0,46.0,46.0,54.0
NO.660,52.0,55.0,52.0,52.0,52.0,55.0
NO.661,49.0,50.0,49.0,49.0,49.0,50.0
NO.662,43.0,41.0,43.0,43.0,43.0,41.0
NO.663,51.0,49.0,51.0,51.0,51.0,49.0
NO.664,47.0,49.0,47.0,47.0,47.0,49.0
NO.665,53.0,50.0,53.0,53.0,53.0,50.0
NO.666,60.0,61.0,60.0,60.0,60.0,61.0
NO.667,45.0,42.0,45.0,45.0,45.0,42.0
NO.668,47.0,44.0,47.0,47.0,47.0,44.0
NO.669,51.0,48.0,51.0,51.0,51.0,48.0
NO.670,49.0,56.0,49.0,49.0,49.0,56.0
NO.671,54.0,55.0,54.0,54.0,54.0,55.0
NO.672,40.0,51.0,40.0,40.0,40.0,51.0
NO.673,63.0,61.0,63.0,63.0,63.0,61.0
NO.674,38.0,46.0,38.0,38.0,38.0,46.0
NO.675,46.0,48.0,46.0,46.0,46.0,48.0
NO.676,66.0,63.0,66.0,66.0,66.0,63.0
NO.677,46.0,53.0,46.0,46.0,46.0,53.0
NO.678,45.0,48.0,45.0,45.0,45.0,48.0
NO.679,49.0,51.0,49.0,49.0,49.0,51.0
NO.680,53.0,53.0,53.0,53.0,53.0,53.0
NO.681,42.0,44.0,42.0,42.0,42.0,44.0
NO.682,63.0,64.0,63.0,63.0,63.0,64.0
NO.683,55.0,48.0,55.0,55.0,55.0,48.0
NO.684,63.0,63.0,63.0,63.0,63.0,63.0
NO.685,57.0,52.0,57.0,57.0,57.0,52.0
NO.686,50.0,48.0,50.0,50.0,50.0,48.0
NO.687,54.0,44.0,54.0,54.0,54.0,44.0
NO.688,54.0,49.0,54.0,54.0,54.0,49.0
NO.689,56.0,52.0,56.0,56.0,56.0,52.0
NO.690,53.0,48.0,53.0,53.0,53.0,48.0
NO.691,50.0,50.0,50.0,50.0,50.0,50.0
NO.692,49.0,43.0,49.0,49.0,49.0,43.0
NO.693,60.0,57.0,60.0,60.0,60.0,57.0
NO.694,56.0,53.0,56.0,56.0,56.0,53.0
NO.695,47.0,46.0,47.0,47.0,47.0,46.0
NO.696,51.0,46.0,51.0,51.0,51.0,46.0
NO.697,48.0,49.0,48.0,48.0,48.0,49.0
NO.698,47.0,52.0,47.0,47.0,47.0,52.0
NO.699,46.0,40.0,46.0,46.0,46.0,40.0
NO.700,48.0,53.0,48.0,48.0,48.0,53.0
NO.701,64.0,63.0,64.0,64.0,64.0,63.0
NO.702,44.0,47.0,44.0,44.0,44.0,47.0
NO.703,52.0,52.0,52.0,52.0,52.0,52.0
NO.704,56.0,52.0,56.0,56.0,56.0,52.0
NO.705,48.0,50.0,48.0,48.0,48.0,50.0
NO.706,51.0,46.0,51.0,51.0,51.0,46.0
NO.707,57.0,56.0,57.0,57.0,57.0,56.0
NO.708,51.0,52.0,51.0,51.0,51.0,52.0
NO.709,49.0,47.0,49.0,49.0,49.0,47.0
NO.710,53.0,52.0,53.0,53.0,53.0,52.0
NO.711,56.0,55.0,56.0,56.0,56.0,55.0
NO.712,55.0,53.0,55.0,55.0,55.0,53.0
NO.713,52.0,48.0,52.0,52.0,52.0,48.0
NO.714,51.0,50.0,51.0,51.0,51.0,50.0
NO.715,52.0,47.0,52.0,52.0,52.0,47.0
NO.716,48.0,43.0,48.0,48.0,48.0,43.0
NO.717,58.0,54.0,58.0,58.0,58.0,54.0
NO.718,48.0,48.0,48.0,48.0,48.0,48.0
NO.719,45.0,45.0,45.0,45.0,45.0,45.0
NO.720,44.0,47.0,44.0,44.0,44.0,47.0
NO.721,51.0,51.0,51.0,51.0,51.0,51.0
NO.722,64.0,62.0,64.0,64.0,64.0,62.0
NO.723,51.0,48.0,51.0,51.0,51.0,48.0
NO.724,50.0,52.0,50.0,50.0,50.0,52.0
NO.725,59.0,55.0,59.0,59.0,59.0,55.0
NO.726,49.0,47.0,49.0,49.0,49.0,47.0
NO.727,50.0,47.0,50.0,50.0,50.0,47.0
NO.728,65.0,65.0,65.0,65.0,65.0,65.0
NO.729,59.0,58.0,59.0,59.0,59.0,58.0
NO.730,57.0,57.0,57.0,57.0,57.0,57.0
NO.731,59.0,59.0,59.0,59.0,59.0,59.0
NO.732,54.0,52.0,54.0,54.0,54.0,52.0
NO.733,61.0,60.0,61.0,61.0,61.0,60.0
NO.734,60.0,59.0,60.0,60.0,60.0,59.0
NO.735,62.0,63.0,62.0,62.0,62.0,63.0
NO.736,44.0,49.0,44.0,44.0,44.0,49.0
NO.737,51.0,55.0,51.0,51.0,51.0,55.0
NO.738,51.0,50.0,51.0,51.0,51.0,50.0
NO.739,53.0,55.0,53.0,53.0,53.0,55.0
NO.740,50.0,49.0,50.0,50.0,50.0,49.0
NO.741,54.0,55.0,54.0,54.0,54.0,55.0
NO.742,52.0,46.0,52.0,52.0,52.0,46.0
NO.743,52.0,50.0,52.0,52.0,52.0,50.0
NO.744,50.0,52.0,50.0,50.0,50.0,52.0
NO.745,60.0,60.0,60.0,60.0,60.0,60.0
NO.746,58.0,53.0,58.0,58.0,58.0,53.0
NO.747,62.0,61.0,62.0,62.0,62.0,61.0
NO.748,53.0,48.0,53.0,53.0,53.0,48.0
NO.749,61.0,59.0,61.0,61.0,61.0,59.0
NO.750,56.0,56.0,56.0,56.0,56.0,56.0
NO.751,54.0,55.0,54.0,54.0,54.0,55.0
NO.752,63.0,63.0,63.0,63.0,63.0,63.0
NO.753,54.0,49.0,54.0,54.0,54.0,49.0
NO.754,51.0,54.0,51.0,51.0,51.0,54.0
NO.755,51.0,50.0,51.0,51.0,51.0,50.0
NO.756,53.0,51.0,53.0,53.0,53.0,51.0
NO.757,56.0,54.0,56.0,56.0,56.0,54.0
NO.758,53.0,57.0,53.0,53.0,53.0,57.0
NO.759,51.0,50.0,51.0,51.0,51.0,50.0
NO.760,58.0,57.0,58.0,58.0,58.0,57.0
NO.761,47.0,47.0,47.0,47.0,47.0,47.0
NO.762,53.0,52.0,53.0,53.0,53.0,52.0
NO.763,54.0,56.0,54.0,54.0,54.0,56.0
NO.764,67.0,68.0,67.0,67.0,67.0,68.0
NO.765,57.0,53.0,57.0,57.0,57.0,53.0
NO.766,53.0,54.0,53.0,53.0,53.0,54.0
NO.767,52.0,53.0,52.0,52.0,52.0,53.0
NO.768,55.0,51.0,55.0,55.0,55.0,51.0
NO.769,61.0,58.0,61.0,61.0,61.0,58.0
NO.770,51.0,45.0,51.0,51.0,51.0,45.0
NO.771,50.0,49.0,50.0,50.0,50.0,49.0
NO.772,63.0,62.0,63.0,63.0,63.0,62.0
NO.773,45.0,44.0,45.0,45.0,45.0,44.0
NO.774,49.0,51.0,49.0,49.0,49.0,51.0
NO.775,48.0,50.0,48.0,48.0,48.0,50.0
NO.776,46.0,49.0,46.0,46.0,46.0,49.0
NO.777,48.0,41.0,48.0,48.0,48.0,41.0
NO.778,53.0,53.0,53.0,53.0,53.0,53.0
NO.779,56.0,59.0,56.0,56.0,56.0,59.0
NO.780,50.0,56.0,50.0,50.0,50.0,56.0
NO.781,54.0,52.0,54.0,54.0,54.0,52.0
NO.782,52.0,51.0,52.0,52.0,52.0,51.0
NO.783,53.0,52.0,53.0,53.0,53.0,52.0
NO.784,46.0,41.0,46.0,46.0,46.0,41.0
NO.785,55.0,52.0,55.0,55.0,55.0,52.0
NO.786,55.0,54.0,55.0,55.0,55.0,54.0
NO.787,58.0,57.0,58.0,58.0,58.0,57.0
NO.788,52.0,50.0,52.0,52.0,52.0,50.0
NO.789,47.0,51.0,47.0,47.0,47.0,51.0
NO.790,50.0,50.0,50.0,50.0,50.0,50.0
NO.791,47.0,45.0,47.0,47.0,47.0,45.0
NO.792,51.0,51.0,51.0,51.0,51.0,51.0
NO.793,51.0,49.0,51.0,51.0,51.0,49.0
NO.794,50.0,45.0,50.0,50.0,50.0,45.0
NO.795,42.0,45.0,42.0,42.0,42.0,45.0
NO.796,49.0,41.0,49.0,49.0,49.0,41.0
NO.797,50.0,48.0,50.0,50.0,50.0,48.0
NO.798,54.0,50.0,54.0,54.0,54.0,50.0
NO.799,54.0,56.0,54.0,54.0,54.0,56.0
NO.800,48.0,48.0,48.0,48.0,48.0,48.0
NO.801,52.0,58.0,52.0,52.0,52.0,58.0
NO.802,52.0,50.0,52.0,52.0,52.0,50.0
NO.803,53.0,48.0,53.0,53.0,53.0,48.0
NO.804,60.0,61.0,60.0,60.0,60.0,61.0
NO.805,50.0,50.0,50.0,50.0,50.0,50.0
NO.806,55.0,52.0,55.0,55.0,55.0,52.0
NO.807,46.0,49.0,46.0,46.0,46.0,49.0
NO.808,46.0,45.0,46.0,46.0,46.0,45.0
NO.809,50.0,52.0,50.0,50.0,50.0,52.0
NO.810,46.0,47.0,46.0,46.0,46.0,47.0
NO.811,55.0,55.0,55.0,55.0,55.0,55.0
NO.812,54.0,52.0,54.0,54.0,54.0,52.0
NO.813,47.0,50.0,47.0,47.0,47.0,50.0
NO.814,52.0,44.0,52.0,52.0,52.0,44.0
NO.815,58.0,55.0,58.0,58.0,58.0,55.0
NO.816,48.0,45.0,48.0,48.0,48.0,45.0
NO.817,54.0,52.0,54.0,54.0,54.0,52.0
NO.818,49.0,51.0,49.0,49.0,49.0,51.0
NO.819,57.0,55.0,57.0,57.0,57.0,55.0
NO.820,46.0,51.0,46.0,46.0,46.0,51.0
NO.821,52.0,52.0,52.0,52.0,52.0,52.0
NO.822,55.0,50.0,55.0,55.0,55.0,50.0
NO.823,53.0,52.0,53.0,53.0,53.0,52.0
NO.824,48.0,48.0,48.0,48.0,48.0,48.0
NO.825,50.0,46.0,50.0,50.0,50.0,46.0
NO.826,49.0,46.0,49.0,49.0,49.0,46.0
NO.827,49.0,42.0,49.0,49.0,49.0,42.0
NO.828,43.0,47.0,43.0,43.0,43.0,47.0
NO.829,42.0,46.0,42.0,42.0,42.0,46.0
NO.830,49.0,48.0,49.0,49.0,49.0,48.0
NO.831,57.0,59.0,57.0,57.0,57.0,59.0
NO.832,50.0,55.0,50.0,50.0,50.0,55.0
NO.833,44.0,41.0,44.0,44.0,44.0,41.0
NO.834,55.0,57.0,55.0,55.0,55.0,57.0
NO.835,45.0,48.0,45.0,45.0,45.0,48.0
NO.836,48.0,50.0,48.0,48.0,48.0,50.0
NO.837,44.0,47.0,44.0,44.0,44.0,47.0
NO.838,46.0,46.0,46.0,46.0,46.0,46.0
NO.839,52.0,52.0,52.0,52.0,52.0,52.0
NO.840,57.0,58.0,57.0,57.0,57.0,58.0
NO.841,51.0,49.0,51.0,51.0,51.0,49.0
NO.842,51.0,48.0,51.0,51.0,51.0,48.0
NO.843,50.0,52.0,50.0,50.0,50.0,52.0
NO.844,47.0,43.0,47.0,47.0,47.0,43.0
NO.845,49.0,49.0,49.0,49.0,49.0,49.0
NO.846,58.0,60.0,58.0,58.0,58.0,60.0
NO.847,57.0,56.0,57.0,57.0,57.0,56.0
NO.848,48.0,53.0,48.0,48.0,48.0,53.0
NO.849,52.0,52.0,52.0,52.0,52.0,52.0
NO.850,63.0,60.0,63.0,63.0,63.0,60.0
NO.851,47.0,47.0,47.0,47.0,47.0,47.0
NO.852,56.0,56.0,56.0,56.0,56.0,56.0
NO.853,57.0,55.0,57.0,57.0,57.0,55.0
NO.854,57.0,56.0,57.0,57.0,57.0,56.0
NO.855,51.0,49.0,51.0,51.0,51.0,49.0
NO.856,45.0,49.0,45.0,45.0,45.0,49.0
NO.857,55.0,55.0,55.0,55.0,55.0,55.0
NO.858,47.0,47.0,47.0,47.0,47.0,47.0
NO.859,52.0,55.0,52.0,52.0,52.0,55.0
NO.860,59.0,58.0,59.0,59.0,59.0,58.0
NO.861,54.0,54.0,54.0,54.0,54.0,54.0
NO.862,51.0,52.0,51.0,51.0,51.0,52.0
NO.863,49.0,48.0,49.0,49.0,49.0,48.0
NO.864,43.0,42.0,43.0,43.0,43.0,42.0
NO.865,56.0,55.0,56.0,56.0,56.0,55.0
NO.866,49.0,53.0,49.0,49.0,49.0,53.0
NO.867,50.0,50.0,50.0,50.0,50.0,50.0
NO.868,53.0,50.0,53.0,53.0,53.0,50.0
NO.869,46.0,45.0,46.0,46.0,46.0,45.0
NO.870,46.0,51.0,46.0,46.0,46.0,51.0
NO.871,44.0,45.0,44.0,44.0,44.0,45.0
NO.872,50.0,51.0,50.0,50.0,50.0,51.0
NO.873,47.0,48.0,47.0,47.0,47.0,48.0
NO.874,50.0,49.0,50.0,50.0,50.0,49.0
NO.875,52.0,52.0,52.0,52.0,52.0,52.0
NO.876,54.0,54.0,54.0,54.0,54.0,54.0
NO.877,52.0,48.0,52.0,52.0,52.0,48.0
NO.878,52.0,51.0,52.0,52.0,52.0,51.0
NO.879,50.0,55.0,50.0,50.0,50.0,55.0
NO.880,49.0,56.0,49.0,49.0,49.0,56.0
NO.881,49.0,47.0,49.0,49.0,49.0,47.0
NO.882,52.0,52.0,52.0,52.0,52.0,52.0
NO.883,50.0,49.0,50.0,50.0,50.0,49.0
NO.884,43.0,43.0,43.0,43.0,43.0,43.0
NO.885,55.0,56.0,55.0,55.0,55.0,56.0
NO.886,56.0,55.0,56.0,56.0,56.0,55.0
NO.887,51.0,54.0,51.0,51.0,51.0,54.0
NO.888,51.0,55.0,51.0,51.0,51.0,55.0
NO.889,53.0,54.0,53.0,53.0,53.0,54.0
NO.890,53.0,53.0,53.0,53.0,53.0,53.0
NO.891,54.0,53.0,54.0,54.0,54.0,53.0
NO.892,56.0,55.0,56.0,56.0,56.0,55.0
NO.893,49.0,54.0,49.0,49.0,49.0,54.0
NO.894,49.0,47.0,49.0,49.0,49.0,47.0
NO.895,57.0,56.0,57.0,57.0,57.0,56.0
NO.896,46.0,52.0,46.0,46.0,46.0,52.0
NO.897,53.0,49.0,53.0,53.0,53.0,49.0
NO.898,61.0,62.0,61.0,61.0,61.0,62.0
NO.899,62.0,59.0,62.0,62.0,62.0,59.0
NO.900,50.0,52.0,50.0,50.0,50.0,52.0
NO.901,45.0,47.0,45.0,45.0,45.0,47.0
NO.902,57.0,58.0,57.0,57.0,57.0,58.0
NO.903,44.0,42.0,44.0,44.0,44.0,42.0
NO.904,51.0,53.0,51.0,51.0,51.0,53.0
NO.905,49.0,49.0,49.0,49.0,49.0,49.0
NO.906,51.0,54.0,51.0,51.0,51.0,54.0
NO.907,49.0,48.0,49.0,49.0,49.0,48.0
NO.908,48.0,49.0,48.0,48.0,48.0,49.0
NO.909,48.0,47.0,48.0,48.0,48.0,47.0
NO.910,45.0,45.0,45.0,45.0,45.0,45.0
NO.911,51.0,50.0,51.0,51.0,51.0,50.0
NO.912,51.0,51.0,51.0,51.0,51.0,51.0
NO.913,55.0,54.0,55.0,55.0,55.0,54.0
NO.914,51.0,48.0,51.0,51.0,51.0,48.0
NO.915,49.0,48.0,49.0,49.0,49.0,48.0
NO.916,51.0,49.0,51.0,51.0,51.0,49.0
NO.917,46.0,49.0,46.0,46.0,46.0,49.0
NO.918,49.0,50.0,49.0,49.0,49.0,50.0
NO.919,51.0,54.0,51.0,51.0,51.0,54.0
NO.920,45.0,48.0,45.0,45.0,45.0,48.0
NO.921,43.0,51.0,43.0,43.0,43.0,51.0
NO.922,53.0,51.0,53.0,53.0,53.0,51.0
NO.923,49.0,49.0,49.0,49.0,49.0,49.0
NO.924,52.0,51.0,52.0,52.0,52.0,51.0
NO.925,56.0,54.0,56.0,56.0,56.0,54.0
NO.926,49.0,47.0,49.0,49.0,49.0,47.0
NO.927,49.0,49.0,49.0,49.0,49.0,49.0
NO.928,55.0,57.0,55.0,55.0,55.0,57.0
NO.929,51.0,52.0,51.0,51.0,51.0,52.0
NO.930,49.0,48.0,49.0,49.0,49.0,48.0
NO.931,51.0,53.0,51.0,51.0,51.0,53.0
NO.932,52.0,54.0,52.0,52.0,52.0,54.0
NO.933,44.0,49.0,44.0,44.0,44.0,49.0
NO.934,52.0,54.0,52.0,52.0,52.0,54.0
NO.935,50.0,51.0,50.0,50.0,50.0,51.0
NO.936,52.0,56.0,52.0,52.0,52.0,56.0
NO.937,56.0,58.0,56.0,56.0,56.0,58.0
NO.938,51.0,53.0,51.0,51.0,51.0,53.0
NO.939,55.0,53.0,55.0,55.0,55.0,53.0
NO.940,53.0,54.0,53.0,53.0,53.0,54.0
NO.941,48.0,51.0,48.0,48.0,48.0,51.0
NO.942,56.0,59.0,56.0,56.0,56.0,59.0
NO.943,51.0,55.0,51.0,51.0,51.0,55.0
NO.944,52.0,52.0,52.0,52.0,52.0,52.0
NO.945,48.0,48.0,48.0,48.0,48.0,48.0
NO.946,53.0,54.0,53.0,53.0,53.0,54.0
NO.947,43.0,46.0,43.0,43.0,43.0,46.0
NO.948,40.0,44.0,40.0,40.0,40.0,44.0
NO.949,50.0,48.0,50.0,50.0,50.0,48.0
NO.950,44.0,46.0,44.0,44.0,44.0,46.0
NO.951,49.0,51.0,49.0,49.0,49.0,51.0
NO.952,51.0,49.0,51.0,51.0,51.0,49.0
NO.953,51.0,54.0,51.0,51.0,51.0,54.0
NO.954,58.0,61.0,58.0,58.0,58.0,61.0
NO.955,51.0,50.0,51.0,51.0,51.0,50.0
NO.956,41.0,47.0,41.0,41.0,41.0,47.0
NO.957,54.0,52.0,54.0,54.0,54.0,52.0
NO.958,49.0,50.0,49.0,49.0,49.0,50.0
NO.959,51.0,52.0,51.0,51.0,51.0,52.0
NO.960,52.0,53.0,52.0,52.0,52.0,53.0
NO.961,48.0,54.0,48.0,48.0,48.0,54.0
NO.962,55.0,53.0,55.0,55.0,55.0,53.0
NO.963,57.0,60.0,57.0,57.0,57.0,60.0
NO.964,53.0,52.0,53.0,53.0,53.0,52.0
NO.965,43.0,44.0,43.0,43.0,43.0,44.0
NO.966,56.0,59.0,56.0,56.0,56.0,59.0
NO.967,45.0,46.0,45.0,45.0,45.0,46.0
NO.968,52.0,56.0,52.0,52.0,52.0,56.0
NO.969,48.0,49.0,48.0,48.0,48.0,49.0
NO.970,47.0,48.0,47.0,47.0,47.0,48.0
NO.971,50.0,52.0,50.0,50.0,50.0,52.0
NO.972,49.0,47.0,49.0,49.0,49.0,47.0
NO.973,51.0,53.0,51.0,51.0,51.0,53.0
NO.974,48.0,48.0,48.0,48.0,48.0,48.0
NO.975,49.0,48.0,49.0,49.0,49.0,48.0
NO.976,48.0,54.0,48.0,48.0,48.0,54.0
NO.977,49.0,49.0,49.0,49.0,49.0,49.0
NO.978,47.0,51.0,47.0,47.0,47.0,51.0
NO.979,48.0,50.0,48.0,48.0,48.0,50.0
NO.980,47.0,52.0,47.0,47.0,47.0,52.0
NO.981,48.0,46.0,48.0,48.0,48.0,46.0
NO.982,47.0,44.0,47.0,47.0,47.0,44.0
NO.983,57.0,56.0,57.0,57.0,57.0,56.0
NO.984,46.0,49.0,46.0,46.0,46.0,49.0
NO.985,54.0,55.0,54.0,54.0,54.0,55.0
NO.986,55.0,54.0,55.0,55.0,55.0,54.0
NO.987,47.0,51.0,47.0,47.0,47.0,51.0
NO.988,45.0,41.0,45.0,45.0,45.0,41.0
NO.989,52.0,48.0,52.0,52.0,52.0,48.0
NO.990,47.0,51.0,47.0,47.0,47.0,51.0
NO.991,44.0,50.0,44.0,44.0,44.0,50.0
NO.992,44.0,45.0,44.0,44.0,44.0,45.0
NO.993,55.0,54.0,55.0,55.0,55.0,54.0
NO.994,45.0,45.0,45.0,45.0,45.0,45.0
NO.995,50.0,51.0,50.0,50.0,50.0,51.0
NO.996,47.0,47.0,47.0,47.0,47.0,47.0
NO.997,49.0,43.0,49.0,49.0,49.0,43.0
NO.998,39.0,47.0,39.0,39.0,39.0,47.0
NO.999,57.0,56.0,57.0,57.0,57.0,56.0
NO.1000,45.0,46.0,45.0,45.0,45.0,46.0
NO.1001,45.0,52.0,45.0,45.0,45.0,52.0
NO.1002,50.0,53.0,50.0,50.0,50.0,53.0
NO.1003,45.0,45.0,45.0,45.0,45.0,45.0
NO.1004,50.0,50.0,50.0,50.0,50.0,50.0
