NO.1,63.0,0.0,63.0,63.0,63.0,63.0,63.0,0.0
NO.2,63.0,0.0,63.0,63.0,63.0,63.0,63.0,0.0
NO.3,63.0,0.0,63.0,63.0,63.0,63.0,63.0,0.0
NO.4,63.0,0.0,63.0,63.0,63.0,63.0,63.0,0.0
NO.5,63.0,0.0,63.0,63.0,63.0,63.0,63.0,0.0
NO.6,63.0,0.0,63.0,63.0,63.0,63.0,63.0,0.0
NO.7,63.0,0.0,63.0,63.0,63.0,63.0,63.0,0.0
NO.8,63.0,0.0,63.0,63.0,63.0,63.0,63.0,0.0
NO.9,63.0,0.0,63.0,63.0,63.0,63.0,63.0,0.0
NO.10,63.0,0.0,63.0,63.0,63.0,63.0,63.0,0.0
NO.11,63.0,0.0,63.0,63.0,63.0,63.0,63.0,0.0
NO.12,63.0,0.0,63.0,63.0,63.0,63.0,63.0,0.0
NO.13,63.0,0.0,63.0,63.0,63.0,63.0,63.0,0.0
NO.14,63.0,0.0,63.0,63.0,63.0,63.0,63.0,0.0
NO.15,63.0,0.0,63.0,63.0,63.0,63.0,63.0,0.0
NO.16,63.0,0.0,63.0,63.0,63.0,63.0,63.0,0.0
NO.17,63.0,0.0,63.0,63.0,63.0,63.0,63.0,0.0
NO.18,63.0,0.0,63.0,63.0,63.0,63.0,63.0,0.0
NO.19,63.0,0.0,63.0,63.0,63.0,63.0,63.0,0.0
NO.20,63.0,0.0,63.0,63.0,63.0,63.0,63.0,0.0
NO.21,63.0,0.0,63.0,63.0,63.0,63.0,63.0,0.0
NO.22,63.0,0.0,63.0,63.0,63.0,63.0,63.0,0.0
NO.23,63.0,0.0,63.0,63.0,63.0,63.0,63.0,0.0
NO.24,63.0,0.0,63.0,63.0,63.0,63.0,63.0,0.0
NO.25,63.0,0.0,63.0,63.0,63.0,63.0,63.0,0.0
NO.26,63.0,0.0,63.0,63.0,63.0,63.0,63.0,0.0
NO.27,63.0,0.0,63.0,63.0,63.0,63.0,63.0,0.0
NO.28,63.0,0.0,63.0,63.0,63.0,63.0,63.0,0.0
NO.29,63.0,0.0,63.0,63.0,63.0,63.0,63.0,0.0
NO.30,63.0,0.0,63.0,63.0,63.0,63.0,63.0,0.0
NO.31,63.0,0.0,63.0,63.0,63.0,63.0,63.0,0.0
NO.32,63.0,0.0,63.0,63.0,63.0,63.0,63.0,0.0
NO.33,63.0,0.0,63.0,63.0,63.0,63.0,63.0,0.0
NO.34,63.0,0.0,63.0,63.0,63.0,63.0,63.0,0.0
NO.35,63.0,0.0,63.0,63.0,63.0,63.0,63.0,0.0
NO.36,63.0,0.0,63.0,63.0,63.0,63.0,63.0,0.0
NO.37,63.0,0.0,63.0,63.0,63.0,63.0,63.0,0.0
NO.38,63.0,0.0,63.0,63.0,63.0,63.0,63.0,0.0
NO.39,63.0,0.0,63.0,63.0,63.0,63.0,63.0,0.0
NO.40,63.0,0.0,63.0,63.0,63.0,63.0,63.0,0.0
NO.41,63.0,0.0,63.0,63.0,63.0,63.0,63.0,0.0
NO.42,63.0,0.0,63.0,63.0,63.0,63.0,63.0,0.0
NO.43,63.0,0.0,63.0,63.0,63.0,63.0,63.0,0.0
NO.44,63.0,0.0,63.0,63.0,63.0,63.0,63.0,0.0
NO.45,63.0,0.0,63.0,63.0,63.0,63.0,63.0,0.0
NO.46,63.0,0.0,63.0,63.0,63.0,63.0,63.0,0.0
NO.47,63.0,0.0,63.0,63.0,63.0,63.0,63.0,0.0
NO.48,63.0,0.0,63.0,63.0,63.0,63.0,63.0,0.0
NO.49,63.0,0.0,63.0,63.0,63.0,63.0,63.0,0.0
NO.50,63.0,0.0,63.0,63.0,63.0,63.0,63.0,0.0
NO.51,63.0,0.0,63.0,63.0,63.0,63.0,63.0,0.0
NO.52,63.0,0.0,63.0,63.0,63.0,63.0,63.0,0.0
NO.53,63.0,0.0,63.0,63.0,63.0,63.0,63.0,0.0
NO.54,63.0,0.0,63.0,63.0,63.0,63.0,63.0,0.0
NO.55,63.0,0.0,63.0,63.0,63.0,63.0,63.0,0.0
NO.56,63.0,0.0,63.0,63.0,63.0,63.0,63.0,0.0
NO.57,63.0,0.0,63.0,63.0,63.0,63.0,63.0,0.0
NO.58,63.0,0.0,63.0,63.0,63.0,63.0,63.0,0.0
NO.59,63.0,0.0,63.0,63.0,63.0,63.0,63.0,0.0
NO.60,63.0,0.0,63.0,63.0,63.0,63.0,63.0,0.0
NO.61,63.0,0.0,63.0,63.0,63.0,63.0,63.0,0.0
NO.62,63.0,0.0,63.0,63.0,63.0,63.0,63.0,0.0
NO.63,63.0,0.0,63.0,63.0,63.0,63.0,63.0,0.0
NO.64,63.0,0.0,63.0,63.0,63.0,63.0,63.0,0.0
NO.65,63.0,0.0,63.0,63.0,63.0,63.0,63.0,0.0
NO.66,63.0,0.0,63.0,63.0,63.0,63.0,63.0,0.0
NO.67,63.0,0.0,63.0,63.0,63.0,63.0,63.0,0.0
NO.68,63.0,0.0,63.0,63.0,63.0,63.0,63.0,0.0
NO.69,63.0,0.0,63.0,63.0,63.0,63.0,63.0,0.0
NO.70,63.0,0.0,63.0,63.0,63.0,63.0,63.0,0.0
NO.71,63.0,0.0,63.0,63.0,63.0,63.0,63.0,0.0
NO.72,63.0,0.0,63.0,63.0,63.0,63.0,63.0,0.0
NO.73,63.0,0.0,63.0,63.0,63.0,63.0,63.0,0.0
NO.74,63.0,0.0,63.0,63.0,63.0,63.0,63.0,0.0
NO.75,63.0,0.0,63.0,63.0,63.0,63.0,63.0,0.0
NO.76,63.0,0.0,63.0,63.0,63.0,63.0,63.0,0.0
NO.77,63.0,0.0,63.0,63.0,63.0,63.0,63.0,0.0
NO.78,63.0,0.0,63.0,63.0,63.0,63.0,63.0,0.0
NO.79,63.0,0.0,63.0,63.0,63.0,63.0,63.0,0.0
NO.80,63.0,0.0,63.0,63.0,63.0,63.0,63.0,0.0
NO.81,63.0,0.0,63.0,63.0,63.0,63.0,63.0,0.0
NO.82,63.0,0.0,63.0,63.0,63.0,63.0,63.0,0.0
NO.83,63.0,0.0,63.0,63.0,63.0,63.0,63.0,0.0
NO.84,63.0,0.0,63.0,63.0,63.0,63.0,63.0,0.0
NO.85,63.0,0.0,63.0,63.0,63.0,63.0,63.0,0.0
NO.86,63.0,0.0,63.0,63.0,63.0,63.0,63.0,0.0
NO.87,63.0,0.0,63.0,63.0,63.0,63.0,63.0,0.0
NO.88,63.0,0.0,63.0,63.0,63.0,63.0,63.0,0.0
NO.89,63.0,0.0,63.0,63.0,63.0,63.0,63.0,0.0
NO.90,63.0,0.0,63.0,63.0,63.0,63.0,63.0,0.0
NO.91,63.0,0.0,63.0,63.0,63.0,63.0,63.0,0.0
NO.92,63.0,0.0,63.0,63.0,63.0,63.0,63.0,0.0
NO.93,63.0,0.0,63.0,63.0,63.0,63.0,63.0,0.0
NO.94,63.0,0.0,63.0,63.0,63.0,63.0,63.0,0.0
NO.95,63.0,0.0,63.0,63.0,63.0,63.0,63.0,0.0
NO.96,63.0,0.0,63.0,63.0,63.0,63.0,63.0,0.0
NO.97,63.0,0.0,63.0,63.0,63.0,63.0,63.0,0.0
NO.98,63.0,0.0,63.0,63.0,63.0,63.0,63.0,0.0
NO.99,63.0,0.0,63.0,63.0,63.0,63.0,63.0,0.0
NO.100,63.0,0.0,63.0,63.0,63.0,63.0,63.0,0.0
NO.101,63.0,0.0,63.0,63.0,63.0,63.0,63.0,0.0
NO.102,63.0,0.0,63.0,63.0,63.0,63.0,63.0,0.0
NO.103,63.0,0.0,63.0,63.0,63.0,63.0,63.0,0.0
NO.104,63.0,0.0,63.0,63.0,63.0,63.0,63.0,0.0
NO.105,63.0,0.0,63.0,63.0,63.0,63.0,63.0,0.0
NO.106,63.0,0.0,63.0,63.0,63.0,63.0,63.0,0.0
NO.107,63.0,0.0,63.0,63.0,63.0,63.0,63.0,0.0
NO.108,63.0,0.0,63.0,63.0,63.0,63.0,63.0,0.0
NO.109,63.0,0.0,63.0,63.0,63.0,63.0,63.0,0.0
NO.110,63.0,0.0,63.0,63.0,63.0,63.0,63.0,0.0
NO.111,63.0,0.0,63.0,63.0,63.0,63.0,63.0,0.0
NO.112,63.0,0.0,63.0,63.0,63.0,63.0,63.0,0.0
NO.113,63.0,0.0,63.0,63.0,63.0,63.0,63.0,0.0
NO.114,63.0,0.0,63.0,63.0,63.0,63.0,63.0,0.0
NO.115,63.0,0.0,63.0,63.0,63.0,63.0,63.0,0.0
NO.116,63.0,0.0,63.0,63.0,63.0,63.0,63.0,0.0
NO.117,63.0,0.0,63.0,63.0,63.0,63.0,63.0,0.0
NO.118,63.0,0.0,63.0,63.0,63.0,63.0,63.0,0.0
NO.119,63.0,0.0,63.0,63.0,63.0,63.0,63.0,0.0
NO.120,63.0,0.0,63.0,63.0,63.0,63.0,63.0,0.0
NO.121,63.0,0.0,63.0,63.0,63.0,63.0,63.0,0.0
NO.122,63.0,0.0,63.0,63.0,63.0,63.0,63.0,0.0
NO.123,63.0,0.0,63.0,63.0,63.0,63.0,63.0,0.0
NO.124,63.0,0.0,63.0,63.0,63.0,63.0,63.0,0.0
NO.125,63.0,0.0,63.0,63.0,63.0,63.0,63.0,0.0
NO.126,63.0,0.0,63.0,63.0,63.0,63.0,63.0,0.0
NO.127,63.0,0.0,63.0,63.0,63.0,63.0,63.0,0.0
NO.128,63.0,0.0,63.0,63.0,63.0,63.0,63.0,0.0
NO.129,63.0,0.0,63.0,63.0,63.0,63.0,63.0,0.0
NO.130,63.0,0.0,63.0,63.0,63.0,63.0,63.0,0.0
NO.131,63.0,0.0,63.0,63.0,63.0,63.0,63.0,0.0
NO.132,63.0,0.0,63.0,63.0,63.0,63.0,63.0,0.0
NO.133,63.0,0.0,63.0,63.0,63.0,63.0,63.0,0.0
NO.134,63.0,0.0,63.0,63.0,63.0,63.0,63.0,0.0
NO.135,63.0,0.0,63.0,63.0,63.0,63.0,63.0,0.0
NO.136,63.0,0.0,63.0,63.0,63.0,63.0,63.0,0.0
NO.137,63.0,0.0,63.0,63.0,63.0,63.0,63.0,0.0
NO.138,63.0,0.0,63.0,63.0,63.0,63.0,63.0,0.0
NO.139,63.0,0.0,63.0,63.0,63.0,63.0,63.0,0.0
NO.140,63.0,0.0,63.0,63.0,63.0,63.0,63.0,0.0
NO.141,63.0,0.0,63.0,63.0,63.0,63.0,63.0,0.0
NO.142,63.0,0.0,63.0,63.0,63.0,63.0,63.0,0.0
NO.143,63.0,0.0,63.0,63.0,63.0,63.0,63.0,0.0
NO.144,63.0,0.0,63.0,63.0,63.0,63.0,63.0,0.0
NO.145,63.0,0.0,63.0,63.0,63.0,63.0,63.0,0.0
NO.146,63.0,0.0,63.0,63.0,63.0,63.0,63.0,0.0
NO.147,63.0,0.0,63.0,63.0,63.0,63.0,63.0,0.0
NO.148,63.0,0.0,63.0,63.0,63.0,63.0,63.0,0.0
NO.149,63.0,0.0,63.0,63.0,63.0,63.0,63.0,0.0
NO.150,63.0,0.0,63.0,63.0,63.0,63.0,63.0,0.0
NO.151,63.0,0.0,63.0,63.0,63.0,63.0,63.0,0.0
NO.152,63.0,0.0,63.0,63.0,63.0,63.0,63.0,0.0
NO.153,63.0,0.0,63.0,63.0,63.0,63.0,63.0,0.0
NO.154,63.0,0.0,63.0,63.0,63.0,63.0,63.0,0.0
NO.155,63.0,0.0,63.0,63.0,63.0,63.0,63.0,0.0
NO.156,63.0,0.0,63.0,63.0,63.0,63.0,63.0,0.0
NO.157,63.0,0.0,63.0,63.0,63.0,63.0,63.0,0.0
NO.158,63.0,0.0,63.0,63.0,63.0,63.0,63.0,0.0
NO.159,63.0,0.0,63.0,63.0,63.0,63.0,63.0,0.0
NO.160,63.0,0.0,63.0,63.0,63.0,63.0,63.0,0.0
NO.161,63.0,0.0,63.0,63.0,63.0,63.0,63.0,0.0
NO.162,63.0,0.0,63.0,63.0,63.0,63.0,63.0,0.0
NO.163,63.0,0.0,63.0,63.0,63.0,63.0,63.0,0.0
NO.164,63.0,0.0,63.0,63.0,63.0,63.0,63.0,0.0
NO.165,63.0,0.0,63.0,63.0,63.0,63.0,63.0,0.0
NO.166,63.0,0.0,63.0,63.0,63.0,63.0,63.0,0.0
NO.167,63.0,0.0,63.0,63.0,63.0,63.0,63.0,0.0
NO.168,63.0,0.0,63.0,63.0,63.0,63.0,63.0,0.0
NO.169,63.0,0.0,63.0,63.0,63.0,63.0,63.0,0.0
NO.170,63.0,0.0,63.0,63.0,63.0,63.0,63.0,0.0
NO.171,63.0,0.0,63.0,63.0,63.0,63.0,63.0,0.0
NO.172,63.0,0.0,63.0,63.0,63.0,63.0,63.0,0.0
NO.173,63.0,0.0,63.0,63.0,63.0,63.0,63.0,0.0
NO.174,63.0,0.0,63.0,63.0,63.0,63.0,63.0,0.0
NO.175,63.0,0.0,63.0,63.0,63.0,63.0,63.0,0.0
NO.176,63.0,0.0,63.0,63.0,63.0,63.0,63.0,0.0
NO.177,63.0,0.0,63.0,63.0,63.0,63.0,63.0,0.0
NO.178,63.0,0.0,63.0,63.0,63.0,63.0,63.0,0.0
NO.179,63.0,0.0,63.0,63.0,63.0,63.0,63.0,0.0
NO.180,63.0,0.0,63.0,63.0,63.0,63.0,63.0,0.0
NO.181,63.0,0.0,63.0,63.0,63.0,63.0,63.0,0.0
NO.182,63.0,0.0,63.0,63.0,63.0,63.0,63.0,0.0
NO.183,63.0,0.0,63.0,63.0,63.0,63.0,63.0,0.0
NO.184,63.0,0.0,63.0,63.0,63.0,63.0,63.0,0.0
NO.185,63.0,0.0,63.0,63.0,63.0,63.0,63.0,0.0
NO.186,63.0,0.0,63.0,63.0,63.0,63.0,63.0,0.0
NO.187,63.0,0.0,63.0,63.0,63.0,63.0,63.0,0.0
NO.188,63.0,0.0,63.0,63.0,63.0,63.0,63.0,0.0
NO.189,63.0,0.0,63.0,63.0,63.0,63.0,63.0,0.0
NO.190,63.0,0.0,63.0,63.0,63.0,63.0,63.0,0.0
NO.191,63.0,0.0,63.0,63.0,63.0,63.0,63.0,0.0
NO.192,63.0,0.0,63.0,63.0,63.0,63.0,63.0,0.0
NO.193,63.0,0.0,63.0,63.0,63.0,63.0,63.0,0.0
NO.194,63.0,0.0,63.0,63.0,63.0,63.0,63.0,0.0
NO.195,63.0,0.0,63.0,63.0,63.0,63.0,63.0,0.0
NO.196,63.0,0.0,63.0,63.0,63.0,63.0,63.0,0.0
NO.197,63.0,0.0,63.0,63.0,63.0,63.0,63.0,0.0
NO.198,63.0,0.0,63.0,63.0,63.0,63.0,63.0,0.0
NO.199,63.0,0.0,63.0,63.0,63.0,63.0,63.0,0.0
NO.200,63.0,0.0,63.0,63.0,63.0,63.0,63.0,0.0
NO.201,63.0,0.0,63.0,63.0,63.0,63.0,63.0,0.0
NO.202,63.0,0.0,63.0,63.0,63.0,63.0,63.0,0.0
NO.203,63.0,0.0,63.0,63.0,63.0,63.0,63.0,0.0
NO.204,63.0,0.0,63.0,63.0,63.0,63.0,63.0,0.0
NO.205,63.0,0.0,63.0,63.0,63.0,63.0,63.0,0.0
NO.206,63.0,0.0,63.0,63.0,63.0,63.0,63.0,0.0
NO.207,63.0,0.0,63.0,63.0,63.0,63.0,63.0,0.0
NO.208,63.0,0.0,63.0,63.0,63.0,63.0,63.0,0.0
NO.209,63.0,0.0,63.0,63.0,63.0,63.0,63.0,0.0
NO.210,63.0,0.0,63.0,63.0,63.0,63.0,63.0,0.0
NO.211,63.0,0.0,63.0,63.0,63.0,63.0,63.0,0.0
NO.212,63.0,0.0,63.0,63.0,63.0,63.0,63.0,0.0
NO.213,63.0,0.0,63.0,63.0,63.0,63.0,63.0,0.0
NO.214,63.0,0.0,63.0,63.0,63.0,63.0,63.0,0.0
NO.215,63.0,0.0,63.0,63.0,63.0,63.0,63.0,0.0
NO.216,63.0,0.0,63.0,63.0,63.0,63.0,63.0,0.0
NO.217,63.0,0.0,63.0,63.0,63.0,63.0,63.0,0.0
NO.218,63.0,0.0,63.0,63.0,63.0,63.0,63.0,0.0
NO.219,63.0,0.0,63.0,63.0,63.0,63.0,63.0,0.0
NO.220,63.0,0.0,63.0,63.0,63.0,63.0,63.0,0.0
NO.221,63.0,0.0,63.0,63.0,63.0,63.0,63.0,0.0
NO.222,63.0,0.0,63.0,63.0,63.0,63.0,63.0,0.0
NO.223,63.0,0.0,63.0,63.0,63.0,63.0,63.0,0.0
NO.224,63.0,0.0,63.0,63.0,63.0,63.0,63.0,0.0
NO.225,63.0,0.0,63.0,63.0,63.0,63.0,63.0,0.0
NO.226,63.0,0.0,63.0,63.0,63.0,63.0,63.0,0.0
NO.227,63.0,0.0,63.0,63.0,63.0,63.0,63.0,0.0
NO.228,63.0,0.0,63.0,63.0,63.0,63.0,63.0,0.0
NO.229,63.0,0.0,63.0,63.0,63.0,63.0,63.0,0.0
NO.230,63.0,0.0,63.0,63.0,63.0,63.0,63.0,0.0
NO.231,63.0,0.0,63.0,63.0,63.0,63.0,63.0,0.0
NO.232,63.0,0.0,63.0,63.0,63.0,63.0,63.0,0.0
NO.233,63.0,0.0,63.0,63.0,63.0,63.0,63.0,0.0
NO.234,63.0,0.0,63.0,63.0,63.0,63.0,63.0,0.0
NO.235,63.0,0.0,63.0,63.0,63.0,63.0,63.0,0.0
NO.236,63.0,0.0,63.0,63.0,63.0,63.0,63.0,0.0
NO.237,63.0,0.0,63.0,63.0,63.0,63.0,63.0,0.0
NO.238,63.0,0.0,63.0,63.0,63.0,63.0,63.0,0.0
NO.239,63.0,0.0,63.0,63.0,63.0,63.0,63.0,0.0
NO.240,63.0,0.0,63.0,63.0,63.0,63.0,63.0,0.0
NO.241,63.0,0.0,63.0,63.0,63.0,63.0,63.0,0.0
NO.242,63.0,0.0,63.0,63.0,63.0,63.0,63.0,0.0
NO.243,63.0,0.0,63.0,63.0,63.0,63.0,63.0,0.0
NO.244,63.0,0.0,63.0,63.0,63.0,63.0,63.0,0.0
NO.245,63.0,0.0,63.0,63.0,63.0,63.0,63.0,0.0
NO.246,63.0,0.0,63.0,63.0,63.0,63.0,63.0,0.0
NO.247,63.0,0.0,63.0,63.0,63.0,63.0,63.0,0.0
NO.248,63.0,0.0,63.0,63.0,63.0,63.0,63.0,0.0
NO.249,63.0,0.0,63.0,63.0,63.0,63.0,63.0,0.0
NO.250,63.0,0.0,63.0,63.0,63.0,63.0,63.0,0.0
NO.251,63.0,0.0,63.0,63.0,63.0,63.0,63.0,0.0
NO.252,63.0,0.0,63.0,63.0,63.0,63.0,63.0,0.0
NO.253,63.0,0.0,63.0,63.0,63.0,63.0,63.0,0.0
NO.254,63.0,0.0,63.0,63.0,63.0,63.0,63.0,0.0
NO.255,63.0,0.0,63.0,63.0,63.0,63.0,63.0,0.0
NO.256,63.0,0.0,63.0,63.0,63.0,63.0,63.0,0.0
NO.257,63.0,0.0,63.0,63.0,63.0,63.0,63.0,0.0
NO.258,63.0,0.0,63.0,63.0,63.0,63.0,63.0,0.0
NO.259,63.0,0.0,63.0,63.0,63.0,63.0,63.0,0.0
NO.260,63.0,0.0,63.0,63.0,63.0,63.0,63.0,0.0
NO.261,63.0,0.0,63.0,63.0,63.0,63.0,63.0,0.0
NO.262,63.0,0.0,63.0,63.0,63.0,63.0,63.0,0.0
NO.263,63.0,0.0,63.0,63.0,63.0,63.0,63.0,0.0
NO.264,63.0,0.0,63.0,63.0,63.0,63.0,63.0,0.0
NO.265,63.0,0.0,63.0,63.0,63.0,63.0,63.0,0.0
NO.266,63.0,0.0,63.0,63.0,63.0,63.0,63.0,0.0
NO.267,63.0,0.0,63.0,63.0,63.0,63.0,63.0,0.0
NO.268,63.0,0.0,63.0,63.0,63.0,63.0,63.0,0.0
NO.269,63.0,0.0,63.0,63.0,63.0,63.0,63.0,0.0
NO.270,63.0,0.0,63.0,63.0,63.0,63.0,63.0,0.0
NO.271,63.0,0.0,63.0,63.0,63.0,63.0,63.0,0.0
NO.272,63.0,0.0,63.0,63.0,63.0,63.0,63.0,0.0
NO.273,63.0,0.0,63.0,63.0,63.0,63.0,63.0,0.0
NO.274,63.0,0.0,63.0,63.0,63.0,63.0,63.0,0.0
NO.275,63.0,0.0,63.0,63.0,63.0,63.0,63.0,0.0
NO.276,63.0,0.0,63.0,63.0,63.0,63.0,63.0,0.0
NO.277,63.0,0.0,63.0,63.0,63.0,63.0,63.0,0.0
NO.278,63.0,0.0,63.0,63.0,63.0,63.0,63.0,0.0
NO.279,63.0,0.0,63.0,63.0,63.0,63.0,63.0,0.0
NO.280,63.0,0.0,63.0,63.0,63.0,63.0,63.0,0.0
NO.281,63.0,0.0,63.0,63.0,63.0,63.0,63.0,0.0
NO.282,63.0,0.0,63.0,63.0,63.0,63.0,63.0,0.0
NO.283,63.0,0.0,63.0,63.0,63.0,63.0,63.0,0.0
NO.284,63.0,0.0,63.0,63.0,63.0,63.0,63.0,0.0
NO.285,63.0,0.0,63.0,63.0,63.0,63.0,63.0,0.0
NO.286,63.0,0.0,63.0,63.0,63.0,63.0,63.0,0.0
NO.287,63.0,0.0,63.0,63.0,63.0,63.0,63.0,0.0
NO.288,63.0,0.0,63.0,63.0,63.0,63.0,63.0,0.0
NO.289,63.0,0.0,63.0,63.0,63.0,63.0,63.0,0.0
NO.290,63.0,0.0,63.0,63.0,63.0,63.0,63.0,0.0
NO.291,63.0,0.0,63.0,63.0,63.0,63.0,63.0,0.0
NO.292,63.0,0.0,63.0,63.0,63.0,63.0,63.0,0.0
NO.293,63.0,0.0,63.0,63.0,63.0,63.0,63.0,0.0
NO.294,63.0,0.0,63.0,63.0,63.0,63.0,63.0,0.0
NO.295,63.0,0.0,63.0,63.0,63.0,63.0,63.0,0.0
NO.296,63.0,0.0,63.0,63.0,63.0,63.0,63.0,0.0
NO.297,63.0,0.0,63.0,63.0,63.0,63.0,63.0,0.0
NO.298,63.0,0.0,63.0,63.0,63.0,63.0,63.0,0.0
NO.299,63.0,0.0,63.0,63.0,63.0,63.0,63.0,0.0
NO.300,63.0,0.0,63.0,63.0,63.0,63.0,63.0,0.0
NO.301,63.0,0.0,63.0,63.0,63.0,63.0,63.0,0.0
NO.302,63.0,0.0,63.0,63.0,63.0,63.0,63.0,0.0
NO.303,63.0,0.0,63.0,63.0,63.0,63.0,63.0,0.0
NO.304,63.0,0.0,63.0,63.0,63.0,63.0,63.0,0.0
NO.305,63.0,0.0,63.0,63.0,63.0,63.0,63.0,0.0
NO.306,63.0,0.0,63.0,63.0,63.0,63.0,63.0,0.0
NO.307,63.0,0.0,63.0,63.0,63.0,63.0,63.0,0.0
NO.308,63.0,0.0,63.0,63.0,63.0,63.0,63.0,0.0
NO.309,63.0,0.0,63.0,63.0,63.0,63.0,63.0,0.0
NO.310,63.0,0.0,63.0,63.0,63.0,63.0,63.0,0.0
NO.311,63.0,0.0,63.0,63.0,63.0,63.0,63.0,0.0
NO.312,63.0,0.0,63.0,63.0,63.0,63.0,63.0,0.0
NO.313,63.0,0.0,63.0,63.0,63.0,63.0,63.0,0.0
NO.314,63.0,0.0,63.0,63.0,63.0,63.0,63.0,0.0
NO.315,63.0,0.0,63.0,63.0,63.0,63.0,63.0,0.0
NO.316,63.0,0.0,63.0,63.0,63.0,63.0,63.0,0.0
NO.317,63.0,0.0,63.0,63.0,63.0,63.0,63.0,0.0
NO.318,63.0,0.0,63.0,63.0,63.0,63.0,63.0,0.0
NO.319,63.0,0.0,63.0,63.0,63.0,63.0,63.0,0.0
NO.320,63.0,0.0,63.0,63.0,63.0,63.0,63.0,0.0
NO.321,63.0,0.0,63.0,63.0,63.0,63.0,63.0,0.0
NO.322,63.0,0.0,63.0,63.0,63.0,63.0,63.0,0.0
NO.323,63.0,0.0,63.0,63.0,63.0,63.0,63.0,0.0
NO.324,63.0,0.0,63.0,63.0,63.0,63.0,63.0,0.0
NO.325,63.0,0.0,63.0,63.0,63.0,63.0,63.0,0.0
NO.326,63.0,0.0,63.0,63.0,63.0,63.0,63.0,0.0
NO.327,63.0,0.0,63.0,63.0,63.0,63.0,63.0,0.0
NO.328,63.0,0.0,63.0,63.0,63.0,63.0,63.0,0.0
NO.329,63.0,0.0,63.0,63.0,63.0,63.0,63.0,0.0
NO.330,63.0,0.0,63.0,63.0,63.0,63.0,63.0,0.0
NO.331,63.0,0.0,63.0,63.0,63.0,63.0,63.0,0.0
NO.332,63.0,0.0,63.0,63.0,63.0,63.0,63.0,0.0
NO.333,63.0,0.0,63.0,63.0,63.0,63.0,63.0,0.0
NO.334,63.0,0.0,63.0,63.0,63.0,63.0,63.0,0.0
NO.335,63.0,0.0,63.0,63.0,63.0,63.0,63.0,0.0
NO.336,63.0,0.0,63.0,63.0,63.0,63.0,63.0,0.0
NO.337,63.0,0.0,63.0,63.0,63.0,63.0,63.0,0.0
NO.338,63.0,0.0,63.0,63.0,63.0,63.0,63.0,0.0
NO.339,63.0,0.0,63.0,63.0,63.0,63.0,63.0,0.0
NO.340,63.0,0.0,63.0,63.0,63.0,63.0,63.0,0.0
NO.341,63.0,0.0,63.0,63.0,63.0,63.0,63.0,0.0
NO.342,63.0,0.0,63.0,63.0,63.0,63.0,63.0,0.0
NO.343,63.0,0.0,63.0,63.0,63.0,63.0,63.0,0.0
NO.344,63.0,0.0,63.0,63.0,63.0,63.0,63.0,0.0
NO.345,63.0,0.0,63.0,63.0,63.0,63.0,63.0,0.0
NO.346,63.0,0.0,63.0,63.0,63.0,63.0,63.0,0.0
NO.347,63.0,0.0,63.0,63.0,63.0,63.0,63.0,0.0
NO.348,63.0,0.0,63.0,63.0,63.0,63.0,63.0,0.0
NO.349,63.0,0.0,63.0,63.0,63.0,63.0,63.0,0.0
NO.350,63.0,0.0,63.0,63.0,63.0,63.0,63.0,0.0
NO.351,63.0,0.0,63.0,63.0,63.0,63.0,63.0,0.0
NO.352,63.0,0.0,63.0,63.0,63.0,63.0,63.0,0.0
NO.353,63.0,0.0,63.0,63.0,63.0,63.0,63.0,0.0
NO.354,63.0,0.0,63.0,63.0,63.0,63.0,63.0,0.0
NO.355,63.0,0.0,63.0,63.0,63.0,63.0,63.0,0.0
NO.356,63.0,0.0,63.0,63.0,63.0,63.0,63.0,0.0
NO.357,63.0,0.0,63.0,63.0,63.0,63.0,63.0,0.0
NO.358,63.0,0.0,63.0,63.0,63.0,63.0,63.0,0.0
NO.359,63.0,0.0,63.0,63.0,63.0,63.0,63.0,0.0
NO.360,63.0,0.0,63.0,63.0,63.0,63.0,63.0,0.0
NO.361,63.0,0.0,63.0,63.0,63.0,63.0,63.0,0.0
NO.362,63.0,0.0,63.0,63.0,63.0,63.0,63.0,0.0
NO.363,63.0,0.0,63.0,63.0,63.0,63.0,63.0,0.0
NO.364,63.0,0.0,63.0,63.0,63.0,63.0,63.0,0.0
NO.365,63.0,0.0,63.0,63.0,63.0,63.0,63.0,0.0
NO.366,63.0,0.0,63.0,63.0,63.0,63.0,63.0,0.0
NO.367,63.0,0.0,63.0,63.0,63.0,63.0,63.0,0.0
NO.368,63.0,0.0,63.0,63.0,63.0,63.0,63.0,0.0
NO.369,63.0,0.0,63.0,63.0,63.0,63.0,63.0,0.0
NO.370,63.0,0.0,63.0,63.0,63.0,63.0,63.0,0.0
NO.371,63.0,0.0,63.0,63.0,63.0,63.0,63.0,0.0
NO.372,63.0,0.0,63.0,63.0,63.0,63.0,63.0,0.0
NO.373,63.0,0.0,63.0,63.0,63.0,63.0,63.0,0.0
NO.374,63.0,0.0,63.0,63.0,63.0,63.0,63.0,0.0
NO.375,63.0,0.0,63.0,63.0,63.0,63.0,63.0,0.0
NO.376,63.0,0.0,63.0,63.0,63.0,63.0,63.0,0.0
NO.377,63.0,0.0,63.0,63.0,63.0,63.0,63.0,0.0
NO.378,63.0,0.0,63.0,63.0,63.0,63.0,63.0,0.0
NO.379,63.0,0.0,63.0,63.0,63.0,63.0,63.0,0.0
NO.380,63.0,0.0,63.0,63.0,63.0,63.0,63.0,0.0
NO.381,63.0,0.0,63.0,63.0,63.0,63.0,63.0,0.0
NO.382,63.0,0.0,63.0,63.0,63.0,63.0,63.0,0.0
NO.383,63.0,0.0,63.0,63.0,63.0,63.0,63.0,0.0
NO.384,63.0,0.0,63.0,63.0,63.0,63.0,63.0,0.0
NO.385,63.0,0.0,63.0,63.0,63.0,63.0,63.0,0.0
NO.386,63.0,0.0,63.0,63.0,63.0,63.0,63.0,0.0
NO.387,63.0,0.0,63.0,63.0,63.0,63.0,63.0,0.0
NO.388,63.0,0.0,63.0,63.0,63.0,63.0,63.0,0.0
NO.389,63.0,0.0,63.0,63.0,63.0,63.0,63.0,0.0
NO.390,63.0,0.0,63.0,63.0,63.0,63.0,63.0,0.0
NO.391,63.0,0.0,63.0,63.0,63.0,63.0,63.0,0.0
NO.392,63.0,0.0,63.0,63.0,63.0,63.0,63.0,0.0
NO.393,63.0,0.0,63.0,63.0,63.0,63.0,63.0,0.0
NO.394,63.0,0.0,63.0,63.0,63.0,63.0,63.0,0.0
NO.395,63.0,0.0,63.0,63.0,63.0,63.0,63.0,0.0
NO.396,63.0,0.0,63.0,63.0,63.0,63.0,63.0,0.0
NO.397,63.0,0.0,63.0,63.0,63.0,63.0,63.0,0.0
NO.398,63.0,0.0,63.0,63.0,63.0,63.0,63.0,0.0
NO.399,63.0,0.0,63.0,63.0,63.0,63.0,63.0,0.0
NO.400,63.0,0.0,63.0,63.0,63.0,63.0,63.0,0.0
NO.401,63.0,0.0,63.0,63.0,63.0,63.0,63.0,0.0
NO.402,63.0,0.0,63.0,63.0,63.0,63.0,63.0,0.0
NO.403,63.0,0.0,63.0,63.0,63.0,63.0,63.0,0.0
NO.404,63.0,0.0,63.0,63.0,63.0,63.0,63.0,0.0
NO.405,63.0,0.0,63.0,63.0,63.0,63.0,63.0,0.0
NO.406,63.0,0.0,63.0,63.0,63.0,63.0,63.0,0.0
NO.407,63.0,0.0,63.0,63.0,63.0,63.0,63.0,0.0
NO.408,63.0,0.0,63.0,63.0,63.0,63.0,63.0,0.0
NO.409,63.0,0.0,63.0,63.0,63.0,63.0,63.0,0.0
NO.410,63.0,0.0,63.0,63.0,63.0,63.0,63.0,0.0
NO.411,63.0,0.0,63.0,63.0,63.0,63.0,63.0,0.0
NO.412,63.0,0.0,63.0,63.0,63.0,63.0,63.0,0.0
NO.413,63.0,0.0,63.0,63.0,63.0,63.0,63.0,0.0
NO.414,63.0,0.0,63.0,63.0,63.0,63.0,63.0,0.0
NO.415,63.0,0.0,63.0,63.0,63.0,63.0,63.0,0.0
NO.416,63.0,0.0,63.0,63.0,63.0,63.0,63.0,0.0
NO.417,63.0,0.0,63.0,63.0,63.0,63.0,63.0,0.0
NO.418,63.0,0.0,63.0,63.0,63.0,63.0,63.0,0.0
NO.419,63.0,0.0,63.0,63.0,63.0,63.0,63.0,0.0
NO.420,63.0,0.0,63.0,63.0,63.0,63.0,63.0,0.0
NO.421,63.0,0.0,63.0,63.0,63.0,63.0,63.0,0.0
NO.422,63.0,0.0,63.0,63.0,63.0,63.0,63.0,0.0
NO.423,63.0,0.0,63.0,63.0,63.0,63.0,63.0,0.0
NO.424,63.0,0.0,63.0,63.0,63.0,63.0,63.0,0.0
NO.425,63.0,0.0,63.0,63.0,63.0,63.0,63.0,0.0
NO.426,63.0,0.0,63.0,63.0,63.0,63.0,63.0,0.0
NO.427,63.0,0.0,63.0,63.0,63.0,63.0,63.0,0.0
NO.428,63.0,0.0,63.0,63.0,63.0,63.0,63.0,0.0
NO.429,63.0,0.0,63.0,63.0,63.0,63.0,63.0,0.0
NO.430,63.0,0.0,63.0,63.0,63.0,63.0,63.0,0.0
NO.431,63.0,0.0,63.0,63.0,63.0,63.0,63.0,0.0
NO.432,63.0,0.0,63.0,63.0,63.0,63.0,63.0,0.0
NO.433,63.0,0.0,63.0,63.0,63.0,63.0,63.0,0.0
NO.434,63.0,0.0,63.0,63.0,63.0,63.0,63.0,0.0
NO.435,63.0,0.0,63.0,63.0,63.0,63.0,63.0,0.0
NO.436,63.0,0.0,63.0,63.0,63.0,63.0,63.0,0.0
NO.437,63.0,0.0,63.0,63.0,63.0,63.0,63.0,0.0
NO.438,63.0,0.0,63.0,63.0,63.0,63.0,63.0,0.0
NO.439,63.0,0.0,63.0,63.0,63.0,63.0,63.0,0.0
NO.440,63.0,0.0,63.0,63.0,63.0,63.0,63.0,0.0
NO.441,63.0,0.0,63.0,63.0,63.0,63.0,63.0,0.0
NO.442,63.0,0.0,63.0,63.0,63.0,63.0,63.0,0.0
NO.443,63.0,0.0,63.0,63.0,63.0,63.0,63.0,0.0
NO.444,63.0,0.0,63.0,63.0,63.0,63.0,63.0,0.0
NO.445,63.0,0.0,63.0,63.0,63.0,63.0,63.0,0.0
NO.446,63.0,0.0,63.0,63.0,63.0,63.0,63.0,0.0
NO.447,63.0,0.0,63.0,63.0,63.0,63.0,63.0,0.0
NO.448,63.0,0.0,63.0,63.0,63.0,63.0,63.0,0.0
NO.449,63.0,0.0,63.0,63.0,63.0,63.0,63.0,0.0
NO.450,63.0,0.0,63.0,63.0,63.0,63.0,63.0,0.0
NO.451,63.0,0.0,63.0,63.0,63.0,63.0,63.0,0.0
NO.452,63.0,0.0,63.0,63.0,63.0,63.0,63.0,0.0
NO.453,63.0,0.0,63.0,63.0,63.0,63.0,63.0,0.0
NO.454,63.0,0.0,63.0,63.0,63.0,63.0,63.0,0.0
NO.455,63.0,0.0,63.0,63.0,63.0,63.0,63.0,0.0
NO.456,63.0,0.0,63.0,63.0,63.0,63.0,63.0,0.0
NO.457,63.0,0.0,63.0,63.0,63.0,63.0,63.0,0.0
NO.458,63.0,0.0,63.0,63.0,63.0,63.0,63.0,0.0
NO.459,63.0,0.0,63.0,63.0,63.0,63.0,63.0,0.0
NO.460,63.0,0.0,63.0,63.0,63.0,63.0,63.0,0.0
NO.461,63.0,0.0,63.0,63.0,63.0,63.0,63.0,0.0
NO.462,63.0,0.0,63.0,63.0,63.0,63.0,63.0,0.0
NO.463,63.0,0.0,63.0,63.0,63.0,63.0,63.0,0.0
NO.464,63.0,0.0,63.0,63.0,63.0,63.0,63.0,0.0
NO.465,63.0,0.0,63.0,63.0,63.0,63.0,63.0,0.0
NO.466,63.0,0.0,63.0,63.0,63.0,63.0,63.0,0.0
NO.467,63.0,0.0,63.0,63.0,63.0,63.0,63.0,0.0
NO.468,63.0,0.0,63.0,63.0,63.0,63.0,63.0,0.0
NO.469,63.0,0.0,63.0,63.0,63.0,63.0,63.0,0.0
NO.470,63.0,0.0,63.0,63.0,63.0,63.0,63.0,0.0
NO.471,63.0,0.0,63.0,63.0,63.0,63.0,63.0,0.0
NO.472,63.0,0.0,63.0,63.0,63.0,63.0,63.0,0.0
NO.473,63.0,0.0,63.0,63.0,63.0,63.0,63.0,0.0
NO.474,63.0,0.0,63.0,63.0,63.0,63.0,63.0,0.0
NO.475,63.0,0.0,63.0,63.0,63.0,63.0,63.0,0.0
NO.476,63.0,0.0,63.0,63.0,63.0,63.0,63.0,0.0
NO.477,63.0,0.0,63.0,63.0,63.0,63.0,63.0,0.0
NO.478,63.0,0.0,63.0,63.0,63.0,63.0,63.0,0.0
NO.479,63.0,0.0,63.0,63.0,63.0,63.0,63.0,0.0
NO.480,63.0,0.0,63.0,63.0,63.0,63.0,63.0,0.0
NO.481,63.0,0.0,63.0,63.0,63.0,63.0,63.0,0.0
NO.482,63.0,0.0,63.0,63.0,63.0,63.0,63.0,0.0
NO.483,63.0,0.0,63.0,63.0,63.0,63.0,63.0,0.0
NO.484,63.0,0.0,63.0,63.0,63.0,63.0,63.0,0.0
NO.485,63.0,0.0,63.0,63.0,63.0,63.0,63.0,0.0
NO.486,63.0,0.0,63.0,63.0,63.0,63.0,63.0,0.0
NO.487,63.0,0.0,63.0,63.0,63.0,63.0,63.0,0.0
NO.488,63.0,0.0,63.0,63.0,63.0,63.0,63.0,0.0
NO.489,63.0,0.0,63.0,63.0,63.0,63.0,63.0,0.0
NO.490,63.0,0.0,63.0,63.0,63.0,63.0,63.0,0.0
NO.491,63.0,0.0,63.0,63.0,63.0,63.0,63.0,0.0
NO.492,63.0,0.0,63.0,63.0,63.0,63.0,63.0,0.0
NO.493,63.0,0.0,63.0,63.0,63.0,63.0,63.0,0.0
NO.494,63.0,0.0,63.0,63.0,63.0,63.0,63.0,0.0
NO.495,63.0,0.0,63.0,63.0,63.0,63.0,63.0,0.0
NO.496,63.0,0.0,63.0,63.0,63.0,63.0,63.0,0.0
NO.497,63.0,0.0,63.0,63.0,63.0,63.0,63.0,0.0
NO.498,63.0,0.0,63.0,63.0,63.0,63.0,63.0,0.0
NO.499,63.0,0.0,63.0,63.0,63.0,63.0,63.0,0.0
NO.500,63.0,0.0,63.0,63.0,63.0,63.0,63.0,0.0
NO.501,63.0,0.0,63.0,63.0,63.0,63.0,63.0,0.0
NO.502,63.0,0.0,63.0,63.0,63.0,63.0,63.0,0.0
NO.503,63.0,0.0,63.0,63.0,63.0,63.0,63.0,0.0
NO.504,63.0,0.0,63.0,63.0,63.0,63.0,63.0,0.0
NO.505,63.0,0.0,63.0,63.0,63.0,63.0,63.0,0.0
NO.506,63.0,0.0,63.0,63.0,63.0,63.0,63.0,0.0
NO.507,63.0,0.0,63.0,63.0,63.0,63.0,63.0,0.0
NO.508,63.0,0.0,63.0,63.0,63.0,63.0,63.0,0.0
NO.509,63.0,0.0,63.0,63.0,63.0,63.0,63.0,0.0
NO.510,63.0,0.0,63.0,63.0,63.0,63.0,63.0,0.0
NO.511,63.0,0.0,63.0,63.0,63.0,63.0,63.0,0.0
NO.512,63.0,0.0,63.0,63.0,63.0,63.0,63.0,0.0
NO.513,63.0,0.0,63.0,63.0,63.0,63.0,63.0,0.0
NO.514,63.0,0.0,63.0,63.0,63.0,63.0,63.0,0.0
NO.515,63.0,0.0,63.0,63.0,63.0,63.0,63.0,0.0
NO.516,63.0,0.0,63.0,63.0,63.0,63.0,63.0,0.0
NO.517,63.0,0.0,63.0,63.0,63.0,63.0,63.0,0.0
NO.518,63.0,0.0,63.0,63.0,63.0,63.0,63.0,0.0
NO.519,63.0,0.0,63.0,63.0,63.0,63.0,63.0,0.0
NO.520,63.0,0.0,63.0,63.0,63.0,63.0,63.0,0.0
NO.521,63.0,0.0,63.0,63.0,63.0,63.0,63.0,0.0
NO.522,63.0,0.0,63.0,63.0,63.0,63.0,63.0,0.0
NO.523,63.0,0.0,63.0,63.0,63.0,63.0,63.0,0.0
NO.524,63.0,0.0,63.0,63.0,63.0,63.0,63.0,0.0
NO.525,63.0,0.0,63.0,63.0,63.0,63.0,63.0,0.0
NO.526,63.0,0.0,63.0,63.0,63.0,63.0,63.0,0.0
NO.527,63.0,0.0,63.0,63.0,63.0,63.0,63.0,0.0
NO.528,63.0,0.0,63.0,63.0,63.0,63.0,63.0,0.0
NO.529,63.0,0.0,63.0,63.0,63.0,63.0,63.0,0.0
NO.530,63.0,0.0,63.0,63.0,63.0,63.0,63.0,0.0
NO.531,63.0,0.0,63.0,63.0,63.0,63.0,63.0,0.0
NO.532,63.0,0.0,63.0,63.0,63.0,63.0,63.0,0.0
NO.533,63.0,0.0,63.0,63.0,63.0,63.0,63.0,0.0
NO.534,63.0,0.0,63.0,63.0,63.0,63.0,63.0,0.0
NO.535,63.0,0.0,63.0,63.0,63.0,63.0,63.0,0.0
NO.536,63.0,0.0,63.0,63.0,63.0,63.0,63.0,0.0
NO.537,63.0,0.0,63.0,63.0,63.0,63.0,63.0,0.0
NO.538,63.0,0.0,63.0,63.0,63.0,63.0,63.0,0.0
NO.539,63.0,0.0,63.0,63.0,63.0,63.0,63.0,0.0
NO.540,63.0,0.0,63.0,63.0,63.0,63.0,63.0,0.0
NO.541,63.0,0.0,63.0,63.0,63.0,63.0,63.0,0.0
NO.542,63.0,0.0,63.0,63.0,63.0,63.0,63.0,0.0
NO.543,63.0,0.0,63.0,63.0,63.0,63.0,63.0,0.0
NO.544,63.0,0.0,63.0,63.0,63.0,63.0,63.0,0.0
NO.545,63.0,0.0,63.0,63.0,63.0,63.0,63.0,0.0
NO.546,63.0,0.0,63.0,63.0,63.0,63.0,63.0,0.0
NO.547,63.0,0.0,63.0,63.0,63.0,63.0,63.0,0.0
NO.548,63.0,0.0,63.0,63.0,63.0,63.0,63.0,0.0
NO.549,63.0,0.0,63.0,63.0,63.0,63.0,63.0,0.0
NO.550,63.0,0.0,63.0,63.0,63.0,63.0,63.0,0.0
NO.551,63.0,0.0,63.0,63.0,63.0,63.0,63.0,0.0
NO.552,63.0,0.0,63.0,63.0,63.0,63.0,63.0,0.0
NO.553,63.0,0.0,63.0,63.0,63.0,63.0,63.0,0.0
NO.554,63.0,0.0,63.0,63.0,63.0,63.0,63.0,0.0
NO.555,63.0,0.0,63.0,63.0,63.0,63.0,63.0,0.0
NO.556,63.0,0.0,63.0,63.0,63.0,63.0,63.0,0.0
NO.557,63.0,0.0,63.0,63.0,63.0,63.0,63.0,0.0
NO.558,63.0,0.0,63.0,63.0,63.0,63.0,63.0,0.0
NO.559,63.0,0.0,63.0,63.0,63.0,63.0,63.0,0.0
NO.560,63.0,0.0,63.0,63.0,63.0,63.0,63.0,0.0
NO.561,63.0,0.0,63.0,63.0,63.0,63.0,63.0,0.0
NO.562,63.0,0.0,63.0,63.0,63.0,63.0,63.0,0.0
NO.563,63.0,0.0,63.0,63.0,63.0,63.0,63.0,0.0
NO.564,63.0,0.0,63.0,63.0,63.0,63.0,63.0,0.0
NO.565,63.0,0.0,63.0,63.0,63.0,63.0,63.0,0.0
NO.566,63.0,0.0,63.0,63.0,63.0,63.0,63.0,0.0
NO.567,63.0,0.0,63.0,63.0,63.0,63.0,63.0,0.0
NO.568,63.0,0.0,63.0,63.0,63.0,63.0,63.0,0.0
NO.569,63.0,0.0,63.0,63.0,63.0,63.0,63.0,0.0
NO.570,63.0,0.0,63.0,63.0,63.0,63.0,63.0,0.0
NO.571,63.0,0.0,63.0,63.0,63.0,63.0,63.0,0.0
NO.572,63.0,0.0,63.0,63.0,63.0,63.0,63.0,0.0
NO.573,63.0,0.0,63.0,63.0,63.0,63.0,63.0,0.0
NO.574,63.0,0.0,63.0,63.0,63.0,63.0,63.0,0.0
NO.575,63.0,0.0,63.0,63.0,63.0,63.0,63.0,0.0
NO.576,63.0,0.0,63.0,63.0,63.0,63.0,63.0,0.0
NO.577,63.0,0.0,63.0,63.0,63.0,63.0,63.0,0.0
NO.578,63.0,0.0,63.0,63.0,63.0,63.0,63.0,0.0
NO.579,63.0,0.0,63.0,63.0,63.0,63.0,63.0,0.0
NO.580,63.0,0.0,63.0,63.0,63.0,63.0,63.0,0.0
NO.581,63.0,0.0,63.0,63.0,63.0,63.0,63.0,0.0
NO.582,63.0,0.0,63.0,63.0,63.0,63.0,63.0,0.0
NO.583,63.0,0.0,63.0,63.0,63.0,63.0,63.0,0.0
NO.584,63.0,0.0,63.0,63.0,63.0,63.0,63.0,0.0
NO.585,63.0,0.0,63.0,63.0,63.0,63.0,63.0,0.0
NO.586,63.0,0.0,63.0,63.0,63.0,63.0,63.0,0.0
NO.587,63.0,0.0,63.0,63.0,63.0,63.0,63.0,0.0
NO.588,63.0,0.0,63.0,63.0,63.0,63.0,63.0,0.0
NO.589,63.0,0.0,63.0,63.0,63.0,63.0,63.0,0.0
NO.590,63.0,0.0,63.0,63.0,63.0,63.0,63.0,0.0
NO.591,63.0,0.0,63.0,63.0,63.0,63.0,63.0,0.0
NO.592,63.0,0.0,63.0,63.0,63.0,63.0,63.0,0.0
NO.593,63.0,0.0,63.0,63.0,63.0,63.0,63.0,0.0
NO.594,63.0,0.0,63.0,63.0,63.0,63.0,63.0,0.0
NO.595,63.0,0.0,63.0,63.0,63.0,63.0,63.0,0.0
NO.596,63.0,0.0,63.0,63.0,63.0,63.0,63.0,0.0
NO.597,63.0,0.0,63.0,63.0,63.0,63.0,63.0,0.0
NO.598,63.0,0.0,63.0,63.0,63.0,63.0,63.0,0.0
NO.599,63.0,0.0,63.0,63.0,63.0,63.0,63.0,0.0
NO.600,63.0,0.0,63.0,63.0,63.0,63.0,63.0,0.0
NO.601,63.0,0.0,63.0,63.0,63.0,63.0,63.0,0.0
NO.602,63.0,0.0,63.0,63.0,63.0,63.0,63.0,0.0
NO.603,63.0,0.0,63.0,63.0,63.0,63.0,63.0,0.0
NO.604,63.0,0.0,63.0,63.0,63.0,63.0,63.0,0.0
NO.605,63.0,0.0,63.0,63.0,63.0,63.0,63.0,0.0
NO.606,63.0,0.0,63.0,63.0,63.0,63.0,63.0,0.0
NO.607,63.0,0.0,63.0,63.0,63.0,63.0,63.0,0.0
NO.608,63.0,0.0,63.0,63.0,63.0,63.0,63.0,0.0
NO.609,63.0,0.0,63.0,63.0,63.0,63.0,63.0,0.0
NO.610,63.0,0.0,63.0,63.0,63.0,63.0,63.0,0.0
NO.611,63.0,0.0,63.0,63.0,63.0,63.0,63.0,0.0
NO.612,63.0,0.0,63.0,63.0,63.0,63.0,63.0,0.0
NO.613,63.0,0.0,63.0,63.0,63.0,63.0,63.0,0.0
NO.614,63.0,0.0,63.0,63.0,63.0,63.0,63.0,0.0
NO.615,63.0,0.0,63.0,63.0,63.0,63.0,63.0,0.0
NO.616,63.0,0.0,63.0,63.0,63.0,63.0,63.0,0.0
NO.617,63.0,0.0,63.0,63.0,63.0,63.0,63.0,0.0
NO.618,63.0,0.0,63.0,63.0,63.0,63.0,63.0,0.0
NO.619,63.0,0.0,63.0,63.0,63.0,63.0,63.0,0.0
NO.620,63.0,0.0,63.0,63.0,63.0,63.0,63.0,0.0
NO.621,63.0,0.0,63.0,63.0,63.0,63.0,63.0,0.0
NO.622,63.0,0.0,63.0,63.0,63.0,63.0,63.0,0.0
NO.623,63.0,0.0,63.0,63.0,63.0,63.0,63.0,0.0
NO.624,63.0,0.0,63.0,63.0,63.0,63.0,63.0,0.0
NO.625,63.0,0.0,63.0,63.0,63.0,63.0,63.0,0.0
NO.626,63.0,0.0,63.0,63.0,63.0,63.0,63.0,0.0
NO.627,63.0,0.0,63.0,63.0,63.0,63.0,63.0,0.0
NO.628,63.0,0.0,63.0,63.0,63.0,63.0,63.0,0.0
NO.629,63.0,0.0,63.0,63.0,63.0,63.0,63.0,0.0
NO.630,63.0,0.0,63.0,63.0,63.0,63.0,63.0,0.0
NO.631,63.0,0.0,63.0,63.0,63.0,63.0,63.0,0.0
NO.632,63.0,0.0,63.0,63.0,63.0,63.0,63.0,0.0
NO.633,63.0,0.0,63.0,63.0,63.0,63.0,63.0,0.0
NO.634,63.0,0.0,63.0,63.0,63.0,63.0,63.0,0.0
NO.635,63.0,0.0,63.0,63.0,63.0,63.0,63.0,0.0
NO.636,63.0,0.0,63.0,63.0,63.0,63.0,63.0,0.0
NO.637,63.0,0.0,63.0,63.0,63.0,63.0,63.0,0.0
NO.638,63.0,0.0,63.0,63.0,63.0,63.0,63.0,0.0
NO.639,63.0,0.0,63.0,63.0,63.0,63.0,63.0,0.0
NO.640,63.0,0.0,63.0,63.0,63.0,63.0,63.0,0.0
NO.641,63.0,0.0,63.0,63.0,63.0,63.0,63.0,0.0
NO.642,63.0,0.0,63.0,63.0,63.0,63.0,63.0,0.0
NO.643,63.0,0.0,63.0,63.0,63.0,63.0,63.0,0.0
NO.644,63.0,0.0,63.0,63.0,63.0,63.0,63.0,0.0
NO.645,63.0,0.0,63.0,63.0,63.0,63.0,63.0,0.0
NO.646,63.0,0.0,63.0,63.0,63.0,63.0,63.0,0.0
NO.647,63.0,0.0,63.0,63.0,63.0,63.0,63.0,0.0
NO.648,63.0,0.0,63.0,63.0,63.0,63.0,63.0,0.0
NO.649,63.0,0.0,63.0,63.0,63.0,63.0,63.0,0.0
NO.650,63.0,0.0,63.0,63.0,63.0,63.0,63.0,0.0
NO.651,63.0,0.0,63.0,63.0,63.0,63.0,63.0,0.0
NO.652,63.0,0.0,63.0,63.0,63.0,63.0,63.0,0.0
NO.653,63.0,0.0,63.0,63.0,63.0,63.0,63.0,0.0
NO.654,63.0,0.0,63.0,63.0,63.0,63.0,63.0,0.0
NO.655,63.0,0.0,63.0,63.0,63.0,63.0,63.0,0.0
NO.656,63.0,0.0,63.0,63.0,63.0,63.0,63.0,0.0
NO.657,63.0,0.0,63.0,63.0,63.0,63.0,63.0,0.0
NO.658,63.0,0.0,63.0,63.0,63.0,63.0,63.0,0.0
NO.659,63.0,0.0,63.0,63.0,63.0,63.0,63.0,0.0
NO.660,63.0,0.0,63.0,63.0,63.0,63.0,63.0,0.0
NO.661,63.0,0.0,63.0,63.0,63.0,63.0,63.0,0.0
NO.662,63.0,0.0,63.0,63.0,63.0,63.0,63.0,0.0
NO.663,63.0,0.0,63.0,63.0,63.0,63.0,63.0,0.0
NO.664,63.0,0.0,63.0,63.0,63.0,63.0,63.0,0.0
NO.665,63.0,0.0,63.0,63.0,63.0,63.0,63.0,0.0
NO.666,63.0,0.0,63.0,63.0,63.0,63.0,63.0,0.0
NO.667,63.0,0.0,63.0,63.0,63.0,63.0,63.0,0.0
NO.668,63.0,0.0,63.0,63.0,63.0,63.0,63.0,0.0
NO.669,63.0,0.0,63.0,63.0,63.0,63.0,63.0,0.0
NO.670,63.0,0.0,63.0,63.0,63.0,63.0,63.0,0.0
NO.671,63.0,0.0,63.0,63.0,63.0,63.0,63.0,0.0
NO.672,63.0,0.0,63.0,63.0,63.0,63.0,63.0,0.0
NO.673,63.0,0.0,63.0,63.0,63.0,63.0,63.0,0.0
NO.674,63.0,0.0,63.0,63.0,63.0,63.0,63.0,0.0
NO.675,63.0,0.0,63.0,63.0,63.0,63.0,63.0,0.0
NO.676,63.0,0.0,63.0,63.0,63.0,63.0,63.0,0.0
NO.677,63.0,0.0,63.0,63.0,63.0,63.0,63.0,0.0
NO.678,63.0,0.0,63.0,63.0,63.0,63.0,63.0,0.0
NO.679,63.0,0.0,63.0,63.0,63.0,63.0,63.0,0.0
NO.680,63.0,0.0,63.0,63.0,63.0,63.0,63.0,0.0
NO.681,63.0,0.0,63.0,63.0,63.0,63.0,63.0,0.0
NO.682,63.0,0.0,63.0,63.0,63.0,63.0,63.0,0.0
NO.683,57.0,18.0,57.0,57.0,57.0,57.0,57.0,18.0
NO.684,63.0,0.0,63.0,63.0,63.0,63.0,63.0,0.0
NO.685,59.0,5.0,59.0,59.0,59.0,59.0,59.0,5.0
NO.686,63.0,0.0,63.0,63.0,63.0,63.0,63.0,0.0
NO.687,63.0,0.0,63.0,63.0,63.0,63.0,63.0,0.0
NO.688,63.0,0.0,63.0,63.0,63.0,63.0,63.0,0.0
NO.689,63.0,0.0,63.0,63.0,63.0,63.0,63.0,0.0
NO.690,63.0,0.0,63.0,63.0,63.0,63.0,63.0,0.0
NO.691,63.0,0.0,63.0,63.0,63.0,63.0,63.0,0.0
NO.692,63.0,0.0,63.0,63.0,63.0,63.0,63.0,0.0
NO.693,63.0,0.0,63.0,63.0,63.0,63.0,63.0,0.0
NO.694,63.0,0.0,63.0,63.0,63.0,63.0,63.0,0.0
NO.695,63.0,0.0,63.0,63.0,63.0,63.0,63.0,0.0
NO.696,63.0,0.0,63.0,63.0,63.0,63.0,63.0,0.0
NO.697,63.0,0.0,63.0,63.0,63.0,63.0,63.0,0.0
NO.698,63.0,0.0,63.0,63.0,63.0,63.0,63.0,0.0
NO.699,63.0,0.0,63.0,63.0,63.0,63.0,63.0,0.0
NO.700,63.0,0.0,63.0,63.0,63.0,63.0,63.0,0.0
NO.701,63.0,0.0,63.0,63.0,63.0,63.0,63.0,0.0
NO.702,63.0,0.0,63.0,63.0,63.0,63.0,63.0,0.0
NO.703,63.0,0.0,63.0,63.0,63.0,63.0,63.0,0.0
NO.704,63.0,0.0,63.0,63.0,63.0,63.0,63.0,0.0
NO.705,63.0,0.0,63.0,63.0,63.0,63.0,63.0,0.0
NO.706,63.0,0.0,63.0,63.0,63.0,63.0,63.0,0.0
NO.707,63.0,0.0,63.0,63.0,63.0,63.0,63.0,0.0
NO.708,63.0,0.0,63.0,63.0,63.0,63.0,63.0,0.0
NO.709,63.0,0.0,63.0,63.0,63.0,63.0,63.0,0.0
NO.710,63.0,0.0,63.0,63.0,63.0,63.0,63.0,0.0
NO.711,63.0,0.0,63.0,63.0,63.0,63.0,63.0,0.0
NO.712,63.0,0.0,63.0,63.0,63.0,63.0,63.0,0.0
NO.713,63.0,0.0,63.0,63.0,63.0,63.0,63.0,0.0
NO.714,63.0,0.0,63.0,63.0,63.0,63.0,63.0,0.0
NO.715,63.0,0.0,63.0,63.0,63.0,63.0,63.0,0.0
NO.716,63.0,0.0,63.0,63.0,63.0,63.0,63.0,0.0
NO.717,63.0,0.0,63.0,63.0,63.0,63.0,63.0,0.0
NO.718,63.0,0.0,63.0,63.0,63.0,63.0,63.0,0.0
NO.719,63.0,0.0,63.0,63.0,63.0,63.0,63.0,0.0
NO.720,63.0,0.0,63.0,63.0,63.0,63.0,63.0,0.0
NO.721,63.0,0.0,63.0,63.0,63.0,63.0,63.0,0.0
NO.722,63.0,0.0,63.0,63.0,63.0,63.0,63.0,0.0
NO.723,63.0,0.0,63.0,63.0,63.0,63.0,63.0,0.0
NO.724,63.0,0.0,63.0,63.0,63.0,63.0,63.0,0.0
NO.725,63.0,0.0,63.0,63.0,63.0,63.0,63.0,0.0
NO.726,63.0,0.0,63.0,63.0,63.0,63.0,63.0,0.0
NO.727,63.0,0.0,63.0,63.0,63.0,63.0,63.0,0.0
NO.728,63.0,0.0,63.0,63.0,63.0,63.0,63.0,0.0
NO.729,63.0,0.0,63.0,63.0,63.0,63.0,63.0,0.0
NO.730,63.0,0.0,63.0,63.0,63.0,63.0,63.0,0.0
NO.731,63.0,0.0,63.0,63.0,63.0,63.0,63.0,0.0
NO.732,63.0,0.0,63.0,63.0,63.0,63.0,63.0,0.0
NO.733,63.0,0.0,63.0,63.0,63.0,63.0,63.0,0.0
NO.734,63.0,0.0,63.0,63.0,63.0,63.0,63.0,0.0
NO.735,63.0,0.0,63.0,63.0,63.0,63.0,63.0,0.0
NO.736,63.0,0.0,63.0,63.0,63.0,63.0,63.0,0.0
NO.737,63.0,0.0,63.0,63.0,63.0,63.0,63.0,0.0
NO.738,63.0,0.0,63.0,63.0,63.0,63.0,63.0,0.0
NO.739,63.0,0.0,63.0,63.0,63.0,63.0,63.0,0.0
NO.740,63.0,0.0,63.0,63.0,63.0,63.0,63.0,0.0
NO.741,63.0,0.0,63.0,63.0,63.0,63.0,63.0,0.0
NO.742,63.0,0.0,63.0,63.0,63.0,63.0,63.0,0.0
NO.743,63.0,0.0,63.0,63.0,63.0,63.0,63.0,0.0
NO.744,63.0,0.0,63.0,63.0,63.0,63.0,63.0,0.0
NO.745,63.0,0.0,63.0,63.0,63.0,63.0,63.0,0.0
NO.746,63.0,0.0,63.0,63.0,63.0,63.0,63.0,0.0
NO.747,63.0,0.0,63.0,63.0,63.0,63.0,63.0,0.0
NO.748,63.0,0.0,63.0,63.0,63.0,63.0,63.0,0.0
NO.749,63.0,0.0,63.0,63.0,63.0,63.0,63.0,0.0
NO.750,63.0,0.0,63.0,63.0,63.0,63.0,63.0,0.0
NO.751,63.0,0.0,63.0,63.0,63.0,63.0,63.0,0.0
NO.752,63.0,0.0,63.0,63.0,63.0,63.0,63.0,0.0
NO.753,63.0,0.0,63.0,63.0,63.0,63.0,63.0,0.0
NO.754,63.0,0.0,63.0,63.0,63.0,63.0,63.0,0.0
NO.755,63.0,0.0,63.0,63.0,63.0,63.0,63.0,0.0
NO.756,63.0,0.0,63.0,63.0,63.0,63.0,63.0,0.0
NO.757,63.0,0.0,63.0,63.0,63.0,63.0,63.0,0.0
NO.758,63.0,0.0,63.0,63.0,63.0,63.0,63.0,0.0
NO.759,63.0,0.0,63.0,63.0,63.0,63.0,63.0,0.0
NO.760,63.0,0.0,63.0,63.0,63.0,63.0,63.0,0.0
NO.761,63.0,0.0,63.0,63.0,63.0,63.0,63.0,0.0
NO.762,63.0,0.0,63.0,63.0,63.0,63.0,63.0,0.0
NO.763,63.0,0.0,63.0,63.0,63.0,63.0,63.0,0.0
NO.764,63.0,0.0,63.0,63.0,63.0,63.0,63.0,0.0
NO.765,63.0,0.0,63.0,63.0,63.0,63.0,63.0,0.0
NO.766,63.0,0.0,63.0,63.0,63.0,63.0,63.0,0.0
NO.767,63.0,0.0,63.0,63.0,63.0,63.0,63.0,0.0
NO.768,63.0,0.0,63.0,63.0,63.0,63.0,63.0,0.0
NO.769,63.0,0.0,63.0,63.0,63.0,63.0,63.0,0.0
NO.770,63.0,0.0,63.0,63.0,63.0,63.0,63.0,0.0
NO.771,63.0,0.0,63.0,63.0,63.0,63.0,63.0,0.0
NO.772,63.0,0.0,63.0,63.0,63.0,63.0,63.0,0.0
NO.773,63.0,0.0,63.0,63.0,63.0,63.0,63.0,0.0
NO.774,63.0,0.0,63.0,63.0,63.0,63.0,63.0,0.0
NO.775,63.0,0.0,63.0,63.0,63.0,63.0,63.0,0.0
NO.776,63.0,0.0,63.0,63.0,63.0,63.0,63.0,0.0
NO.777,63.0,0.0,63.0,63.0,63.0,63.0,63.0,0.0
NO.778,63.0,0.0,63.0,63.0,63.0,63.0,63.0,0.0
NO.779,63.0,0.0,63.0,63.0,63.0,63.0,63.0,0.0
NO.780,63.0,0.0,63.0,63.0,63.0,63.0,63.0,0.0
NO.781,63.0,0.0,63.0,63.0,63.0,63.0,63.0,0.0
NO.782,63.0,0.0,63.0,63.0,63.0,63.0,63.0,0.0
NO.783,63.0,0.0,63.0,63.0,63.0,63.0,63.0,0.0
NO.784,63.0,0.0,63.0,63.0,63.0,63.0,63.0,0.0
NO.785,63.0,0.0,63.0,63.0,63.0,63.0,63.0,0.0
NO.786,63.0,0.0,63.0,63.0,63.0,63.0,63.0,0.0
NO.787,63.0,0.0,63.0,63.0,63.0,63.0,63.0,0.0
NO.788,63.0,0.0,63.0,63.0,63.0,63.0,63.0,0.0
NO.789,63.0,0.0,63.0,63.0,63.0,63.0,63.0,0.0
NO.790,63.0,0.0,63.0,63.0,63.0,63.0,63.0,0.0
NO.791,63.0,0.0,63.0,63.0,63.0,63.0,63.0,0.0
NO.792,63.0,0.0,63.0,63.0,63.0,63.0,63.0,0.0
NO.793,63.0,0.0,63.0,63.0,63.0,63.0,63.0,0.0
NO.794,63.0,0.0,63.0,63.0,63.0,63.0,63.0,0.0
NO.795,63.0,0.0,63.0,63.0,63.0,63.0,63.0,0.0
NO.796,63.0,0.0,63.0,63.0,63.0,63.0,63.0,0.0
NO.797,63.0,0.0,63.0,63.0,63.0,63.0,63.0,0.0
NO.798,63.0,0.0,63.0,63.0,63.0,63.0,63.0,0.0
NO.799,63.0,0.0,63.0,63.0,63.0,63.0,63.0,0.0
NO.800,63.0,0.0,63.0,63.0,63.0,63.0,63.0,0.0
NO.801,63.0,0.0,63.0,63.0,63.0,63.0,63.0,0.0
NO.802,63.0,0.0,63.0,63.0,63.0,63.0,63.0,0.0
NO.803,63.0,0.0,63.0,63.0,63.0,63.0,63.0,0.0
NO.804,63.0,0.0,63.0,63.0,63.0,63.0,63.0,0.0
NO.805,63.0,0.0,63.0,63.0,63.0,63.0,63.0,0.0
NO.806,63.0,0.0,63.0,63.0,63.0,63.0,63.0,0.0
NO.807,63.0,0.0,63.0,63.0,63.0,63.0,63.0,0.0
NO.808,63.0,0.0,63.0,63.0,63.0,63.0,63.0,0.0
NO.809,63.0,0.0,63.0,63.0,63.0,63.0,63.0,0.0
NO.810,63.0,0.0,63.0,63.0,63.0,63.0,63.0,0.0
NO.811,63.0,0.0,63.0,63.0,63.0,63.0,63.0,0.0
NO.812,63.0,0.0,63.0,63.0,63.0,63.0,63.0,0.0
NO.813,63.0,0.0,63.0,63.0,63.0,63.0,63.0,0.0
NO.814,63.0,0.0,63.0,63.0,63.0,63.0,63.0,0.0
NO.815,63.0,0.0,63.0,63.0,63.0,63.0,63.0,0.0
NO.816,63.0,0.0,63.0,63.0,63.0,63.0,63.0,0.0
NO.817,63.0,0.0,63.0,63.0,63.0,63.0,63.0,0.0
NO.818,63.0,0.0,63.0,63.0,63.0,63.0,63.0,0.0
NO.819,63.0,0.0,63.0,63.0,63.0,63.0,63.0,0.0
NO.820,63.0,0.0,63.0,63.0,63.0,63.0,63.0,0.0
NO.821,63.0,0.0,63.0,63.0,63.0,63.0,63.0,0.0
NO.822,63.0,0.0,63.0,63.0,63.0,63.0,63.0,0.0
NO.823,63.0,0.0,63.0,63.0,63.0,63.0,63.0,0.0
NO.824,63.0,0.0,63.0,63.0,63.0,63.0,63.0,0.0
NO.825,63.0,0.0,63.0,63.0,63.0,63.0,63.0,0.0
NO.826,62.0,1.0,62.0,62.0,62.0,62.0,62.0,1.0
NO.827,61.0,2.0,61.0,61.0,61.0,61.0,61.0,2.0
NO.828,61.0,2.0,61.0,61.0,61.0,61.0,61.0,2.0
NO.829,63.0,0.0,63.0,63.0,63.0,63.0,63.0,0.0
NO.830,63.0,0.0,63.0,63.0,63.0,63.0,63.0,0.0
NO.831,63.0,0.0,63.0,63.0,63.0,63.0,63.0,0.0
NO.832,63.0,0.0,63.0,63.0,63.0,63.0,63.0,0.0
NO.833,63.0,0.0,63.0,63.0,63.0,63.0,63.0,0.0
NO.834,63.0,0.0,63.0,63.0,63.0,63.0,63.0,0.0
NO.835,63.0,0.0,63.0,63.0,63.0,63.0,63.0,0.0
NO.836,63.0,0.0,63.0,63.0,63.0,63.0,63.0,0.0
NO.837,63.0,0.0,63.0,63.0,63.0,63.0,63.0,0.0
NO.838,63.0,0.0,63.0,63.0,63.0,63.0,63.0,0.0
NO.839,63.0,0.0,63.0,63.0,63.0,63.0,63.0,0.0
NO.840,63.0,0.0,63.0,63.0,63.0,63.0,63.0,0.0
NO.841,63.0,0.0,63.0,63.0,63.0,63.0,63.0,0.0
NO.842,63.0,0.0,63.0,63.0,63.0,63.0,63.0,0.0
NO.843,63.0,0.0,63.0,63.0,63.0,63.0,63.0,0.0
NO.844,63.0,0.0,63.0,63.0,63.0,63.0,63.0,0.0
NO.845,63.0,0.0,63.0,63.0,63.0,63.0,63.0,0.0
NO.846,63.0,0.0,63.0,63.0,63.0,63.0,63.0,0.0
NO.847,63.0,0.0,63.0,63.0,63.0,63.0,63.0,0.0
NO.848,63.0,0.0,63.0,63.0,63.0,63.0,63.0,0.0
NO.849,63.0,0.0,63.0,63.0,63.0,63.0,63.0,0.0
NO.850,63.0,0.0,63.0,63.0,63.0,63.0,63.0,0.0
NO.851,63.0,0.0,63.0,63.0,63.0,63.0,63.0,0.0
NO.852,63.0,0.0,63.0,63.0,63.0,63.0,63.0,0.0
NO.853,63.0,0.0,63.0,63.0,63.0,63.0,63.0,0.0
NO.854,63.0,0.0,63.0,63.0,63.0,63.0,63.0,0.0
NO.855,63.0,0.0,63.0,63.0,63.0,63.0,63.0,0.0
NO.856,63.0,0.0,63.0,63.0,63.0,63.0,63.0,0.0
NO.857,63.0,0.0,63.0,63.0,63.0,63.0,63.0,0.0
NO.858,63.0,0.0,63.0,63.0,63.0,63.0,63.0,0.0
NO.859,63.0,0.0,63.0,63.0,63.0,63.0,63.0,0.0
NO.860,63.0,0.0,63.0,63.0,63.0,63.0,63.0,0.0
NO.861,63.0,0.0,63.0,63.0,63.0,63.0,63.0,0.0
NO.862,63.0,0.0,63.0,63.0,63.0,63.0,63.0,0.0
NO.863,63.0,0.0,63.0,63.0,63.0,63.0,63.0,0.0
NO.864,63.0,0.0,63.0,63.0,63.0,63.0,63.0,0.0
NO.865,63.0,0.0,63.0,63.0,63.0,63.0,63.0,0.0
NO.866,63.0,0.0,63.0,63.0,63.0,63.0,63.0,0.0
NO.867,63.0,0.0,63.0,63.0,63.0,63.0,63.0,0.0
NO.868,63.0,0.0,63.0,63.0,63.0,63.0,63.0,0.0
NO.869,63.0,0.0,63.0,63.0,63.0,63.0,63.0,0.0
NO.870,63.0,0.0,63.0,63.0,63.0,63.0,63.0,0.0
NO.871,63.0,0.0,63.0,63.0,63.0,63.0,63.0,0.0
NO.872,63.0,0.0,63.0,63.0,63.0,63.0,63.0,0.0
NO.873,63.0,0.0,63.0,63.0,63.0,63.0,63.0,0.0
NO.874,63.0,0.0,63.0,63.0,63.0,63.0,63.0,0.0
NO.875,63.0,0.0,63.0,63.0,63.0,63.0,63.0,0.0
NO.876,63.0,0.0,63.0,63.0,63.0,63.0,63.0,0.0
NO.877,63.0,0.0,63.0,63.0,63.0,63.0,63.0,0.0
NO.878,63.0,0.0,63.0,63.0,63.0,63.0,63.0,0.0
NO.879,63.0,0.0,63.0,63.0,63.0,63.0,63.0,0.0
NO.880,63.0,0.0,63.0,63.0,63.0,63.0,63.0,0.0
NO.881,63.0,0.0,63.0,63.0,63.0,63.0,63.0,0.0
NO.882,63.0,0.0,63.0,63.0,63.0,63.0,63.0,0.0
NO.883,63.0,0.0,63.0,63.0,63.0,63.0,63.0,0.0
NO.884,63.0,0.0,63.0,63.0,63.0,63.0,63.0,0.0
NO.885,63.0,0.0,63.0,63.0,63.0,63.0,63.0,0.0
NO.886,63.0,0.0,63.0,63.0,63.0,63.0,63.0,0.0
NO.887,63.0,0.0,63.0,63.0,63.0,63.0,63.0,0.0
NO.888,63.0,0.0,63.0,63.0,63.0,63.0,63.0,0.0
NO.889,63.0,0.0,63.0,63.0,63.0,63.0,63.0,0.0
NO.890,63.0,0.0,63.0,63.0,63.0,63.0,63.0,0.0
NO.891,63.0,0.0,63.0,63.0,63.0,63.0,63.0,0.0
NO.892,63.0,0.0,63.0,63.0,63.0,63.0,63.0,0.0
NO.893,63.0,0.0,63.0,63.0,63.0,63.0,63.0,0.0
NO.894,63.0,0.0,63.0,63.0,63.0,63.0,63.0,0.0
NO.895,63.0,0.0,63.0,63.0,63.0,63.0,63.0,0.0
NO.896,63.0,0.0,63.0,63.0,63.0,63.0,63.0,0.0
NO.897,63.0,0.0,63.0,63.0,63.0,63.0,63.0,0.0
NO.898,58.0,5.0,58.0,58.0,58.0,58.0,58.0,5.0
NO.899,58.0,5.0,58.0,58.0,58.0,58.0,58.0,5.0
NO.900,63.0,0.0,63.0,63.0,63.0,63.0,63.0,0.0
NO.901,63.0,0.0,63.0,63.0,63.0,63.0,63.0,0.0
NO.902,63.0,0.0,63.0,63.0,63.0,63.0,63.0,0.0
NO.903,63.0,0.0,63.0,63.0,63.0,63.0,63.0,0.0
NO.904,63.0,0.0,63.0,63.0,63.0,63.0,63.0,0.0
NO.905,63.0,0.0,63.0,63.0,63.0,63.0,63.0,0.0
NO.906,63.0,0.0,63.0,63.0,63.0,63.0,63.0,0.0
NO.907,63.0,0.0,63.0,63.0,63.0,63.0,63.0,0.0
NO.908,63.0,0.0,63.0,63.0,63.0,63.0,63.0,0.0
NO.909,63.0,0.0,63.0,63.0,63.0,63.0,63.0,0.0
NO.910,63.0,0.0,63.0,63.0,63.0,63.0,63.0,0.0
NO.911,63.0,0.0,63.0,63.0,63.0,63.0,63.0,0.0
NO.912,63.0,0.0,63.0,63.0,63.0,63.0,63.0,0.0
NO.913,63.0,0.0,63.0,63.0,63.0,63.0,63.0,0.0
NO.914,63.0,0.0,63.0,63.0,63.0,63.0,63.0,0.0
NO.915,63.0,0.0,63.0,63.0,63.0,63.0,63.0,0.0
NO.916,63.0,0.0,63.0,63.0,63.0,63.0,63.0,0.0
NO.917,63.0,0.0,63.0,63.0,63.0,63.0,63.0,0.0
NO.918,63.0,0.0,63.0,63.0,63.0,63.0,63.0,0.0
NO.919,63.0,0.0,63.0,63.0,63.0,63.0,63.0,0.0
NO.920,63.0,0.0,63.0,63.0,63.0,63.0,63.0,0.0
NO.921,63.0,0.0,63.0,63.0,63.0,63.0,63.0,0.0
NO.922,63.0,0.0,63.0,63.0,63.0,63.0,63.0,0.0
NO.923,63.0,0.0,63.0,63.0,63.0,63.0,63.0,0.0
NO.924,63.0,0.0,63.0,63.0,63.0,63.0,63.0,0.0
NO.925,63.0,0.0,63.0,63.0,63.0,63.0,63.0,0.0
NO.926,63.0,0.0,63.0,63.0,63.0,63.0,63.0,0.0
NO.927,63.0,0.0,63.0,63.0,63.0,63.0,63.0,0.0
NO.928,63.0,0.0,63.0,63.0,63.0,63.0,63.0,0.0
NO.929,63.0,0.0,63.0,63.0,63.0,63.0,63.0,0.0
NO.930,63.0,0.0,63.0,63.0,63.0,63.0,63.0,0.0
NO.931,63.0,0.0,63.0,63.0,63.0,63.0,63.0,0.0
NO.932,63.0,0.0,63.0,63.0,63.0,63.0,63.0,0.0
NO.933,63.0,0.0,63.0,63.0,63.0,63.0,63.0,0.0
NO.934,63.0,0.0,63.0,63.0,63.0,63.0,63.0,0.0
NO.935,63.0,0.0,63.0,63.0,63.0,63.0,63.0,0.0
NO.936,63.0,0.0,63.0,63.0,63.0,63.0,63.0,0.0
NO.937,63.0,0.0,63.0,63.0,63.0,63.0,63.0,0.0
NO.938,63.0,0.0,63.0,63.0,63.0,63.0,63.0,0.0
NO.939,63.0,0.0,63.0,63.0,63.0,63.0,63.0,0.0
NO.940,63.0,0.0,63.0,63.0,63.0,63.0,63.0,0.0
NO.941,63.0,0.0,63.0,63.0,63.0,63.0,63.0,0.0
NO.942,63.0,0.0,63.0,63.0,63.0,63.0,63.0,0.0
NO.943,63.0,0.0,63.0,63.0,63.0,63.0,63.0,0.0
NO.944,63.0,0.0,63.0,63.0,63.0,63.0,63.0,0.0
NO.945,63.0,0.0,63.0,63.0,63.0,63.0,63.0,0.0
NO.946,63.0,0.0,63.0,63.0,63.0,63.0,63.0,0.0
NO.947,63.0,0.0,63.0,63.0,63.0,63.0,63.0,0.0
NO.948,63.0,0.0,63.0,63.0,63.0,63.0,63.0,0.0
NO.949,63.0,0.0,63.0,63.0,63.0,63.0,63.0,0.0
NO.950,63.0,0.0,63.0,63.0,63.0,63.0,63.0,0.0
NO.951,63.0,0.0,63.0,63.0,63.0,63.0,63.0,0.0
NO.952,63.0,0.0,63.0,63.0,63.0,63.0,63.0,0.0
NO.953,63.0,0.0,63.0,63.0,63.0,63.0,63.0,0.0
NO.954,63.0,0.0,63.0,63.0,63.0,63.0,63.0,0.0
NO.955,63.0,0.0,63.0,63.0,63.0,63.0,63.0,0.0
NO.956,63.0,0.0,63.0,63.0,63.0,63.0,63.0,0.0
NO.957,63.0,0.0,63.0,63.0,63.0,63.0,63.0,0.0
NO.958,63.0,0.0,63.0,63.0,63.0,63.0,63.0,0.0
NO.959,63.0,0.0,63.0,63.0,63.0,63.0,63.0,0.0
NO.960,63.0,0.0,63.0,63.0,63.0,63.0,63.0,0.0
NO.961,63.0,0.0,63.0,63.0,63.0,63.0,63.0,0.0
NO.962,63.0,0.0,63.0,63.0,63.0,63.0,63.0,0.0
NO.963,63.0,0.0,63.0,63.0,63.0,63.0,63.0,0.0
NO.964,63.0,0.0,63.0,63.0,63.0,63.0,63.0,0.0
NO.965,63.0,0.0,63.0,63.0,63.0,63.0,63.0,0.0
NO.966,63.0,0.0,63.0,63.0,63.0,63.0,63.0,0.0
NO.967,63.0,0.0,63.0,63.0,63.0,63.0,63.0,0.0
NO.968,63.0,0.0,63.0,63.0,63.0,63.0,63.0,0.0
NO.969,63.0,0.0,63.0,63.0,63.0,63.0,63.0,0.0
NO.970,63.0,0.0,63.0,63.0,63.0,63.0,63.0,0.0
NO.971,63.0,0.0,63.0,63.0,63.0,63.0,63.0,0.0
NO.972,63.0,0.0,63.0,63.0,63.0,63.0,63.0,0.0
NO.973,63.0,0.0,63.0,63.0,63.0,63.0,63.0,0.0
NO.974,63.0,0.0,63.0,63.0,63.0,63.0,63.0,0.0
NO.975,63.0,0.0,63.0,63.0,63.0,63.0,63.0,0.0
NO.976,63.0,0.0,63.0,63.0,63.0,63.0,63.0,0.0
NO.977,63.0,0.0,63.0,63.0,63.0,63.0,63.0,0.0
NO.978,63.0,0.0,63.0,63.0,63.0,63.0,63.0,0.0
NO.979,63.0,0.0,63.0,63.0,63.0,63.0,63.0,0.0
NO.980,63.0,0.0,63.0,63.0,63.0,63.0,63.0,0.0
NO.981,63.0,0.0,63.0,63.0,63.0,63.0,63.0,0.0
NO.982,63.0,0.0,63.0,63.0,63.0,63.0,63.0,0.0
NO.983,63.0,0.0,63.0,63.0,63.0,63.0,63.0,0.0
NO.984,63.0,0.0,63.0,63.0,63.0,63.0,63.0,0.0
NO.985,63.0,0.0,63.0,63.0,63.0,63.0,63.0,0.0
NO.986,63.0,0.0,63.0,63.0,63.0,63.0,63.0,0.0
NO.987,63.0,0.0,63.0,63.0,63.0,63.0,63.0,0.0
NO.988,63.0,0.0,63.0,63.0,63.0,63.0,63.0,0.0
NO.989,63.0,0.0,63.0,63.0,63.0,63.0,63.0,0.0
NO.990,63.0,0.0,63.0,63.0,63.0,63.0,63.0,0.0
NO.991,63.0,0.0,63.0,63.0,63.0,63.0,63.0,0.0
NO.992,63.0,0.0,63.0,63.0,63.0,63.0,63.0,0.0
NO.993,63.0,0.0,63.0,63.0,63.0,63.0,63.0,0.0
NO.994,63.0,0.0,63.0,63.0,63.0,63.0,63.0,0.0
NO.995,63.0,0.0,63.0,63.0,63.0,63.0,63.0,0.0
NO.996,63.0,0.0,63.0,63.0,63.0,63.0,63.0,0.0
NO.997,63.0,0.0,63.0,63.0,63.0,63.0,63.0,0.0
NO.998,63.0,0.0,63.0,63.0,63.0,63.0,63.0,0.0
NO.999,63.0,0.0,63.0,63.0,63.0,63.0,63.0,0.0
NO.1000,63.0,0.0,63.0,63.0,63.0,63.0,63.0,0.0
NO.1001,63.0,0.0,63.0,63.0,63.0,63.0,63.0,0.0
NO.1002,63.0,0.0,63.0,63.0,63.0,63.0,63.0,0.0
NO.1003,63.0,0.0,63.0,63.0,63.0,63.0,63.0,0.0
NO.1004,63.0,0.0,63.0,63.0,63.0,63.0,63.0,0.0
